Rk,Player,Nation,Pos,Squad,Comp,Age,Born,MP,Starts,Min,90s,Gls,Ast,G+A,G-PK,PK,PKatt,CrdY,CrdR,Gls,Ast,G+A,G-PK,G+A-PK,Matches,-9999
1,Brenden Aaronson,us USA,MFFW,Leeds United,eng Premier League,24,2000,37,30,2449,27.2,4,5,9,4,0,0,3,0,0.15,0.18,0.33,0.15,0.33,Matches,5bc43860
2,Jerome Abbey,eng ENG,MF,Wolves,eng Premier League,15,2009,1,0,17,0.2,0,0,0,0,0,0,0,0,0.00,0.00,0.00,0.00,0.00,Matches,4f504fcc
3,Zach Abbott,eng ENG,DF,Nottingham,eng Premier League,19,2006,3,2,164,1.8,0,0,0,0,0,0,0,0,0.00,0.00,0.00,0.00,0.00,Matches,c103921a
4,Jones El-Abdellaoui,ma MAR,MFFW,Celta Vigo,es La Liga,19,2006,22,4,681,7.6,2,0,2,2,0,0,0,0,0.26,0.00,0.26,0.26,0.26,Matches,29dd3b2e
5,Himad Abdelli,dz ALG,MF,Marseille,fr Ligue 1,25,1999,8,1,138,1.5,0,0,0,0,0,0,1,0,0.00,0.00,0.00,0.00,0.00,Matches,7978cbf0
6,Himad Abdelli,dz ALG,MF,Angers,fr Ligue 1,25,1999,13,11,943,10.5,2,0,2,0,2,2,1,0,0.19,0.00,0.19,0.00,0.00,Matches,7978cbf0
7,Ali Abdi,tn TUN,MFDF,Nice,fr Ligue 1,31,1993,22,13,1187,13.2,3,0,3,3,0,0,4,1,0.23,0.00,0.23,0.23,0.23,Matches,ad7cdb35
8,Salis Abdul Samed,gh GHA,MF,Nice,fr Ligue 1,25,2000,18,12,911,10.1,0,0,0,0,0,0,3,0,0.00,0.00,0.00,0.00,0.00,Matches,82464ce3
9,Saud Abdulhamid,sa KSA,MF,Lens,fr Ligue 1,26,1999,25,14,1352,15.0,2,4,6,2,0,0,4,1,0.13,0.27,0.40,0.13,0.40,Matches,caa254e4
10,Tay Abed,il ISR,MF,Levante,es La Liga,21,2004,7,0,93,1.0,0,0,0,0,0,0,0,0,0.00,0.00,0.00,0.00,0.00,Matches,88824111
11,Laurent Abergel,fr FRA,MF,Lorient,fr Ligue 1,32,1993,28,27,2318,25.8,1,0,1,1,0,0,7,0,0.04,0.00,0.04,0.04,0.04,Matches,31626657
12,Matthis Abline,fr FRA,FWMF,Nantes,fr Ligue 1,22,2003,32,27,2494,27.7,6,4,10,6,0,1,6,0,0.22,0.14,0.36,0.22,0.36,Matches,0e46fa2f
13,Abner,br BRA,DFMF,Lyon,fr Ligue 1,25,2000,26,25,2150,23.9,3,2,5,3,0,0,4,1,0.13,0.08,0.21,0.13,0.21,Matches,7f9c5d2d
14,Zakaria Aboukhlal,ma MAR,MF,Torino,it Serie A,25,2000,15,6,511,5.7,0,0,0,0,0,0,4,0,0.00,0.00,0.00,0.00,0.00,Matches,c2a6033c
15,Abdel Abqar,ma MAR,DF,Getafe,es La Liga,26,1999,23,17,1437,16.0,0,2,2,0,0,0,10,1,0.00,0.13,0.13,0.00,0.13,Matches,2bc7f211
16,Tammy Abraham,eng ENG,FW,Aston Villa,eng Premier League,27,1997,12,2,286,3.2,2,0,2,2,0,0,0,0,0.63,0.00,0.63,0.63,0.63,Matches,f586779e
17,Francis Abu,gh GHA,MF,Toulouse,fr Ligue 1,24,2001,8,7,526,5.8,0,0,0,0,0,0,2,0,0.00,0.00,0.00,0.00,0.00,Matches,66fb354d
18,Giorgi Abuashvili,ge GEO,MFFW,Metz,fr Ligue 1,22,2003,23,6,698,7.8,2,0,2,2,0,0,1,0,0.26,0.00,0.26,0.26,0.26,Matches,12c3fbb1
19,Mathieu Acapandié,mg MAD,DFMF,Nantes,fr Ligue 1,20,2004,6,2,261,2.9,0,0,0,0,0,0,0,0,0.00,0.00,0.00,0.00,0.00,Matches,a9f236d0
20,Francesco Acerbi,it ITA,DF,Inter,it Serie A,37,1988,18,15,1378,15.3,0,1,1,0,0,0,3,0,0.00,0.07,0.07,0.00,0.07,Matches,b96b595c
21,Ragnar Ache,de GER,FW,Köln,de Bundesliga,27,1998,29,18,1718,19.1,7,4,11,7,0,0,3,0,0.37,0.21,0.58,0.37,0.58,Matches,dc38e3bc
22,Joshua Acheampong,eng ENG,DF,Chelsea,eng Premier League,19,2006,17,8,666,7.4,1,0,1,1,0,0,1,0,0.14,0.00,0.14,0.14,0.14,Matches,b7e62e1d
23,Akor Adams,ng NGA,FW,Sevilla,es La Liga,25,2000,32,21,2064,22.9,10,3,13,7,3,3,3,0,0.44,0.13,0.57,0.31,0.44,Matches,2ccd39ed
24,Ché Adams,sct SCO,FW,Torino,it Serie A,29,1996,33,19,1893,21.0,6,2,8,6,0,0,0,0,0.29,0.10,0.38,0.29,0.38,Matches,f2bf1b0f
25,Tyler Adams,us USA,MF,Bournemouth,eng Premier League,26,1999,25,21,1772,19.7,2,2,4,2,0,0,8,0,0.10,0.10,0.20,0.10,0.20,Matches,2b09d998
26,Junior Adamu,at AUT,FW,Freiburg,de Bundesliga,24,2001,9,7,446,5.0,1,1,2,1,0,0,1,0,0.20,0.20,0.40,0.20,0.40,Matches,82e12fe7
27,Tosin Adarabioyo,eng ENG,DF,Chelsea,eng Premier League,27,1997,16,8,795,8.8,0,0,0,0,0,0,2,0,0.00,0.00,0.00,0.00,0.00,Matches,c81d773d
28,Jayden Addai,nl NED,MF,Como,it Serie A,19,2005,12,7,686,7.6,3,0,3,3,0,0,4,0,0.39,0.00,0.39,0.39,0.39,Matches,662ffe3d
29,Karim Adeyemi,de GER,MFFW,Dortmund,de Bundesliga,23,2002,28,15,1195,13.3,7,4,11,7,0,0,5,0,0.53,0.30,0.83,0.53,0.83,Matches,501055d8
30,Simon Adingra,ci CIV,MFFW,Sunderland,eng Premier League,23,2002,14,9,653,7.3,1,0,1,1,0,0,2,0,0.14,0.00,0.14,0.14,0.14,Matches,4dcec659
31,Simon Adingra,ci CIV,MFFW,Monaco,fr Ligue 1,23,2002,14,10,855,9.5,3,2,5,3,0,0,0,0,0.32,0.21,0.53,0.32,0.53,Matches,4dcec659
32,Nathaniel Adjei,gh GHA,DF,Lorient,fr Ligue 1,22,2002,15,9,835,9.3,0,0,0,0,0,0,0,0,0.00,0.00,0.00,0.00,0.00,Matches,c55de1f5
33,Jonas Adjetey,gh GHA,DF,Wolfsburg,de Bundesliga,21,2003,4,1,137,1.5,0,0,0,0,0,0,1,0,0.00,0.00,0.00,0.00,0.00,Matches,bdbf78cd
34,Amine Adli,ma MAR,MF,Bournemouth,eng Premier League,25,2000,31,10,1094,12.2,3,1,4,3,0,0,2,0,0.25,0.08,0.33,0.25,0.33,Matches,dcfb17f4
35,Adrián,es ESP,GK,Real Betis,es La Liga,38,1987,1,1,90,1.0,0,0,0,0,0,0,0,0,0.00,0.00,0.00,0.00,0.00,Matches,f76e6b4e
36,Vasilije Adžić,me MNE,MF,Juventus,it Serie A,19,2006,10,1,171,1.9,1,0,1,1,0,0,0,0,0.53,0.00,0.53,0.53,0.53,Matches,8b0f9fb8
37,Michel Aebischer,ch SUI,MF,Pisa,it Serie A,28,1997,35,33,2892,32.1,1,2,3,1,0,0,8,0,0.03,0.06,0.09,0.03,0.09,Matches,f9c927de
38,David Affengruber,at AUT,DF,Elche,es La Liga,24,2001,36,33,2949,32.8,1,1,2,1,0,0,7,1,0.03,0.03,0.06,0.03,0.06,Matches,4b00cd47
39,Dapo Afolayan,eng ENG,MF,St Pauli,de Bundesliga,27,1997,7,1,150,1.7,0,0,0,0,0,0,1,0,0.00,0.00,0.00,0.00,0.00,Matches,5054c359
40,Emmanuel Agbadou,ci CIV,DF,Wolves,eng Premier League,28,1997,14,12,1101,12.2,0,0,0,0,0,0,1,1,0.00,0.00,0.00,0.00,0.00,Matches,75f1ed80
41,Julen Agirrezabala,es ESP,GK,Valencia,es La Liga,24,2000,18,18,1620,18.0,0,0,0,0,0,0,1,0,0.00,0.00,0.00,0.00,0.00,Matches,a2c1a8d3
42,Lucien Agoume,fr FRA,MF,Sevilla,es La Liga,23,2002,34,31,2686,29.8,1,3,4,1,0,0,12,0,0.03,0.10,0.13,0.03,0.13,Matches,8bc8829a
43,Felix Agu,ng NGA,DFMF,Werder Bremen,de Bundesliga,25,1999,11,9,744,8.3,0,0,0,0,0,0,1,0,0.00,0.00,0.00,0.00,0.00,Matches,cb6d81b3
44,Diego Aguado,es ESP,DF,Real Madrid,es La Liga,18,2007,1,0,30,0.3,0,0,0,0,0,0,0,0,0.00,0.00,0.00,0.00,0.00,Matches,2b16b2f5
45,Marc Aguado,es ESP,MF,Elche,es La Liga,25,2000,35,30,2500,27.8,1,2,3,1,0,0,3,0,0.04,0.07,0.11,0.04,0.11,Matches,5a705641
46,Pablo Agudín,es ESP,MF,Oviedo,es La Liga,17,2007,7,0,90,1.0,0,0,0,0,0,0,0,0,0.00,0.00,0.00,0.00,0.00,Matches,291b4b43
47,Nayef Aguerd,ma MAR,DF,Marseille,fr Ligue 1,29,1996,16,16,1396,15.5,1,0,1,1,0,0,4,0,0.06,0.00,0.06,0.06,0.06,Matches,288e1e13
48,Nayef Aguerd,ma MAR,DF,West Ham,eng Premier League,29,1996,2,2,180,2.0,0,0,0,0,0,0,0,0,0.00,0.00,0.00,0.00,0.00,Matches,288e1e13
49,Ruben Aguilar,fr FRA,MF,Lens,fr Ligue 1,32,1993,26,20,1720,19.1,2,2,4,2,0,0,6,1,0.10,0.10,0.21,0.10,0.21,Matches,3dd738a1
50,Ibai Aguirre,es ESP,MF,Real Sociedad,es La Liga,18,2007,1,0,6,0.1,0,0,0,0,0,0,0,0,0.00,0.00,0.00,0.00,0.00,Matches,b54895ce
51,Naouirou Ahamada,fr FRA,MF,Auxerre,fr Ligue 1,23,2002,15,8,682,7.6,0,1,1,0,0,0,0,0,0.00,0.13,0.13,0.00,0.13,Matches,a6c58494
52,Honest Ahanor,it ITA,DF,Atalanta,it Serie A,17,2008,22,15,1377,15.3,0,0,0,0,0,0,2,1,0.00,0.00,0.00,0.00,0.00,Matches,42ff58c3
53,Lucas Ahijado,es ESP,DF,Oviedo,es La Liga,30,1995,20,11,1098,12.2,0,1,1,0,0,0,3,0,0.00,0.08,0.08,0.00,0.08,Matches,7244b474
54,Joseph Aidoo,gh GHA,DF,Celta Vigo,es La Liga,29,1995,8,7,639,7.1,0,0,0,0,0,0,0,0,0.00,0.00,0.00,0.00,0.00,Matches,18abe173
55,Ola Aina,ng NGA,DF,Nottingham,eng Premier League,28,1996,18,18,1588,17.6,0,0,0,0,0,0,3,0,0.00,0.00,0.00,0.00,0.00,Matches,246d153b
56,Abdelhamid Ait Boudlal,ma MAR,DF,Rennes,fr Ligue 1,19,2006,20,17,1403,15.6,2,1,3,2,0,0,3,1,0.13,0.06,0.19,0.13,0.19,Matches,6cd15657
57,Rayan Aït-Nouri,dz ALG,DF,Manchester City,eng Premier League,24,2001,17,12,974,10.8,0,2,2,0,0,0,2,0,0.00,0.18,0.18,0.00,0.18,Matches,9b398aea
58,Tosin Aiyegun,bj BEN,FWMF,Lorient,fr Ligue 1,27,1998,27,11,1073,11.9,5,0,5,5,0,1,1,0,0.42,0.00,0.42,0.42,0.42,Matches,9c4f39b3
59,Junior Ajayi,ci CIV,FW,Hellas Verona,it Serie A,20,2004,1,0,1,0.0,0,0,0,0,0,0,0,0,0.00,0.00,0.00,0.00,0.00,Matches,cab600a8
60,Kristoffer Ajer,no NOR,DF,Brentford,eng Premier League,27,1998,27,20,1810,20.1,0,1,1,0,0,0,4,0,0.00,0.05,0.05,0.00,0.05,Matches,a8c0acb7
61,Ludovic Ajorque,fr FRA,FW,Brest,fr Ligue 1,31,1994,32,32,2820,31.3,8,9,17,8,0,0,9,1,0.26,0.29,0.54,0.26,0.54,Matches,462475ed
62,Manuel Akanji,ch SUI,DF,Inter,it Serie A,30,1995,33,31,2821,31.3,2,0,2,2,0,0,4,0,0.06,0.00,0.06,0.06,0.06,Matches,89ac64a6
63,Nathan Aké,nl NED,DF,Manchester City,eng Premier League,30,1995,18,6,695,7.7,0,0,0,0,0,0,1,0,0.00,0.00,0.00,0.00,0.00,Matches,eaeca114
64,Ilias Akhomach,ma MAR,MF,Villarreal,es La Liga,21,2004,9,2,188,2.1,0,0,0,0,0,0,0,0,0.00,0.00,0.00,0.00,0.00,Matches,b8bd60fe
65,Ilias Akhomach,ma MAR,MFFW,Rayo Vallecano,es La Liga,21,2004,11,7,709,7.9,0,1,1,0,0,0,2,0,0.00,0.13,0.13,0.00,0.13,Matches,b8bd60fe
66,Ebenezer Akinsanmiro,ng NGA,MF,Pisa,it Serie A,20,2004,24,16,1444,16.0,0,1,1,0,0,0,2,0,0.00,0.06,0.06,0.00,0.06,Matches,3ad34015
67,Maghnes Akliouche,fr FRA,MFFW,Monaco,fr Ligue 1,23,2002,31,28,2400,26.7,6,6,12,6,0,0,3,0,0.23,0.23,0.45,0.23,0.45,Matches,b625b241
68,Clément Akpa,ci CIV,DF,Auxerre,fr Ligue 1,23,2001,26,21,1944,21.6,0,0,0,0,0,0,4,1,0.00,0.00,0.00,0.00,0.00,Matches,0abb5072
69,Jean-Daniel Akpa-Akpro,ci CIV,MF,Hellas Verona,it Serie A,32,1992,22,17,1504,16.7,1,0,1,1,0,0,9,0,0.06,0.00,0.06,0.06,0.06,Matches,fdf4b948
70,Kevin Akpoguma,ng NGA,DF,Hoffenheim,de Bundesliga,30,1995,8,1,61,0.7,0,0,0,0,0,0,0,1,0.00,0.00,0.00,0.00,0.00,Matches,6ec6fde0
71,Al-Musrati,ly LBY,MF,Hellas Verona,it Serie A,29,1996,18,8,844,9.4,0,1,1,0,0,0,6,1,0.00,0.11,0.11,0.00,0.11,Matches,cd6a1a59
72,David Alaba,at AUT,DF,Real Madrid,es La Liga,33,1992,11,5,424,4.7,0,0,0,0,0,0,1,0,0.00,0.00,0.00,0.00,0.00,Matches,05439de2
73,Agustín Albarracín,uy URU,FW,Cagliari,it Serie A,19,2005,2,0,33,0.4,0,0,0,0,0,0,0,0,0.00,0.00,0.00,0.00,0.00,Matches,54d8e26a
74,Mathis Albert,us USA,FW,Dortmund,de Bundesliga,16,2009,1,0,2,0.0,0,0,0,0,0,0,0,0,0.00,0.00,0.00,0.00,0.00,Matches,c8d67380
75,Raúl Albiol,es ESP,DF,Pisa,it Serie A,39,1985,8,5,500,5.6,0,1,1,0,0,0,1,0,0.00,0.18,0.18,0.00,0.18,Matches,4bd414c1
76,Carlos Alcaraz,ar ARG,MF,Everton,eng Premier League,22,2002,20,6,689,7.7,0,1,1,0,0,0,4,0,0.00,0.13,0.13,0.00,0.13,Matches,4abac767
77,Omar Alderete,py PAR,DF,Sunderland,eng Premier League,28,1996,33,32,2798,31.1,1,1,2,1,0,0,6,0,0.03,0.03,0.06,0.03,0.06,Matches,bb08bce9
78,Alexandre Alemão,br BRA,FW,Rayo Vallecano,es La Liga,27,1998,26,11,1136,12.6,4,0,4,4,0,0,3,0,0.32,0.00,0.32,0.32,0.32,Matches,3ed2a79b
79,Carles Aleñá,es ESP,MF,Alavés,es La Liga,27,1998,34,23,1989,22.1,0,4,4,0,0,0,5,0,0.00,0.18,0.18,0.00,0.18,Matches,6c811eb7
80,Trent Alexander-Arnold,eng ENG,DF,Real Madrid,es La Liga,26,1998,21,14,1163,12.9,0,4,4,0,0,0,4,0,0.00,0.31,0.31,0.00,0.31,Matches,cd1acf9d
81,Alfon,es ESP,MF,Villarreal,es La Liga,26,1999,10,3,333,3.7,1,0,1,1,0,0,0,0,0.27,0.00,0.27,0.27,0.27,Matches,1c772b46
82,Alfon,es ESP,MF,Sevilla,es La Liga,26,1999,10,4,312,3.5,1,0,1,1,0,0,0,0,0.29,0.00,0.29,0.29,0.29,Matches,1c772b46
83,Mohamed Ali Cho,fr FRA,FWMF,Nice,fr Ligue 1,21,2004,24,20,1667,18.5,4,3,7,4,0,0,1,0,0.22,0.16,0.38,0.22,0.38,Matches,f8405304
84,Alisson,br BRA,GK,Liverpool,eng Premier League,32,1992,26,26,2340,26.0,0,0,0,0,0,0,1,0,0.00,0.00,0.00,0.00,0.00,Matches,7a2e46a8
85,Jim Allevinah,ga GAB,MF,Angers,fr Ligue 1,30,1995,6,0,133,1.5,1,0,1,1,0,0,0,0,0.68,0.00,0.68,0.68,0.68,Matches,1956b948
86,Max Alleyne,eng ENG,DF,Manchester City,eng Premier League,20,2005,2,2,135,1.5,0,0,0,0,0,0,0,0,0.00,0.00,0.00,0.00,0.00,Matches,defcfd32
87,Thiago Almada,ar ARG,MFFW,Atlético Madrid,es La Liga,24,2001,27,16,1311,14.6,3,1,4,3,0,0,2,1,0.21,0.07,0.27,0.21,0.27,Matches,27f33438
88,André Almeida,pt POR,MF,Valencia,es La Liga,25,2000,22,11,1017,11.3,0,2,2,0,0,0,0,0,0.00,0.18,0.18,0.00,0.18,Matches,e6697917
89,Pontus Almqvist,se SWE,MF,Parma,it Serie A,26,1999,13,4,457,5.1,0,1,1,0,0,0,0,0,0.00,0.20,0.20,0.00,0.20,Matches,0917188a
90,Marcos Alonso,es ESP,DF,Celta Vigo,es La Liga,34,1990,32,31,2768,30.8,1,0,1,0,1,1,5,0,0.03,0.00,0.03,0.00,0.00,Matches,f4290206
91,Adrià Altimira,es ESP,DFMF,Villarreal,es La Liga,24,2001,1,0,9,0.1,0,0,0,0,0,0,0,0,0.00,0.00,0.00,0.00,0.00,Matches,757a3431
92,Sergi Altimira,es ESP,MF,Real Betis,es La Liga,23,2001,24,13,1186,13.2,1,2,3,1,0,0,3,0,0.08,0.15,0.23,0.08,0.23,Matches,94acdd4e
93,Carlos Álvarez,es ESP,MF,Levante,es La Liga,21,2003,30,23,1890,21.0,3,1,4,3,0,0,3,0,0.14,0.05,0.19,0.14,0.19,Matches,56bcaaa0
94,Hugo Álvarez,es ESP,FWMF,Celta Vigo,es La Liga,22,2003,28,15,1340,14.9,4,2,6,4,0,0,2,0,0.27,0.13,0.40,0.27,0.40,Matches,6f392eb8
95,Julián Álvarez,ar ARG,FW,Atlético Madrid,es La Liga,25,2000,29,22,1895,21.1,8,4,12,6,2,3,2,0,0.38,0.19,0.57,0.28,0.47,Matches,15ab5a2b
96,Yeray Álvarez,es ESP,DF,Athletic Club,es La Liga,30,1995,7,6,513,5.7,0,0,0,0,0,0,0,0,0.00,0.00,0.00,0.00,0.00,Matches,3ecc11d8
97,Skelly Alvero,fr FRA,MF,Werder Bremen,de Bundesliga,23,2002,2,0,34,0.4,0,0,0,0,0,0,0,0,0.00,0.00,0.00,0.00,0.00,Matches,add37c13
98,Alysson,br BRA,MF,Aston Villa,eng Premier League,19,2006,3,0,49,0.5,0,0,0,0,0,0,0,0,0.00,0.00,0.00,0.00,0.00,Matches,99b63a82
99,Ayoube Amaimouni,ma MAR,MFFW,Frankfurt,de Bundesliga,20,2004,17,6,586,6.5,2,3,5,2,0,0,1,0,0.31,0.46,0.77,0.31,0.77,Matches,c5a07a5e
100,Jaydon Amauri Banel,nl NED,FWMF,Burnley,eng Premier League,20,2004,1,0,10,0.1,0,0,0,0,0,0,0,0,0.00,0.00,0.00,0.00,0.00,Matches,98e0d76c
101,Giuseppe Ambrosino,it ITA,FW,Napoli,it Serie A,21,2003,3,0,38,0.4,0,0,0,0,0,0,0,0,0.00,0.00,0.00,0.00,0.00,Matches,282947c7
102,Zeki Amdouni,ch SUI,FWMF,Burnley,eng Premier League,24,2000,4,0,73,0.8,0,0,0,0,0,0,0,0,0.00,0.00,0.00,0.00,0.00,Matches,2ee5b0c9
103,Aurèle Amenda,ch SUI,DF,Frankfurt,de Bundesliga,22,2003,24,18,1678,18.6,0,0,0,0,0,0,5,0,0.00,0.00,0.00,0.00,0.00,Matches,1227a22d
104,Kelvin Amian,fr FRA,DF,Nantes,fr Ligue 1,27,1998,23,22,1961,21.8,0,1,1,0,0,0,3,0,0.00,0.05,0.05,0.00,0.05,Matches,bcc81786
105,Michael Amir Murillo,pa PAN,DFMF,Marseille,fr Ligue 1,29,1996,16,11,989,11.0,2,1,3,2,0,0,4,0,0.18,0.09,0.27,0.18,0.27,Matches,349cae8f
106,Nadiem Amiri,de GER,MF,Mainz 05,de Bundesliga,28,1996,26,24,2083,23.1,12,2,14,4,8,8,6,0,0.52,0.09,0.60,0.17,0.26,Matches,555d5edd
107,Samuel Amo-Ameyaw,eng ENG,MFDF,Strasbourg,fr Ligue 1,19,2006,25,9,1047,11.6,2,2,4,2,0,0,2,0,0.17,0.17,0.34,0.17,0.34,Matches,9eedf0e0
108,Amorim,br BRA,MF,Genoa,it Serie A,20,2005,11,6,552,6.1,0,0,0,0,0,0,1,0,0.00,0.00,0.00,0.00,0.00,Matches,87c4d798
109,Mathis Amougou,fr FRA,MF,Strasbourg,fr Ligue 1,19,2006,12,4,409,4.5,0,0,0,0,0,0,1,0,0.00,0.00,0.00,0.00,0.00,Matches,f93cca97
110,Mohamed Amoura,dz ALG,FWMF,Wolfsburg,de Bundesliga,25,2000,30,23,1919,21.3,8,3,11,7,1,1,2,0,0.38,0.14,0.52,0.33,0.47,Matches,6597f8b6
111,Ethan Ampadu,wls WAL,MF,Leeds United,eng Premier League,24,2000,35,35,3119,34.7,1,1,2,1,0,0,10,0,0.03,0.03,0.06,0.03,0.06,Matches,10b9fa99
112,Sofyan Amrabat,ma MAR,MF,Real Betis,es La Liga,28,1996,17,14,1295,14.4,0,0,0,0,0,0,4,0,0.00,0.00,0.00,0.00,0.00,Matches,5a2cb25d
113,Joachim Andersen,dk DEN,DF,Fulham,eng Premier League,29,1996,33,33,2875,31.9,0,1,1,0,0,0,7,1,0.00,0.03,0.03,0.00,0.03,Matches,e34fc66d
114,Elliot Anderson,eng ENG,MF,Nottingham,eng Premier League,22,2002,38,37,3331,37.0,4,4,8,3,1,1,8,0,0.11,0.11,0.22,0.08,0.19,Matches,de31038e
115,Tomoya Ando,jp JPN,DF,St Pauli,de Bundesliga,26,1999,15,14,1260,14.0,0,1,1,0,0,0,3,0,0.00,0.07,0.07,0.00,0.07,Matches,d9ca7221
116,Nícolas Andrade,br BRA,GK,Pisa,it Serie A,37,1988,6,6,540,6.0,0,0,0,0,0,0,0,0,0.00,0.00,0.00,0.00,0.00,Matches,326d09ef
117,André,br BRA,MF,Wolves,eng Premier League,24,2001,35,30,2762,30.7,1,0,1,1,0,0,12,0,0.03,0.00,0.03,0.03,0.03,Matches,ec604e2c
118,Benjamin André,fr FRA,MF,Lille,fr Ligue 1,34,1990,27,26,2332,25.9,2,2,4,2,0,0,9,0,0.08,0.08,0.15,0.08,0.15,Matches,ef9c1c95
119,Robert Andrich,de GER,DFMF,Leverkusen,de Bundesliga,30,1994,32,29,2546,28.3,2,0,2,2,0,0,6,1,0.07,0.00,0.07,0.07,0.07,Matches,e0b113a7
120,Manuel Ángel,es ESP,MF,Real Madrid,es La Liga,21,2004,4,1,96,1.1,0,0,0,0,0,0,0,0,0.00,0.00,0.00,0.00,0.00,Matches,161386a9
121,Miguel Ángel Rubio,es ESP,DF,Espanyol,es La Liga,27,1998,12,1,206,2.3,1,0,1,1,0,0,0,0,0.44,0.00,0.44,0.44,0.44,Matches,56cafd0a
122,Miguel Ángel Sierra,es ESP,FW,Sevilla,es La Liga,21,2004,4,0,62,0.7,0,0,0,0,0,0,0,0,0.00,0.00,0.00,0.00,0.00,Matches,5a0a95a3
123,Angeliño,es ESP,MF,Roma,it Serie A,28,1997,7,5,416,4.6,0,0,0,0,0,0,2,0,0.00,0.00,0.00,0.00,0.00,Matches,30941e96
124,Samuele Angori,it ITA,MF,Pisa,it Serie A,21,2003,35,30,2599,28.9,0,2,2,0,0,0,2,0,0.00,0.07,0.07,0.00,0.07,Matches,9ee1d39e
125,Frank Anguissa,cm CMR,MF,Napoli,it Serie A,29,1995,18,14,1258,14.0,4,1,5,4,0,0,1,0,0.29,0.07,0.36,0.29,0.36,Matches,6bb2c084
126,Nilson Angulo,ec ECU,MF,Sunderland,eng Premier League,22,2003,8,5,404,4.5,0,0,0,0,0,0,1,0,0.00,0.00,0.00,0.00,0.00,Matches,a9b9d89c
127,Faustino Anjorin,eng ENG,MF,Torino,it Serie A,23,2001,15,1,289,3.2,0,0,0,0,0,0,1,0,0.00,0.00,0.00,0.00,0.00,Matches,b105919e
128,Ilyas Ansah,de GER,MFFW,Union Berlin,de Bundesliga,20,2004,33,23,1892,21.0,5,1,6,5,0,0,1,0,0.24,0.05,0.29,0.24,0.29,Matches,6c1248ae
129,Aaron Anselmino,ar ARG,DF,Dortmund,de Bundesliga,20,2005,6,4,368,4.1,1,0,1,1,0,0,0,0,0.24,0.00,0.24,0.24,0.24,Matches,1d87670e
130,Aaron Anselmino,ar ARG,DF,Strasbourg,fr Ligue 1,20,2005,3,0,16,0.2,0,0,0,0,0,0,0,0,0.00,0.00,0.00,0.00,0.00,Matches,1d87670e
131,Andrés Antañón,es ESP,FW,Celta Vigo,es La Liga,18,2007,2,1,63,0.7,0,0,0,0,0,0,0,0,0.00,0.00,0.00,0.00,0.00,Matches,9a256fcf
132,Jaidon Anthony,eng ENG,MF,Burnley,eng Premier League,25,1999,37,32,2722,30.2,8,2,10,8,0,0,4,0,0.26,0.07,0.33,0.26,0.33,Matches,e4238fb1
133,Waldemar Anton,de GER,DF,Dortmund,de Bundesliga,29,1996,32,32,2880,32.0,2,0,2,2,0,0,3,0,0.06,0.00,0.06,0.06,0.06,Matches,5e66fa06
134,Kyllian Antonio,fr FRA,DF,Lens,fr Ligue 1,17,2008,4,2,190,2.1,0,1,1,0,0,0,1,0,0.00,0.47,0.47,0.00,0.47,Matches,ea36375c
135,Antoniu,es ESP,MF,Espanyol,es La Liga,22,2002,13,3,289,3.2,0,0,0,0,0,0,2,0,0.00,0.00,0.00,0.00,0.00,Matches,af784a9e
136,Antony,br BRA,MFFW,Real Betis,es La Liga,25,2000,32,30,2447,27.2,8,6,14,8,0,0,6,1,0.29,0.22,0.51,0.29,0.51,Matches,99127249
137,Youssef El-Arabi,ma MAR,FW,Nantes,fr Ligue 1,38,1987,25,11,941,10.5,3,0,3,3,0,1,0,0,0.29,0.00,0.29,0.29,0.29,Matches,c63f6e46
138,Mauro Arambarri,uy URU,MF,Getafe,es La Liga,29,1995,37,37,3249,36.1,6,2,8,4,2,3,6,0,0.17,0.06,0.22,0.11,0.17,Matches,58afe001
139,Jon Aramburu,ve VEN,DF,Real Sociedad,es La Liga,23,2002,35,31,2773,30.8,1,0,1,1,0,0,11,0,0.03,0.00,0.03,0.03,0.03,Matches,dc7a172e
140,Juan Arango,ve VEN,MF,Girona,es La Liga,19,2006,2,0,18,0.2,0,0,0,0,0,0,1,0,0.00,0.00,0.00,0.00,0.00,Matches,1a2df32c
141,Ronald Araújo,uy URU,DF,Barcelona,es La Liga,26,1999,24,11,1071,11.9,3,0,3,3,0,0,2,0,0.25,0.00,0.25,0.25,0.25,Matches,2bef2bca
142,Carlens Arcus,ht HAI,DF,Angers,fr Ligue 1,29,1996,26,24,2040,22.7,0,3,3,0,0,0,7,0,0.00,0.13,0.13,0.00,0.13,Matches,5e837126
143,Antonio Arena,it ITA,FW,Roma,it Serie A,16,2009,2,0,23,0.3,0,0,0,0,0,0,0,0,0.00,0.00,0.00,0.00,0.00,Matches,b4e9e1e3
144,Alphonse Areola,fr FRA,GK,West Ham,eng Premier League,32,1993,20,20,1800,20.0,0,1,1,0,0,0,0,0,0.00,0.05,0.05,0.00,0.05,Matches,2f965a72
145,Jesús Areso,es ESP,DF,Athletic Club,es La Liga,26,1999,26,14,1506,16.7,0,1,1,0,0,0,3,0,0.00,0.06,0.06,0.00,0.06,Matches,94e01ec6
146,Jeremy Arévalo,ec ECU,FW,Stuttgart,de Bundesliga,20,2005,7,0,38,0.4,0,0,0,0,0,0,0,0,0.00,0.00,0.00,0.00,0.00,Matches,70676088
147,Paul Argney,fr FRA,GK,Le Havre,fr Ligue 1,19,2006,1,1,90,1.0,0,0,0,0,0,0,0,0,0.00,0.00,0.00,0.00,0.00,Matches,cad4009e
148,Iñigo Arguibide,es ESP,DF,Osasuna,es La Liga,20,2005,6,2,187,2.1,0,0,0,0,0,0,0,1,0.00,0.00,0.00,0.00,0.00,Matches,d80d7f17
149,Jhon Arias,co COL,FWMF,Wolves,eng Premier League,27,1997,23,14,1124,12.5,1,0,1,1,0,0,1,0,0.08,0.00,0.08,0.08,0.08,Matches,86d96066
150,Juan Arizala,co COL,MF,Udinese,it Serie A,19,2005,10,1,191,2.1,0,0,0,0,0,0,0,0,0.00,0.00,0.00,0.00,0.00,Matches,82f2e5c8
151,Adam Armstrong,eng ENG,FWMF,Wolves,eng Premier League,28,1997,14,14,1140,12.7,2,2,4,1,1,1,3,0,0.16,0.16,0.32,0.08,0.24,Matches,68c720b5
152,Harrison Armstrong,eng ENG,MF,Everton,eng Premier League,18,2007,13,6,529,5.9,0,0,0,0,0,0,0,0,0.00,0.00,0.00,0.00,0.00,Matches,de59e609
153,Maximilian Arnold,de GER,MF,Wolfsburg,de Bundesliga,31,1994,25,20,1859,20.7,1,4,5,1,0,0,5,0,0.05,0.19,0.24,0.05,0.24,Matches,86e119e0
154,Tolu Arokodare,ng NGA,FW,Wolves,eng Premier League,24,2000,33,13,1419,15.8,3,1,4,3,0,1,1,0,0.19,0.06,0.25,0.19,0.25,Matches,a42760bc
155,Love Arrhov,se SWE,MF,Frankfurt,de Bundesliga,17,2008,5,1,65,0.7,0,0,0,0,0,0,1,0,0.00,0.00,0.00,0.00,0.00,Matches,f82c553e
156,Kervin Arriaga,hn HON,MF,Levante,es La Liga,27,1998,27,16,1532,17.0,3,3,6,3,0,0,8,1,0.18,0.18,0.35,0.18,0.35,Matches,4f8a9f70
157,Kepa Arrizabalaga,es ESP,GK,Arsenal,eng Premier League,30,1994,1,1,90,1.0,0,0,0,0,0,0,0,0,0.00,0.00,0.00,0.00,0.00,Matches,28d596a0
158,Arthur,br BRA,MF,Leverkusen,de Bundesliga,22,2003,20,13,1136,12.6,1,3,4,1,0,0,3,0,0.08,0.24,0.32,0.08,0.32,Matches,8a958856
159,Takuma Asano,jp JPN,MFFW,Mallorca,es La Liga,30,1994,20,8,664,7.4,1,0,1,1,0,0,2,0,0.14,0.00,0.14,0.14,0.14,Matches,13ddc856
160,Raúl Asencio,es ESP,DF,Real Madrid,es La Liga,22,2003,23,18,1708,19.0,2,0,2,2,0,0,4,0,0.11,0.00,0.11,0.11,0.11,Matches,4731cd4c
161,Fisnik Asllani,xk KVX,FWMF,Hoffenheim,de Bundesliga,22,2002,33,31,2335,25.9,10,7,17,10,0,0,2,0,0.39,0.27,0.66,0.39,0.66,Matches,35f67a30
162,Kristjan Asllani,al ALB,MF,Torino,it Serie A,23,2002,15,13,1129,12.5,0,0,0,0,0,1,3,0,0.00,0.00,0.00,0.00,0.00,Matches,0fdcef0e
163,Joel Asoro,se SWE,FW,Metz,fr Ligue 1,26,1999,8,2,227,2.5,0,0,0,0,0,0,0,0,0.00,0.00,0.00,0.00,0.00,Matches,13e827f8
164,Iago Aspas,es ESP,FWMF,Celta Vigo,es La Liga,37,1987,32,11,1140,12.7,5,3,8,3,2,2,4,0,0.39,0.24,0.63,0.24,0.47,Matches,7dcf86f6
165,Yaser Asprilla,co COL,FWMF,Girona,es La Liga,21,2003,15,6,611,6.8,0,0,0,0,0,0,0,0,0.00,0.00,0.00,0.00,0.00,Matches,d139daf9
166,Lorenz Assignon,tg TOG,DFMF,Stuttgart,de Bundesliga,25,2000,24,12,1094,12.2,0,0,0,0,0,0,3,1,0.00,0.00,0.00,0.00,0.00,Matches,b026bbf6
167,Dehmaine Assoumani,fr FRA,MF,Nantes,fr Ligue 1,20,2005,27,14,1276,14.2,1,0,1,1,0,0,5,0,0.07,0.00,0.07,0.07,0.07,Matches,fb32896c
168,Lander Astiazaran,es ESP,MF,Real Sociedad,es La Liga,19,2006,1,0,1,0.0,0,0,0,0,0,0,0,0,0.00,0.00,0.00,0.00,0.00,Matches,8b9bbee3
169,Otavio Ataide,br BRA,DF,Paris FC,fr Ligue 1,23,2002,23,21,1901,21.1,1,0,1,1,0,0,6,1,0.05,0.00,0.05,0.05,0.05,Matches,6f22e535
170,Zachary Athekame,ch SUI,MFDF,Milan,it Serie A,20,2004,27,7,833,9.3,2,2,4,2,0,0,3,0,0.22,0.22,0.43,0.22,0.43,Matches,c1356739
171,Arthur Atta,fr FRA,MF,Udinese,it Serie A,22,2003,32,29,2557,28.4,5,3,8,5,0,0,3,0,0.18,0.11,0.28,0.18,0.28,Matches,d3ddf88b
172,Noah Atubolu,de GER,GK,Freiburg,de Bundesliga,23,2002,34,34,3060,34.0,0,0,0,0,0,0,1,0,0.00,0.00,0.00,0.00,0.00,Matches,dbd1b101
173,Pierre-Emerick Aubameyang,ga GAB,FW,Marseille,fr Ligue 1,36,1989,30,23,2039,22.7,10,5,15,10,0,0,1,0,0.44,0.22,0.66,0.44,0.66,Matches,d5dd5f1f
174,Emil Audero,id IDN,GK,Cremonese,it Serie A,28,1997,34,34,3060,34.0,0,0,0,0,0,0,0,0,0.00,0.00,0.00,0.00,0.00,Matches,649b01d8
175,Carlos Augusto,br BRA,MFDF,Inter,it Serie A,26,1999,34,18,1763,19.6,1,1,2,1,0,0,6,0,0.05,0.05,0.10,0.05,0.10,Matches,8d3cd59d
176,Yann Aurel Bisseck,de GER,DF,Inter,it Serie A,24,2000,23,21,1922,21.4,3,1,4,3,0,0,2,0,0.14,0.05,0.19,0.14,0.19,Matches,3963c25b
177,Leon Avdullahu,xk KVX,MF,Hoffenheim,de Bundesliga,21,2004,33,32,2834,31.5,0,1,1,0,0,0,5,0,0.00,0.03,0.03,0.00,0.03,Matches,65772516
178,Ezequiel Ávila,ar ARG,FW,Real Betis,es La Liga,31,1994,16,3,380,4.2,1,0,1,0,1,1,3,0,0.24,0.00,0.24,0.00,0.00,Matches,253a06b9
179,Arthur Avom,cm CMR,MF,Lorient,fr Ligue 1,20,2004,31,22,2119,23.5,2,1,3,2,0,0,3,0,0.08,0.04,0.13,0.08,0.13,Matches,b2b53f1f
180,Chidozie Awaziem,ng NGA,DF,Nantes,fr Ligue 1,28,1997,26,25,2231,24.8,1,2,3,1,0,0,7,0,0.04,0.08,0.12,0.04,0.12,Matches,70d8e84c
181,Taiwo Awoniyi,ng NGA,FW,Nottingham,eng Premier League,27,1997,17,3,494,5.5,4,1,5,4,0,0,2,0,0.73,0.18,0.91,0.73,0.91,Matches,e5478b87
182,Yasin Ayari,se SWE,MF,Brighton,eng Premier League,21,2003,29,20,1929,21.4,3,3,6,3,0,0,1,0,0.14,0.14,0.28,0.14,0.28,Matches,f173303a
183,Neil El Aynaoui,ma MAR,MF,Roma,it Serie A,24,2001,25,8,999,11.1,1,2,3,1,0,0,5,0,0.09,0.18,0.27,0.09,0.27,Matches,17e1261b
184,Ilyas Azizi,fr FRA,FW,Toulouse,fr Ligue 1,17,2008,3,0,29,0.3,0,0,0,0,0,0,0,0,0.00,0.00,0.00,0.00,0.00,Matches,fa9a2011
185,César Azpilicueta,es ESP,DF,Sevilla,es La Liga,35,1989,17,17,1213,13.5,0,1,1,0,0,0,4,0,0.00,0.07,0.07,0.00,0.07,Matches,53cad200
186,Oussama El Azzouzi,ma MAR,MFDF,Auxerre,fr Ligue 1,24,2001,11,10,807,9.0,1,0,1,1,0,0,1,1,0.11,0.00,0.11,0.11,0.11,Matches,85f476cc
187,Mio Backhaus,de GER,GK,Werder Bremen,de Bundesliga,21,2004,32,32,2880,32.0,0,0,0,0,0,0,1,0,0.00,0.00,0.00,0.00,0.00,Matches,0d41f821
188,Loïc Bade,fr FRA,DF,Leverkusen,de Bundesliga,25,2000,23,19,1653,18.4,0,0,0,0,0,0,4,0,0.00,0.00,0.00,0.00,0.00,Matches,114bbdee
189,Benoît Badiashile,fr FRA,DF,Chelsea,eng Premier League,24,2001,8,6,471,5.2,0,0,0,0,0,0,2,0,0.00,0.00,0.00,0.00,0.00,Matches,06df8256
190,Álex Baena,es ESP,MFFW,Atlético Madrid,es La Liga,24,2001,27,21,1560,17.3,2,3,5,2,0,0,5,0,0.12,0.17,0.29,0.12,0.29,Matches,518f2234
191,Samson Baidoo,at AUT,DF,Lens,fr Ligue 1,21,2004,23,20,1827,20.3,2,1,3,2,0,0,2,0,0.10,0.05,0.15,0.10,0.15,Matches,9440e587
192,Leon Bailey,jm JAM,MF,Aston Villa,eng Premier League,27,1997,13,3,459,5.1,0,1,1,0,0,0,1,0,0.00,0.20,0.20,0.00,0.20,Matches,3a233281
193,Leon Bailey,jm JAM,FW,Roma,it Serie A,27,1997,7,1,186,2.1,0,0,0,0,0,0,0,0,0.00,0.00,0.00,0.00,0.00,Matches,3a233281
194,Eric Bailly,ci CIV,DF,Oviedo,es La Liga,31,1994,15,15,1234,13.7,1,0,1,1,0,0,3,0,0.07,0.00,0.07,0.07,0.07,Matches,a1232f4e
195,Theo Bair,ca CAN,FW,Auxerre,fr Ligue 1,25,1999,2,0,10,0.1,0,0,0,0,0,0,0,0,0.00,0.00,0.00,0.00,0.00,Matches,c724745e
196,Cédric Bakambu,cd COD,FW,Real Betis,es La Liga,34,1991,18,5,569,6.3,3,1,4,3,0,0,1,0,0.47,0.16,0.63,0.47,0.63,Matches,0af4dcf0
197,Johan Bakayoko,be BEL,FWMF,RB Leipzig,de Bundesliga,22,2003,20,8,777,8.6,2,0,2,2,0,0,1,0,0.23,0.00,0.23,0.23,0.23,Matches,0caa2fd4
198,Mitchel Bakker,nl NED,DFMF,Atalanta,it Serie A,25,2000,1,0,9,0.1,0,0,0,0,0,0,0,0,0.00,0.00,0.00,0.00,0.00,Matches,a8567629
199,Darryl Bakola,fr FRA,MF,Marseille,fr Ligue 1,17,2007,8,0,75,0.8,0,0,0,0,0,0,0,0,0.00,0.00,0.00,0.00,0.00,Matches,57de24a3
200,Darryl Bakola,fr FRA,MF,Sassuolo,it Serie A,17,2007,6,1,128,1.4,0,1,1,0,0,0,0,0,0.00,0.70,0.70,0.00,0.70,Matches,57de24a3
201,Ridle Baku,de GER,DF,RB Leipzig,de Bundesliga,27,1998,32,28,2504,27.8,2,3,5,2,0,0,4,0,0.07,0.11,0.18,0.07,0.18,Matches,442b56fa
202,Dilane Bakwa,fr FRA,FWMF,Strasbourg,fr Ligue 1,22,2002,3,0,107,1.2,1,2,3,1,0,0,0,0,0.84,1.68,2.52,0.84,2.52,Matches,2b5a35e5
203,Dilane Bakwa,fr FRA,MF,Nottingham,eng Premier League,22,2002,14,6,553,6.1,0,2,2,0,0,0,1,0,0.00,0.33,0.33,0.00,0.33,Matches,2b5a35e5
204,Luís Balbo,ve VEN,DF,Fiorentina,it Serie A,19,2006,6,1,212,2.4,0,0,0,0,0,0,0,0,0.00,0.00,0.00,0.00,0.00,Matches,cdcdb350
205,Tommaso Baldanzi,it ITA,MF,Genoa,it Serie A,22,2003,8,5,399,4.4,0,2,2,0,0,0,0,0,0.00,0.45,0.45,0.00,0.45,Matches,102e2599
206,Tommaso Baldanzi,it ITA,FWMF,Roma,it Serie A,22,2003,10,3,386,4.3,1,0,1,1,0,0,2,0,0.23,0.00,0.23,0.23,0.23,Matches,102e2599
207,Alejandro Balde,es ESP,DF,Barcelona,es La Liga,21,2003,28,21,1869,20.8,0,2,2,0,0,0,2,0,0.00,0.10,0.10,0.00,0.10,Matches,5ccc9672
208,Fabio Baldé,pt POR,FWMF,Hamburger SV,de Bundesliga,20,2005,16,3,448,5.0,1,1,2,1,0,0,1,0,0.20,0.20,0.40,0.20,0.40,Matches,54b140c0
209,Carlos Baleba,cm CMR,MF,Brighton,eng Premier League,21,2004,31,23,1652,18.4,0,0,0,0,0,0,5,0,0.00,0.00,0.00,0.00,0.00,Matches,a1390d2f
210,Leonardo Balerdi,ar ARG,DF,Marseille,fr Ligue 1,26,1999,26,21,2001,22.2,0,1,1,0,0,0,5,0,0.00,0.04,0.04,0.00,0.04,Matches,7c3ed041
211,Daniel Ballard,nir NIR,DF,Sunderland,eng Premier League,25,1999,29,24,2149,23.9,2,0,2,2,0,0,4,1,0.08,0.00,0.08,0.08,0.08,Matches,38f300f3
212,Carlos Ballestero,es ESP,DF,Alavés,es La Liga,21,2004,1,0,1,0.0,0,0,0,0,0,0,0,0,0.00,0.00,0.00,0.00,0.00,Matches,980b7b35
213,Iván Balliu,al ALB,DF,Rayo Vallecano,es La Liga,33,1992,14,6,582,6.5,0,0,0,0,0,0,2,0,0.00,0.00,0.00,0.00,0.00,Matches,cee88597
214,Fodé Ballo-Touré,sn SEN,DFMF,Metz,fr Ligue 1,28,1997,13,11,836,9.3,0,0,0,0,0,0,2,0,0.00,0.00,0.00,0.00,0.00,Matches,f449640d
215,Folarin Balogun,us USA,FW,Monaco,fr Ligue 1,24,2001,30,26,2230,24.8,13,4,17,10,3,3,4,1,0.52,0.16,0.69,0.40,0.57,Matches,31822f8c
216,Abdoulaye Bamba,ci CIV,DF,Angers,fr Ligue 1,35,1990,6,3,255,2.8,0,0,0,0,0,0,1,0,0.00,0.00,0.00,0.00,0.00,Matches,7fecbcdb
217,Aladji Bamba,fr FRA,MF,Monaco,fr Ligue 1,19,2006,18,10,816,9.1,0,2,2,0,0,0,2,0,0.00,0.22,0.22,0.00,0.22,Matches,6906ecb2
218,Mohamed Bamba,ci CIV,FW,Lorient,fr Ligue 1,23,2001,18,7,682,7.6,1,2,3,1,0,1,3,0,0.13,0.26,0.40,0.13,0.40,Matches,d469252b
219,Lameck Banda,zm ZAM,MFFW,Lecce,it Serie A,24,2001,32,21,1752,19.5,5,4,9,5,0,0,6,1,0.26,0.21,0.46,0.26,0.46,Matches,8a6de8c7
220,Noahkai Banks,us USA,DF,Augsburg,de Bundesliga,18,2006,23,20,1725,19.2,1,1,2,1,0,0,8,0,0.05,0.05,0.10,0.05,0.10,Matches,118e3ac3
221,Ezechiel Banzuzi,nl NED,MF,RB Leipzig,de Bundesliga,20,2005,24,2,597,6.6,0,1,1,0,0,0,3,0,0.00,0.15,0.15,0.00,0.15,Matches,e9764fe5
222,Tommaso Barbieri,it ITA,MF,Cremonese,it Serie A,22,2002,29,18,1707,19.0,0,1,1,0,0,0,8,0,0.00,0.05,0.05,0.00,0.05,Matches,6f1d7aa8
223,Valentín Barco,ar ARG,MF,Strasbourg,fr Ligue 1,21,2004,27,24,2168,24.1,2,4,6,2,0,0,5,1,0.08,0.17,0.25,0.08,0.25,Matches,b9f282ec
224,Bradley Barcola,fr FRA,FW,PSG,fr Ligue 1,22,2002,29,21,1743,19.4,11,1,12,11,0,0,2,0,0.57,0.05,0.62,0.57,0.62,Matches,a0d55a09
225,Melvin Bard,fr FRA,DFMF,Nice,fr Ligue 1,24,2000,29,26,2394,26.6,2,1,3,2,0,0,4,0,0.08,0.04,0.11,0.08,0.11,Matches,1ddbc7ca
226,Roony Bardghji,se SWE,MFFW,Barcelona,es La Liga,19,2005,21,7,648,7.2,1,1,2,1,0,0,0,0,0.14,0.14,0.28,0.14,0.28,Matches,88ce7ddc
227,Nicolò Barella,it ITA,MF,Inter,it Serie A,28,1997,34,31,2517,28.0,3,8,11,3,0,0,7,0,0.11,0.29,0.39,0.11,0.39,Matches,6928979a
228,Kike Barja,es ESP,MF,Osasuna,es La Liga,28,1997,27,2,446,5.0,2,2,4,2,0,0,3,0,0.40,0.40,0.81,0.40,0.81,Matches,aad53e64
229,Ross Barkley,eng ENG,MF,Aston Villa,eng Premier League,31,1993,21,7,857,9.5,3,1,4,3,0,0,1,0,0.32,0.11,0.42,0.32,0.42,Matches,3a24769f
230,Ashley Barnes,eng ENG,FWMF,Burnley,eng Premier League,35,1989,7,0,46,0.5,0,0,0,0,0,0,2,0,0.00,0.00,0.00,0.00,0.00,Matches,2691c772
231,Harvey Barnes,eng ENG,FWMF,Newcastle,eng Premier League,27,1997,37,19,1966,21.8,7,1,8,7,0,0,1,0,0.32,0.05,0.37,0.32,0.37,Matches,3ea50f67
232,Ander Barrenetxea,es ESP,MF,Real Sociedad,es La Liga,23,2001,30,22,1763,19.6,3,5,8,3,0,0,5,0,0.15,0.26,0.41,0.15,0.41,Matches,200e89e1
233,Pablo Barrios,es ESP,MF,Atlético Madrid,es La Liga,22,2003,23,20,1661,18.5,1,1,2,1,0,0,0,0,0.05,0.05,0.11,0.05,0.11,Matches,45736cec
234,Thierno Barry,fr FRA,FW,Everton,eng Premier League,22,2002,38,21,1914,21.3,8,0,8,8,0,0,3,0,0.38,0.00,0.38,0.38,0.38,Matches,52c3244b
235,Davide Bartesaghi,it ITA,MFDF,Milan,it Serie A,19,2005,31,27,2441,27.1,2,0,2,2,0,0,3,0,0.07,0.00,0.07,0.07,0.07,Matches,7e0b6c50
236,Marc Bartra,es ESP,DF,Real Betis,es La Liga,34,1991,25,21,1978,22.0,1,0,1,1,0,0,3,0,0.05,0.00,0.05,0.05,0.05,Matches,b742cc0d
237,Federico Baschirotto,it ITA,DF,Cremonese,it Serie A,28,1996,29,29,2540,28.2,2,0,2,2,0,0,2,0,0.07,0.00,0.07,0.07,0.07,Matches,5a08ee41
238,Toma Bašić,hr CRO,MF,Lazio,it Serie A,28,1996,23,23,1735,19.3,2,3,5,2,0,0,0,1,0.10,0.16,0.26,0.10,0.26,Matches,80556f08
239,Calvin Bassey,ng NGA,DF,Fulham,eng Premier League,25,1999,30,28,2534,28.2,1,0,1,1,0,0,5,0,0.04,0.00,0.04,0.04,0.04,Matches,a36524bf
240,Alessandro Bastoni,it ITA,DF,Inter,it Serie A,26,1999,28,28,2239,24.9,1,4,5,1,0,0,6,0,0.04,0.16,0.20,0.04,0.20,Matches,75b86fb3
241,Augusto Batalla,ar ARG,GK,Rayo Vallecano,es La Liga,29,1996,34,34,3060,34.0,0,0,0,0,0,0,6,0,0.00,0.00,0.00,0.00,0.00,Matches,fc627681
242,Michy Batshuayi,be BEL,FW,Frankfurt,de Bundesliga,31,1993,6,1,139,1.5,1,0,1,0,1,1,0,0,0.65,0.00,0.65,0.00,0.00,Matches,2973d8ff
243,Martin Baturina,hr CRO,MFFW,Como,it Serie A,22,2003,29,17,1569,17.4,6,3,9,6,0,0,0,0,0.34,0.17,0.52,0.34,0.52,Matches,d1eda5f0
244,Daniel Batz,de GER,GK,Mainz 05,de Bundesliga,34,1991,21,21,1890,21.0,0,0,0,0,0,0,2,0,0.00,0.00,0.00,0.00,0.00,Matches,ec759ba1
245,Elias Baum,de GER,DF,Frankfurt,de Bundesliga,19,2005,5,0,75,0.8,0,0,0,0,0,0,0,0,0.00,0.00,0.00,0.00,0.00,Matches,54d2b378
246,Oliver Baumann,de GER,GK,Hoffenheim,de Bundesliga,35,1990,34,34,3060,34.0,0,0,0,0,0,0,3,0,0.00,0.00,0.00,0.00,0.00,Matches,47064058
247,Christoph Baumgartner,at AUT,MF,RB Leipzig,de Bundesliga,25,1999,33,32,2780,30.9,13,8,21,13,0,1,10,0,0.42,0.26,0.68,0.42,0.68,Matches,437f2b00
248,Altay Bayındır,tr TUR,GK,Manchester Utd,eng Premier League,27,1998,6,6,540,6.0,0,0,0,0,0,0,0,0,0.00,0.00,0.00,0.00,0.00,Matches,072e68ed
249,Vakoun Bayo,ci CIV,FW,Udinese,it Serie A,28,1997,15,4,453,5.0,0,2,2,0,0,0,0,0,0.00,0.40,0.40,0.00,0.40,Matches,132f161f
250,Ihlas Bebou,tg TOG,FWMF,Hoffenheim,de Bundesliga,31,1994,16,0,190,2.1,0,0,0,0,0,0,1,0,0.00,0.00,0.00,0.00,0.00,Matches,a53b661f
251,Samu Becerra,es ESP,MF,Rayo Vallecano,es La Liga,19,2006,3,0,12,0.1,0,0,0,0,0,0,0,0,0.00,0.00,0.00,0.00,0.00,Matches,3467af5a
252,Adrian Beck,de GER,MF,Heidenheim,de Bundesliga,28,1997,24,9,868,9.6,1,1,2,1,0,0,1,0,0.10,0.10,0.21,0.10,0.21,Matches,616c09f5
253,Sheraldo Becker,sr SUR,FWMF,Osasuna,es La Liga,30,1995,9,0,158,1.8,0,0,0,0,0,0,0,0,0.00,0.00,0.00,0.00,0.00,Matches,8eb55dbb
254,Sheraldo Becker,sr SUR,FW,Mainz 05,de Bundesliga,30,1995,14,11,946,10.5,3,3,6,3,0,0,2,0,0.29,0.29,0.57,0.29,0.57,Matches,8eb55dbb
255,Donny van de Beek,nl NED,MF,Girona,es La Liga,28,1997,2,1,41,0.5,0,0,0,0,0,0,0,0,0.00,0.00,0.00,0.00,0.00,Matches,50dc94ce
256,Tjaš Begić,si SVN,MF,Parma,it Serie A,22,2003,1,0,1,0.0,0,0,0,0,0,0,0,0,0.00,0.00,0.00,0.00,0.00,Matches,7429c2bf
257,Hannes Behrens,de GER,DFMF,Heidenheim,de Bundesliga,20,2005,16,15,1318,14.6,1,2,3,1,0,0,0,0,0.07,0.14,0.20,0.07,0.20,Matches,ca788298
258,Maximilian Beier,de GER,MFFW,Dortmund,de Bundesliga,22,2002,32,24,2026,22.5,9,6,15,9,0,0,3,0,0.40,0.27,0.67,0.40,0.67,Matches,5db45ee5
259,Luken Beitia,es ESP,DF,Real Sociedad,es La Liga,21,2004,2,1,95,1.1,0,0,0,0,0,0,0,0,0.00,0.00,0.00,0.00,0.00,Matches,1406fae0
260,Ismael Bekhoucha,ma MAR,DF,Getafe,es La Liga,20,2004,4,1,122,1.4,0,1,1,0,0,0,2,0,0.00,0.74,0.74,0.00,0.74,Matches,e42c0f53
261,Reda Belahyane,ma MAR,MF,Lazio,it Serie A,21,2004,13,5,609,6.8,0,2,2,0,0,0,1,1,0.00,0.30,0.30,0.00,0.30,Matches,705a1642
262,Rayane Belaid,es ESP,MFFW,Atlético Madrid,es La Liga,20,2005,2,2,132,1.5,0,0,0,0,0,0,0,0,0.00,0.00,0.00,0.00,0.00,Matches,b8be4b5f
263,Rafik Belghali,dz ALG,MF,Hellas Verona,it Serie A,23,2002,26,22,1920,21.3,2,0,2,2,0,0,6,0,0.09,0.00,0.09,0.09,0.09,Matches,0abcb968
264,Haris Belkebla,dz ALG,MF,Angers,fr Ligue 1,31,1994,33,33,2875,31.9,0,0,0,0,0,0,7,0,0.00,0.00,0.00,0.00,0.00,Matches,2b1bed19
265,Yassin Belkhdim,fr FRA,MF,Angers,fr Ligue 1,23,2002,27,26,2135,23.7,2,2,4,2,0,0,5,0,0.08,0.08,0.17,0.08,0.17,Matches,e21d1928
266,Stefan Bell,de GER,DF,Mainz 05,de Bundesliga,33,1991,18,13,1039,11.5,2,1,3,2,0,0,4,0,0.17,0.09,0.26,0.17,0.26,Matches,857a5abe
267,Armel Bella Kotchap,de GER,DF,Hellas Verona,it Serie A,23,2001,19,14,1347,15.0,0,0,0,0,0,0,3,0,0.00,0.00,0.00,0.00,0.00,Matches,a39d11bc
268,Raoul Bellanova,it ITA,MF,Atalanta,it Serie A,25,2000,24,15,1377,15.3,0,1,1,0,0,0,2,0,0.00,0.07,0.07,0.00,0.07,Matches,e3756e72
269,Jean-Ricner Bellegarde,ht HAI,MFFW,Wolves,eng Premier League,27,1998,26,15,1248,13.9,1,1,2,1,0,0,5,0,0.07,0.07,0.14,0.07,0.14,Matches,10f0fdd3
270,Héctor Bellerín,es ESP,DF,Real Betis,es La Liga,30,1995,27,20,1822,20.2,2,3,5,2,0,0,2,0,0.10,0.15,0.25,0.10,0.25,Matches,f874dd44
271,Jobe Bellingham,eng ENG,MF,Dortmund,de Bundesliga,19,2005,32,20,1786,19.8,0,1,1,0,0,0,2,1,0.00,0.05,0.05,0.00,0.05,Matches,c88ff68d
272,Jude Bellingham,eng ENG,MF,Real Madrid,es La Liga,22,2003,28,22,1916,21.3,6,4,10,6,0,0,3,0,0.28,0.19,0.47,0.28,0.47,Matches,57d88cf9
273,Jeanuël Belocian,fr FRA,DF,Wolfsburg,de Bundesliga,20,2005,14,14,1254,13.9,0,1,1,0,0,0,3,0,0.00,0.07,0.07,0.00,0.07,Matches,c678ddd7
274,Jeanuël Belocian,fr FRA,DF,Leverkusen,de Bundesliga,20,2005,8,3,292,3.2,0,0,0,0,0,0,0,0,0.00,0.00,0.00,0.00,0.00,Matches,c678ddd7
275,Andrea Belotti,it ITA,FW,Cagliari,it Serie A,31,1993,8,3,221,2.5,2,0,2,1,1,1,0,0,0.81,0.00,0.81,0.41,0.41,Matches,d705ba44
276,Fran Beltrán,es ESP,MF,Girona,es La Liga,26,1999,17,11,1012,11.2,1,0,1,1,0,0,3,0,0.09,0.00,0.09,0.09,0.09,Matches,ed5c5fa3
277,Fran Beltrán,es ESP,MF,Celta Vigo,es La Liga,26,1999,10,7,528,5.9,0,0,0,0,0,0,0,0,0.00,0.00,0.00,0.00,0.00,Matches,ed5c5fa3
278,Lucas Beltrán,ar ARG,FW,Valencia,es La Liga,24,2001,27,16,1365,15.2,1,2,3,1,0,0,1,0,0.07,0.13,0.20,0.07,0.20,Matches,482d2bc3
279,Eliesse Ben Seghir,ma MAR,MF,Leverkusen,de Bundesliga,20,2005,10,2,252,2.8,0,0,0,0,0,0,2,0,0.00,0.00,0.00,0.00,0.00,Matches,3bd65247
280,Eliesse Ben Seghir,ma MAR,MF,Monaco,fr Ligue 1,20,2005,2,0,45,0.5,0,0,0,0,0,0,0,0,0.00,0.00,0.00,0.00,0.00,Matches,3bd65247
281,Carlos Benavídez,uy URU,DF,Alavés,es La Liga,27,1998,13,3,324,3.6,0,0,0,0,0,0,2,1,0.00,0.00,0.00,0.00,0.00,Matches,9fb45456
282,Adrian Benedyczak,pl POL,FW,Parma,it Serie A,24,2000,14,5,490,5.4,1,1,2,0,1,1,1,0,0.18,0.18,0.37,0.00,0.18,Matches,3f448184
283,Yassine Benhattab,fr FRA,MFFW,Nantes,fr Ligue 1,22,2002,10,5,477,5.3,0,0,0,0,0,0,0,0,0.00,0.00,0.00,0.00,0.00,Matches,7da8740d
284,Walter Benítez,ar ARG,GK,Crystal Palace,eng Premier League,32,1993,1,1,90,1.0,0,0,0,0,0,0,0,0,0.00,0.00,0.00,0.00,0.00,Matches,8a2248b4
285,Iker Benito,es ESP,MF,Osasuna,es La Liga,22,2002,6,1,159,1.8,1,0,1,1,0,0,1,0,0.57,0.00,0.57,0.57,0.57,Matches,50cbc806
286,Mohamed Benoit Dao,fr FRA,FW,Paris FC,fr Ligue 1,18,2007,1,0,2,0.0,0,0,0,0,0,0,0,0,0.00,0.00,0.00,0.00,0.00,Matches,d6765681
287,Ramy Bensebaini,dz ALG,DF,Dortmund,de Bundesliga,30,1995,21,15,1530,17.0,5,2,7,3,2,2,6,0,0.29,0.12,0.41,0.18,0.29,Matches,378825c7
288,Nabil Bentaleb,dz ALG,MF,Lille,fr Ligue 1,30,1994,26,13,1287,14.3,2,2,4,1,1,1,3,0,0.14,0.14,0.28,0.07,0.21,Matches,3189f61a
289,Rodrigo Bentancur,uy URU,MF,Tottenham,eng Premier League,28,1997,26,23,1883,20.9,1,1,2,1,0,0,7,0,0.05,0.05,0.10,0.05,0.10,Matches,3b8674e6
290,Daniel Bentley,eng ENG,GK,Wolves,eng Premier League,32,1993,3,3,270,3.0,0,0,0,0,0,0,0,0,0.00,0.00,0.00,0.00,0.00,Matches,68db6358
291,Lucas Beraldo,br BRA,DFMF,PSG,fr Ligue 1,21,2003,20,18,1567,17.4,2,1,3,2,0,0,2,0,0.11,0.06,0.17,0.11,0.17,Matches,b8aedf06
292,Domenico Berardi,it ITA,FW,Sassuolo,it Serie A,30,1994,26,24,1958,21.8,8,4,12,6,2,3,2,1,0.37,0.18,0.55,0.28,0.46,Matches,53a0e358
293,Yuri Berchiche,es ESP,DF,Athletic Club,es La Liga,35,1990,32,31,2705,30.1,0,6,6,0,0,0,5,0,0.00,0.20,0.20,0.00,0.20,Matches,b6e50615
294,Álex Berenguer,es ESP,MF,Athletic Club,es La Liga,30,1995,31,25,2154,23.9,2,3,5,2,0,0,4,0,0.08,0.13,0.21,0.08,0.21,Matches,dc1c2fce
295,Sander Berge,no NOR,MF,Fulham,eng Premier League,27,1998,35,34,2905,32.3,0,1,1,0,0,0,5,0,0.00,0.03,0.03,0.00,0.03,Matches,d0b6129f
296,Lucas Bergström,fi FIN,GK,Mallorca,es La Liga,22,2002,5,5,450,5.0,0,0,0,0,0,0,1,0,0.00,0.00,0.00,0.00,0.00,Matches,b59c2a92
297,Lucas Bergvall,se SWE,MF,Tottenham,eng Premier League,19,2006,23,11,965,10.7,1,3,4,1,0,0,2,0,0.09,0.28,0.37,0.09,0.37,Matches,a109e5c8
298,Medon Berisha,al ALB,MF,Lecce,it Serie A,21,2003,13,12,871,9.7,2,3,5,2,0,0,0,0,0.21,0.31,0.52,0.21,0.52,Matches,9d376bef
299,Anthony Bermont,fr FRA,MF,Lens,fr Ligue 1,20,2005,10,0,104,1.2,0,0,0,0,0,0,0,0,0.00,0.00,0.00,0.00,0.00,Matches,9b5f1a2a
300,Adrian Bernabe,es ESP,MF,Parma,it Serie A,24,2001,32,31,2470,27.4,3,1,4,3,0,0,0,0,0.11,0.04,0.15,0.11,0.15,Matches,548672b4
301,Marc Bernal,es ESP,MF,Barcelona,es La Liga,18,2007,22,9,790,8.8,2,1,3,2,0,0,4,0,0.23,0.11,0.34,0.23,0.34,Matches,29117812
302,Gabin Bernardeau,fr FRA,MF,Nice,fr Ligue 1,19,2006,4,1,95,1.1,0,0,0,0,0,0,0,0,0.00,0.00,0.00,0.00,0.00,Matches,f6b7e187
303,Federico Bernardeschi,it ITA,MFFW,Bologna,it Serie A,31,1994,29,12,1217,13.5,4,2,6,3,1,1,3,0,0.30,0.15,0.44,0.22,0.37,Matches,ee93c1a9
304,Bernardo,br BRA,DF,Hoffenheim,de Bundesliga,30,1995,29,26,2312,25.7,0,0,0,0,0,0,9,0,0.00,0.00,0.00,0.00,0.00,Matches,17370b95
305,Lorenzo Bernasconi,it ITA,MF,Atalanta,it Serie A,21,2003,23,17,1572,17.5,0,3,3,0,0,0,3,0,0.00,0.17,0.17,0.00,0.17,Matches,c1041eb7
306,Antoine Bernede,fr FRA,MF,Hellas Verona,it Serie A,26,1999,32,29,2301,25.6,1,2,3,1,0,0,2,0,0.04,0.08,0.12,0.04,0.12,Matches,07a821e4
307,Nicolò Bertola,it ITA,DFMF,Udinese,it Serie A,22,2003,28,18,1763,19.6,0,1,1,0,0,0,3,0,0.00,0.05,0.05,0.00,0.05,Matches,04b40c58
308,Jan-Niklas Beste,de GER,MF,Freiburg,de Bundesliga,26,1999,28,20,1704,18.9,2,2,4,2,0,0,5,0,0.11,0.11,0.21,0.11,0.21,Matches,57382429
309,Beto,gw GNB,FW,Everton,eng Premier League,27,1998,37,17,1568,17.4,9,1,10,9,0,0,3,0,0.52,0.06,0.57,0.52,0.57,Matches,ed5c0319
310,Brando Bettazzi,it ITA,MF,Pisa,it Serie A,17,2007,1,0,14,0.2,0,0,0,0,0,0,0,0,0.00,0.00,0.00,0.00,0.00,Matches,86365b0f
311,Sam Beukema,nl NED,DF,Napoli,it Serie A,26,1998,24,18,1681,18.7,2,0,2,2,0,0,2,0,0.11,0.00,0.11,0.11,0.11,Matches,de13cee5
312,Matteo Bianchetti,it ITA,DF,Cremonese,it Serie A,32,1993,27,25,2192,24.4,0,2,2,0,0,0,4,0,0.00,0.08,0.08,0.00,0.08,Matches,b3a20f18
313,Mika Biereth,dk DEN,FW,Monaco,fr Ligue 1,22,2003,32,12,1074,11.9,2,2,4,2,0,0,0,0,0.17,0.17,0.34,0.17,0.34,Matches,a1d95db3
314,Pedro Bigas,es ESP,DF,Elche,es La Liga,34,1990,28,25,2063,22.9,1,3,4,1,0,0,5,1,0.04,0.13,0.17,0.04,0.17,Matches,697295b1
315,Justin Bijlow,nl NED,GK,Genoa,it Serie A,27,1998,16,16,1395,15.5,0,0,0,0,0,0,1,0,0.00,0.00,0.00,0.00,0.00,Matches,53d93280
316,Jaka Bijol,si SVN,DF,Leeds United,eng Premier League,26,1999,25,21,1890,21.0,1,2,3,1,0,0,4,0,0.05,0.10,0.14,0.05,0.14,Matches,6fdac234
317,Cristiano Biraghi,it ITA,MFDF,Torino,it Serie A,32,1992,14,5,517,5.7,0,0,0,0,0,0,0,0,0.00,0.00,0.00,0.00,0.00,Matches,9e1577aa
318,Veljko Birmančević,rs SRB,FW,Getafe,es La Liga,27,1998,6,1,142,1.6,0,0,0,0,0,0,0,0,0.00,0.00,0.00,0.00,0.00,Matches,636247ca
319,Tom Bischof,de GER,DFMF,Bayern Munich,de Bundesliga,20,2005,26,14,1302,14.5,3,3,6,3,0,0,2,0,0.21,0.21,0.41,0.21,0.41,Matches,07d3bfec
320,Yves Bissouma,ml MLI,MF,Tottenham,eng Premier League,28,1996,11,7,603,6.7,0,0,0,0,0,0,4,0,0.00,0.00,0.00,0.00,0.00,Matches,6c203af0
321,Leonardo Bittencourt,de GER,MF,Werder Bremen,de Bundesliga,31,1993,17,5,615,6.8,0,1,1,0,0,0,5,0,0.00,0.15,0.15,0.00,0.15,Matches,dc62fbee
322,Emmanuel Biumla,fr FRA,DF,Angers,fr Ligue 1,20,2005,9,3,387,4.3,0,0,0,0,0,0,0,0,0.00,0.00,0.00,0.00,0.00,Matches,e5a94f46
323,Marco Bizot,nl NED,GK,Aston Villa,eng Premier League,34,1991,7,6,585,6.5,0,0,0,0,0,0,2,0,0.00,0.00,0.00,0.00,0.00,Matches,3d214e5f
324,Antonio Blanco,es ESP,MF,Alavés,es La Liga,25,2000,36,36,3110,34.6,2,3,5,2,0,0,9,0,0.06,0.09,0.14,0.06,0.14,Matches,506daeac
325,Ludovic Blas,fr FRA,MFFW,Rennes,fr Ligue 1,27,1997,32,15,1546,17.2,5,4,9,3,2,2,1,0,0.29,0.23,0.52,0.17,0.41,Matches,6191093d
326,Janis Blaswich,de GER,GK,Leverkusen,de Bundesliga,34,1991,11,10,931,10.3,0,0,0,0,0,0,1,0,0.00,0.00,0.00,0.00,0.00,Matches,663e080e
327,Daley Blind,nl NED,DF,Girona,es La Liga,35,1990,31,30,2606,29.0,0,0,0,0,0,0,1,0,0.00,0.00,0.00,0.00,0.00,Matches,691bef82
328,Adam Boayar,ma MAR,MF,Elche,es La Liga,19,2005,7,0,104,1.2,1,0,1,1,0,0,0,0,0.87,0.00,0.87,0.87,0.87,Matches,fcc7ecb4
329,Oscar Bobb,no NOR,MFFW,Manchester City,eng Premier League,22,2003,9,5,468,5.2,0,1,1,0,0,0,1,0,0.00,0.19,0.19,0.00,0.19,Matches,eed2427e
330,Oscar Bobb,no NOR,MF,Fulham,eng Premier League,22,2003,14,6,571,6.3,0,0,0,0,0,0,0,0,0.00,0.00,0.00,0.00,0.00,Matches,eed2427e
331,Ben Bobzien,de GER,FWMF,Mainz 05,de Bundesliga,22,2003,1,0,9,0.1,0,0,0,0,0,0,0,0,0.00,0.00,0.00,0.00,0.00,Matches,4f380a04
332,Arnaud Bodart,be BEL,GK,Lille,fr Ligue 1,27,1998,3,2,226,2.5,0,0,0,0,0,0,0,0,0.00,0.00,0.00,0.00,0.00,Matches,79c536d7
333,Sacha Boey,fr FRA,DF,Bayern Munich,de Bundesliga,24,2000,9,5,463,5.1,0,0,0,0,0,0,1,0,0.00,0.00,0.00,0.00,0.00,Matches,6c8ddd52
334,Jeremie Boga,ci CIV,MFFW,Nice,fr Ligue 1,28,1997,14,7,646,7.2,2,2,4,2,0,0,0,0,0.28,0.28,0.56,0.28,0.56,Matches,fe012aca
335,Jeremie Boga,ci CIV,MFFW,Juventus,it Serie A,28,1997,15,6,679,7.5,4,0,4,4,0,0,1,0,0.53,0.00,0.53,0.53,0.53,Matches,fe012aca
336,Lamare Bogarde,nl NED,MFDF,Aston Villa,eng Premier League,21,2004,28,11,1053,11.7,0,0,0,0,0,0,5,0,0.00,0.00,0.00,0.00,0.00,Matches,bca5c4a7
337,Jayden Bogle,eng ENG,MFDF,Leeds United,eng Premier League,25,2000,34,32,2793,31.0,1,2,3,1,0,0,6,0,0.03,0.06,0.10,0.03,0.10,Matches,ae5019e6
338,Dmytro Bohdanov,ua UKR,MF,Union Berlin,de Bundesliga,18,2007,2,0,6,0.1,0,0,0,0,0,0,0,0,0.00,0.00,0.00,0.00,0.00,Matches,2ef0ed4b
339,Adama Boiro,es ESP,DF,Athletic Club,es La Liga,23,2002,14,8,815,9.1,0,0,0,0,0,0,1,0,0.00,0.00,0.00,0.00,0.00,Matches,e7992f7b
340,Morgan Bokelé Mputu,cm CMR,MF,Metz,fr Ligue 1,21,2004,10,1,227,2.5,0,0,0,0,0,0,0,0,0.00,0.00,0.00,0.00,0.00,Matches,026fea1e
341,Hugo Bolin,se SWE,MFFW,Gladbach,de Bundesliga,22,2003,13,5,550,6.1,1,1,2,1,0,0,0,0,0.16,0.16,0.33,0.16,0.33,Matches,63170f69
342,Daniel Boloca,ro ROU,MF,Sassuolo,it Serie A,26,1998,2,2,135,1.5,0,0,0,0,0,0,0,0,0.00,0.00,0.00,0.00,0.00,Matches,85f7ed25
343,Moïse Bombito,ca CAN,DF,Nice,fr Ligue 1,25,2000,2,2,145,1.6,0,0,0,0,0,0,1,0,0.00,0.00,0.00,0.00,0.00,Matches,c2f23fc8
344,Javier Boñar,es ESP,DF,Atlético Madrid,es La Liga,20,2005,4,3,299,3.3,1,0,1,1,0,0,0,0,0.30,0.00,0.30,0.30,0.30,Matches,21b7baee
345,Federico Bonazzoli,it ITA,FW,Cremonese,it Serie A,28,1997,35,31,2510,27.9,10,1,11,7,3,3,4,0,0.36,0.04,0.39,0.25,0.29,Matches,bf57eaab
346,Warren Bondo,fr FRA,MF,Cremonese,it Serie A,21,2003,27,22,1762,19.6,0,0,0,0,0,0,5,0,0.00,0.00,0.00,0.00,0.00,Matches,0def2376
347,Giovanni Bonfanti,it ITA,DFMF,Pisa,it Serie A,22,2003,9,6,494,5.5,0,0,0,0,0,0,1,0,0.00,0.00,0.00,0.00,0.00,Matches,938d8a55
348,Victor Boniface,ng NGA,FW,Werder Bremen,de Bundesliga,24,2000,11,2,333,3.7,0,2,2,0,0,0,1,0,0.00,0.54,0.54,0.00,0.54,Matches,b146275b
349,Rahim Bonkano,ne NIG,DF,Oviedo,es La Liga,23,2002,27,18,1713,19.0,0,0,0,0,0,0,2,0,0.00,0.00,0.00,0.00,0.00,Matches,89becc10
350,Ange-Yoan Bonny,ci CIV,FW,Inter,it Serie A,21,2003,33,10,1142,12.7,5,4,9,5,0,0,1,0,0.39,0.32,0.71,0.39,0.71,Matches,64629ba4
351,Thiago Borbas,uy URU,FW,Oviedo,es La Liga,23,2002,12,0,179,2.0,0,0,0,0,0,0,1,0,0.00,0.00,0.00,0.00,0.00,Matches,04f9c45f
352,Sebastiaan Bornauw,be BEL,DF,Leeds United,eng Premier League,26,1999,12,5,429,4.8,0,0,0,0,0,0,1,0,0.00,0.00,0.00,0.00,0.00,Matches,01834aa0
353,Gennaro Borrelli,it ITA,FW,Cagliari,it Serie A,25,2000,27,13,1275,14.2,5,1,6,5,0,0,4,0,0.35,0.07,0.42,0.35,0.42,Matches,04c4edc1
354,Olivier Boscagli,fr FRA,DF,Brighton,eng Premier League,27,1997,12,9,802,8.9,0,1,1,0,0,0,2,0,0.00,0.11,0.11,0.00,0.11,Matches,403f5d20
355,Sebastián Boselli,uy URU,DF,Getafe,es La Liga,21,2003,11,4,380,4.2,0,0,0,0,0,0,4,0,0.00,0.00,0.00,0.00,0.00,Matches,08576297
356,Jean-Baptiste Bosey,fr FRA,FW,Strasbourg,fr Ligue 1,17,2008,1,0,1,0.0,0,0,0,0,0,0,0,0,0.00,0.00,0.00,0.00,0.00,Matches,95b131e8
357,Sven Botman,nl NED,DF,Newcastle,eng Premier League,25,2000,25,21,1835,20.4,1,1,2,1,0,0,2,0,0.05,0.05,0.10,0.05,0.10,Matches,ccce7025
358,Ayyoub Bouaddi,ma MAR,MF,Lille,fr Ligue 1,17,2007,30,28,2321,25.8,0,1,1,0,0,0,7,1,0.00,0.04,0.04,0.00,0.04,Matches,8006228f
359,Badredine Bouanani,dz ALG,MF,Nice,fr Ligue 1,20,2004,2,1,93,1.0,0,0,0,0,0,0,0,0,0.00,0.00,0.00,0.00,0.00,Matches,0400dd2f
360,Badredine Bouanani,dz ALG,MF,Stuttgart,de Bundesliga,20,2004,14,5,463,5.1,0,0,0,0,0,0,1,0,0.00,0.00,0.00,0.00,0.00,Matches,0400dd2f
361,Kaïl Boudache,fr FRA,MFFW,Nice,fr Ligue 1,19,2006,13,3,531,5.9,1,0,1,1,0,0,1,0,0.17,0.00,0.17,0.17,0.17,Matches,ed26a44f
362,Hicham Boudaoui,dz ALG,MF,Nice,fr Ligue 1,25,1999,25,18,1694,18.8,1,2,3,1,0,0,5,0,0.05,0.11,0.16,0.05,0.16,Matches,f9d5908e
363,Sofiane Boufal,ma MAR,MFFW,Le Havre,fr Ligue 1,31,1993,17,13,1019,11.3,1,4,5,1,0,1,2,0,0.09,0.35,0.44,0.09,0.44,Matches,b0c71810
364,Justin Bourgault,fr FRA,FW,Brest,fr Ligue 1,19,2005,1,0,16,0.2,0,0,0,0,0,0,0,0,0.00,0.00,0.00,0.00,0.00,Matches,2db7975a
365,Jarrod Bowen,eng ENG,MFFW,West Ham,eng Premier League,28,1996,38,38,3403,37.8,9,11,20,8,1,1,4,0,0.24,0.29,0.53,0.21,0.50,Matches,79c84d1c
366,Kieron Bowie,sct SCO,FW,Hellas Verona,it Serie A,22,2002,14,14,1200,13.3,4,0,4,4,0,0,1,0,0.30,0.00,0.30,0.30,0.30,Matches,6dd87204
367,Lucas Boyé,ar ARG,FW,Alavés,es La Liga,29,1996,29,22,1958,21.8,11,1,12,8,3,3,4,1,0.51,0.05,0.55,0.37,0.41,Matches,d49f3e6b
368,Enzo Boyomo,cm CMR,DF,Osasuna,es La Liga,23,2001,30,29,2542,28.2,1,2,3,1,0,0,7,0,0.04,0.07,0.11,0.04,0.11,Matches,3a99bc13
369,Rosen Bozhinov,bg BUL,DF,Pisa,it Serie A,20,2005,9,8,610,6.8,0,0,0,0,0,0,3,1,0.00,0.00,0.00,0.00,0.00,Matches,8c053d3c
370,Domagoj Bradarić,hr CRO,MF,Hellas Verona,it Serie A,25,1999,29,23,1966,21.8,0,1,1,0,0,0,2,0,0.00,0.05,0.05,0.00,0.05,Matches,8bbe2df5
371,Conor Bradley,nir NIR,DF,Liverpool,eng Premier League,22,2003,15,12,929,10.3,0,1,1,0,0,0,5,0,0.00,0.10,0.10,0.00,0.10,Matches,bbd67769
372,Bilal Brahimi,dz ALG,FWMF,Nice,fr Ligue 1,25,2000,1,0,1,0.0,0,0,0,0,0,0,0,0,0.00,0.00,0.00,0.00,0.00,Matches,02bcaf8e
373,Julian Brandt,de GER,MFFW,Dortmund,de Bundesliga,29,1996,29,17,1606,17.8,7,4,11,7,0,0,0,0,0.39,0.22,0.62,0.39,0.62,Matches,a167537f
374,Jarrad Branthwaite,eng ENG,DF,Everton,eng Premier League,23,2002,10,7,680,7.6,1,0,1,1,0,0,1,0,0.13,0.00,0.13,0.13,0.13,Matches,c1949191
375,Riccardo Braschi,it ITA,FW,Fiorentina,it Serie A,18,2006,2,1,105,1.2,0,0,0,0,0,0,0,0,0.00,0.00,0.00,0.00,0.00,Matches,74269b2c
376,Lilian Brassier,fr FRA,DF,Rennes,fr Ligue 1,25,1999,27,25,2250,25.0,0,1,1,0,0,0,2,0,0.00,0.04,0.04,0.00,0.04,Matches,5b146df3
377,Iker Bravo,es ESP,FW,Udinese,it Serie A,20,2005,8,3,206,2.3,1,0,1,1,0,0,1,0,0.44,0.00,0.44,0.44,0.44,Matches,db8c8860
378,Josip Brekalo,hr CRO,MFFW,Oviedo,es La Liga,27,1998,14,6,486,5.4,0,0,0,0,0,0,1,0,0.00,0.00,0.00,0.00,0.00,Matches,d4a2533d
379,Gleison Bremer,br BRA,DF,Juventus,it Serie A,28,1997,26,25,2171,24.1,4,3,7,4,0,0,5,0,0.17,0.12,0.29,0.17,0.29,Matches,5fd5ed86
380,Marco Brescianini,it ITA,MF,Fiorentina,it Serie A,25,2000,17,10,862,9.6,1,1,2,1,0,0,1,0,0.10,0.10,0.21,0.10,0.21,Matches,dfd56738
381,Marco Brescianini,it ITA,MF,Atalanta,it Serie A,25,2000,9,0,182,2.0,1,0,1,1,0,0,1,0,0.49,0.00,0.49,0.49,0.49,Matches,dfd56738
382,Abel Bretones,es ESP,MFDF,Osasuna,es La Liga,24,2000,28,17,1624,18.0,1,2,3,1,0,0,5,1,0.06,0.11,0.17,0.06,0.17,Matches,40b6bd38
383,Sascha Britschgi,ch SUI,MFDF,Parma,it Serie A,18,2006,29,22,2095,23.3,0,2,2,0,0,0,7,1,0.00,0.09,0.09,0.00,0.09,Matches,a80fd995
384,Brian Brobbey,nl NED,FW,Sunderland,eng Premier League,23,2002,31,22,1927,21.4,7,1,8,7,0,0,6,0,0.33,0.05,0.37,0.33,0.37,Matches,4c184730
385,Marius Broholm,no NOR,MF,Lille,fr Ligue 1,20,2004,11,3,279,3.1,1,1,2,0,1,1,0,0,0.32,0.32,0.65,0.00,0.32,Matches,b5d543e4
386,Armando Broja,al ALB,FW,Burnley,eng Premier League,23,2001,24,8,860,9.6,1,1,2,1,0,0,0,0,0.10,0.10,0.21,0.10,0.21,Matches,97220da2
387,David Brooks,wls WAL,MF,Bournemouth,eng Premier League,28,1997,31,13,1204,13.4,1,3,4,1,0,0,7,0,0.07,0.22,0.30,0.07,0.30,Matches,dc4cae05
388,Nathaniel Brown,de GER,MFDF,Frankfurt,de Bundesliga,22,2003,33,29,2656,29.5,4,4,8,4,0,0,3,0,0.14,0.14,0.27,0.14,0.27,Matches,abc79c47
389,Brugui,es ESP,MFFW,Levante,es La Liga,28,1996,19,10,1005,11.2,1,1,2,1,0,0,1,1,0.09,0.09,0.18,0.09,0.18,Matches,66d0860c
390,Paris Brunner,de GER,FW,Monaco,fr Ligue 1,19,2006,7,1,132,1.5,0,0,0,0,0,0,1,0,0.00,0.00,0.00,0.00,0.00,Matches,a33ee121
391,Jacob Bruun Larsen,dk DEN,MFFW,Burnley,eng Premier League,26,1998,28,10,1030,11.4,0,1,1,0,0,0,0,0,0.00,0.09,0.09,0.00,0.09,Matches,4e204552
392,Tajon Buchanan,ca CAN,MF,Villarreal,es La Liga,26,1999,34,21,1819,20.2,7,1,8,7,0,0,8,0,0.35,0.05,0.40,0.35,0.40,Matches,3aca6420
393,Ante Budimir,hr CRO,FW,Osasuna,es La Liga,34,1991,37,35,2938,32.6,17,0,17,11,6,8,3,0,0.52,0.00,0.52,0.34,0.34,Matches,8f3565b3
394,Emi Buendía,ar ARG,MF,Aston Villa,eng Premier League,28,1996,36,21,1755,19.5,6,2,8,6,0,0,6,0,0.31,0.10,0.41,0.31,0.41,Matches,66b76d44
395,Hugo Bueno,es ESP,MFDF,Wolves,eng Premier League,22,2002,35,26,2366,26.3,1,2,3,1,0,0,3,0,0.04,0.08,0.11,0.04,0.11,Matches,bfc3b3a0
396,Manu Bueno,es ESP,MF,Sevilla,es La Liga,21,2004,8,2,272,3.0,0,0,0,0,0,0,2,0,0.00,0.00,0.00,0.00,0.00,Matches,c5642098
397,Santiago Bueno,uy URU,DF,Wolves,eng Premier League,26,1998,29,28,2553,28.4,3,1,4,3,0,0,4,0,0.11,0.04,0.14,0.11,0.14,Matches,edc98fac
398,Louis Buffon,cz CZE,FW,Pisa,it Serie A,17,2007,4,0,32,0.4,0,0,0,0,0,0,0,0,0.00,0.00,0.00,0.00,0.00,Matches,7f4fe346
399,Adam Buksa,pl POL,FW,Udinese,it Serie A,29,1996,25,6,922,10.2,3,0,3,3,0,0,3,0,0.29,0.00,0.29,0.29,0.29,Matches,3b676989
400,Andrija Bulatović,me MNE,MF,Lens,fr Ligue 1,18,2006,19,6,762,8.5,0,4,4,0,0,0,2,0,0.00,0.47,0.47,0.00,0.47,Matches,2c841805
401,Marius Bülter,de GER,FWMF,Köln,de Bundesliga,32,1993,32,18,1597,17.7,5,4,9,5,0,0,3,0,0.28,0.23,0.51,0.28,0.51,Matches,ab5b7dc1
402,Facundo Buonanotte,ar ARG,MF,Leeds United,eng Premier League,20,2004,3,0,39,0.4,0,0,0,0,0,0,1,0,0.00,0.00,0.00,0.00,0.00,Matches,468a7a91
403,Facundo Buonanotte,ar ARG,MF,Chelsea,eng Premier League,20,2004,1,1,45,0.5,0,0,0,0,0,0,0,0,0.00,0.00,0.00,0.00,0.00,Matches,468a7a91
404,Alessandro Buongiorno,it ITA,DF,Napoli,it Serie A,26,1999,33,28,2521,28.0,0,1,1,0,0,0,3,0,0.00,0.04,0.04,0.00,0.04,Matches,4ae67f27
405,Livan Burcu,tr TUR,MFFW,Union Berlin,de Bundesliga,20,2004,18,6,651,7.2,1,1,2,1,0,0,4,0,0.14,0.14,0.28,0.14,0.28,Matches,55ac3a45
406,Jan Bürger,de GER,MFDF,Wolfsburg,de Bundesliga,18,2007,7,2,247,2.7,0,0,0,0,0,0,0,0,0.00,0.00,0.00,0.00,0.00,Matches,58d16724
407,Wouter Burger,nl NED,MF,Hoffenheim,de Bundesliga,24,2001,30,30,2430,27.0,4,5,9,4,0,0,7,1,0.15,0.19,0.33,0.15,0.33,Matches,fc571dff
408,Jonathan Burkardt,de GER,FW,Frankfurt,de Bundesliga,25,2000,22,15,1336,14.8,13,1,14,9,4,4,1,0,0.88,0.07,0.94,0.61,0.67,Matches,05f99a4a
409,Oliver Burke,sct SCO,FWMF,Union Berlin,de Bundesliga,28,1997,29,21,1664,18.5,6,2,8,6,0,0,4,0,0.32,0.11,0.43,0.32,0.43,Matches,f631c17f
410,Vincent Burlet,be BEL,DF,Lille,fr Ligue 1,19,2005,1,0,19,0.2,0,0,0,0,0,0,0,0,0.00,0.00,0.00,0.00,0.00,Matches,af8e48b6
411,Dan Burn,eng ENG,DF,Newcastle,eng Premier League,33,1992,29,25,2199,24.4,1,2,3,1,0,0,11,1,0.04,0.08,0.12,0.04,0.12,Matches,b2d31e83
412,Bradley Burrowes,eng ENG,MF,Aston Villa,eng Premier League,17,2008,1,0,17,0.2,0,0,0,0,0,0,0,0,0.00,0.00,0.00,0.00,0.00,Matches,802ee5ca
413,Marnon Busch,de GER,DFMF,Heidenheim,de Bundesliga,30,1994,29,20,1915,21.3,1,5,6,1,0,0,4,0,0.05,0.23,0.28,0.05,0.28,Matches,c38767ab
414,Aurélio Buta,pt POR,DF,Frankfurt,de Bundesliga,28,1997,4,1,144,1.6,0,0,0,0,0,0,1,0,0.00,0.00,0.00,0.00,0.00,Matches,b4705807
415,Jean Butez,fr FRA,GK,Como,it Serie A,30,1995,38,38,3420,38.0,0,1,1,0,0,0,3,0,0.00,0.03,0.03,0.00,0.03,Matches,7f40333d
416,Jun'ai Byfield,eng ENG,DF,Tottenham,eng Premier League,16,2008,1,0,1,0.0,0,0,0,0,0,0,0,0,0.00,0.00,0.00,0.00,0.00,Matches,0312881b
417,Sam Byram,eng ENG,DFMF,Leeds United,eng Premier League,31,1993,2,0,9,0.1,0,0,0,0,0,0,0,0,0.00,0.00,0.00,0.00,0.00,Matches,1bf811d4
418,William Bøving,dk DEN,MF,Mainz 05,de Bundesliga,22,2003,9,2,223,2.5,0,1,1,0,0,0,1,0,0.00,0.40,0.40,0.00,0.40,Matches,731302dc
419,Pau Cabanes,es ESP,FW,Villarreal,es La Liga,20,2005,1,0,16,0.2,0,0,0,0,0,0,0,0,0.00,0.00,0.00,0.00,0.00,Matches,53440b64
420,Rémy Cabella,fr FRA,MFFW,Nantes,fr Ligue 1,35,1990,11,6,572,6.4,2,0,2,1,1,1,1,0,0.31,0.00,0.31,0.16,0.16,Matches,148e136f
421,Jorge Cabello,es ESP,DF,Levante,es La Liga,21,2004,5,4,362,4.0,0,0,0,0,0,0,1,0,0.00,0.00,0.00,0.00,0.00,Matches,de204fbb
422,Pape Cabral,fr FRA,MF,Monaco,fr Ligue 1,18,2007,4,0,77,0.9,0,0,0,0,0,0,0,0,0.00,0.00,0.00,0.00,0.00,Matches,4c95211f
423,Leandro Cabrera,uy URU,DF,Espanyol,es La Liga,34,1991,37,37,3330,37.0,3,0,3,3,0,0,4,0,0.08,0.00,0.08,0.08,0.08,Matches,69cbc8b6
424,Anthony Caci,fr FRA,MF,Mainz 05,de Bundesliga,28,1997,10,6,519,5.8,0,0,0,0,0,0,3,0,0.00,0.00,0.00,0.00,0.00,Matches,0118c54c
425,Noah Cadiou,gp GLP,MF,Lorient,fr Ligue 1,26,1998,28,20,1879,20.9,3,1,4,3,0,0,2,0,0.14,0.05,0.19,0.14,0.19,Matches,696644d0
426,Mathieu Cafaro,fr FRA,FW,Paris FC,fr Ligue 1,28,1997,10,1,152,1.7,0,0,0,0,0,0,0,0,0.00,0.00,0.00,0.00,0.00,Matches,2a657da0
427,Moisés Caicedo,ec ECU,MF,Chelsea,eng Premier League,23,2001,33,32,2795,31.1,3,1,4,3,0,0,11,1,0.10,0.03,0.13,0.10,0.13,Matches,16264a81
428,Tom Cairney,sct SCO,MF,Fulham,eng Premier League,34,1991,24,6,775,8.6,2,0,2,2,0,0,3,0,0.23,0.00,0.23,0.23,0.23,Matches,a8748947
429,Arturo Calabresi,it ITA,DF,Pisa,it Serie A,29,1996,26,17,1514,16.8,0,0,0,0,0,0,8,0,0.00,0.00,0.00,0.00,0.00,Matches,34bb6fbd
430,Riccardo Calafiori,it ITA,DF,Arsenal,eng Premier League,23,2002,26,22,1699,18.9,1,2,3,1,0,0,5,0,0.05,0.11,0.16,0.05,0.16,Matches,aded8e6f
431,Miguel Calatayud,es ESP,DF,Mallorca,es La Liga,19,2006,2,0,43,0.5,0,0,0,0,0,0,0,0,0.00,0.00,0.00,0.00,0.00,Matches,94e2d031
432,Calebe,br BRA,MF,Alavés,es La Liga,25,2000,19,13,752,8.4,0,0,0,0,0,0,2,0,0.00,0.00,0.00,0.00,0.00,Matches,c84af55e
433,Fernando Calero,es ESP,DF,Espanyol,es La Liga,29,1995,28,24,2148,23.9,0,0,0,0,0,0,5,0,0.00,0.00,0.00,0.00,0.00,Matches,41b3069f
434,Duje Ćaleta-Car,hr CRO,DF,Real Sociedad,es La Liga,28,1996,27,24,2150,23.9,1,0,1,1,0,0,6,1,0.04,0.00,0.04,0.04,0.04,Matches,94f8d10c
435,Hakan Çalhanoğlu,tr TUR,MF,Inter,it Serie A,31,1994,22,20,1639,18.2,9,4,13,5,4,5,7,0,0.49,0.22,0.71,0.27,0.49,Matches,cd0fa27b
436,Dominic Calvert-Lewin,eng ENG,FW,Leeds United,eng Premier League,28,1997,35,30,2721,30.2,14,1,15,10,4,5,3,0,0.46,0.03,0.50,0.33,0.36,Matches,59e6e5bf
437,Dani Calvo,es ESP,DF,Oviedo,es La Liga,31,1994,20,17,1611,17.9,0,0,0,0,0,0,3,0,0.00,0.00,0.00,0.00,0.00,Matches,dd672e1f
438,Abdoulaye Camara,fr FRA,MF,Udinese,it Serie A,16,2008,1,0,12,0.1,0,0,0,0,0,0,0,0,0.00,0.00,0.00,0.00,0.00,Matches,b1617bd1
439,Adama Camara,fr FRA,MFDF,Paris FC,fr Ligue 1,28,1996,29,26,2159,24.0,1,0,1,1,0,0,8,0,0.04,0.00,0.04,0.04,0.04,Matches,1fce7c69
440,Amady Camara,ml MLI,FW,Nantes,fr Ligue 1,20,2005,10,1,171,1.9,0,0,0,0,0,0,0,0,0.00,0.00,0.00,0.00,0.00,Matches,71657c92
441,Dawda Camara,mr MTN,FW,Girona,es La Liga,22,2002,2,1,72,0.8,0,0,0,0,0,0,0,0,0.00,0.00,0.00,0.00,0.00,Matches,89b1ce31
442,Lamine Camara,sn SEN,MF,Monaco,fr Ligue 1,21,2004,24,22,1847,20.5,3,4,7,3,0,0,6,0,0.15,0.19,0.34,0.15,0.34,Matches,19c2ffa4
443,Mahdi Camara,fr FRA,MF,Rennes,fr Ligue 1,27,1998,32,31,2653,29.5,3,1,4,3,0,0,5,1,0.10,0.03,0.14,0.10,0.14,Matches,8577e60a
444,Ousmane Camara,ml MLI,DF,Angers,fr Ligue 1,22,2003,32,31,2718,30.2,1,0,1,1,0,0,4,0,0.03,0.00,0.03,0.03,0.03,Matches,7d3dfdfd
445,Francesco Camarda,it ITA,FW,Lecce,it Serie A,17,2008,21,7,687,7.6,1,0,1,1,0,1,1,0,0.13,0.00,0.13,0.13,0.13,Matches,1956a64b
446,Eduardo Camavinga,fr FRA,MF,Real Madrid,es La Liga,22,2002,29,16,1528,17.0,1,0,1,1,0,0,2,0,0.06,0.00,0.06,0.06,0.06,Matches,7b9c2d84
447,Nicolò Cambiaghi,it ITA,MFFW,Bologna,it Serie A,24,2000,28,17,1518,16.9,3,4,7,3,0,0,3,1,0.18,0.24,0.42,0.18,0.42,Matches,91ff775f
448,Andrea Cambiaso,it ITA,MFDF,Juventus,it Serie A,25,2000,36,35,2769,30.8,3,4,7,3,0,0,3,1,0.10,0.13,0.23,0.10,0.23,Matches,247ed022
449,Axel Camblan,fr FRA,FW,Brest,fr Ligue 1,21,2003,1,0,12,0.1,0,0,0,0,0,0,0,0,0.00,0.00,0.00,0.00,0.00,Matches,9f4a940f
450,Sergio Camello,es ESP,FWMF,Rayo Vallecano,es La Liga,24,2001,22,8,823,9.1,5,1,6,5,0,0,3,1,0.55,0.11,0.66,0.55,0.66,Matches,873619c6
451,Cole Campbell,us USA,FW,Hoffenheim,de Bundesliga,19,2006,5,0,79,0.9,0,0,0,0,0,0,0,0,0.00,0.00,0.00,0.00,0.00,Matches,fbb270b2
452,Cole Campbell,us USA,FW,Dortmund,de Bundesliga,19,2006,1,0,17,0.2,0,0,0,0,0,0,0,0,0.00,0.00,0.00,0.00,0.00,Matches,fbb270b2
453,Emre Can,de GER,DF,Dortmund,de Bundesliga,31,1994,9,7,621,6.9,3,0,3,0,3,3,3,0,0.43,0.00,0.43,0.00,0.00,Matches,a65ce836
454,Matteo Cancellieri,it ITA,FW,Lazio,it Serie A,23,2002,30,21,1725,19.2,4,2,6,4,0,0,6,0,0.21,0.10,0.31,0.21,0.31,Matches,b6a1cdf9
455,João Cancelo,pt POR,DF,Barcelona,es La Liga,31,1994,16,11,954,10.6,2,2,4,2,0,0,1,0,0.19,0.19,0.38,0.19,0.38,Matches,bd6351cd
456,Fali Candé,gw GNB,DF,Sassuolo,it Serie A,27,1998,12,5,509,5.7,0,0,0,0,0,0,2,0,0.00,0.00,0.00,0.00,0.00,Matches,3cc4bb19
457,Simone Canestrelli,it ITA,DF,Pisa,it Serie A,24,2000,37,36,3201,35.6,1,0,1,1,0,0,4,0,0.03,0.00,0.03,0.03,0.03,Matches,d8c54a50
458,Jaydee Canvot,fr FRA,MFDF,Toulouse,fr Ligue 1,19,2006,2,2,180,2.0,0,0,0,0,0,0,1,0,0.00,0.00,0.00,0.00,0.00,Matches,3684108d
459,Jaydee Canvot,fr FRA,DF,Crystal Palace,eng Premier League,19,2006,20,14,1336,14.8,0,0,0,0,0,0,3,0,0.00,0.00,0.00,0.00,0.00,Matches,3684108d
460,Nicolás Capaldo,ar ARG,DFMF,Hamburger SV,de Bundesliga,26,1998,26,24,2001,22.2,1,3,4,1,0,0,10,0,0.04,0.13,0.18,0.04,0.18,Matches,6885cc44
461,Pierrick Capelle,fr FRA,MF,Angers,fr Ligue 1,38,1987,16,6,651,7.2,0,1,1,0,0,0,2,0,0.00,0.14,0.14,0.00,0.14,Matches,79b2399c
462,Elia Caprile,it ITA,GK,Cagliari,it Serie A,23,2001,38,38,3420,38.0,0,0,0,0,0,0,2,0,0.00,0.00,0.00,0.00,0.00,Matches,97d7afbd
463,Maxence Caqueret,fr FRA,MF,Como,it Serie A,25,2000,30,17,1485,16.5,2,6,8,2,0,0,3,0,0.12,0.36,0.48,0.12,0.48,Matches,f81ef10d
464,Antonio Caracciolo,it ITA,DF,Pisa,it Serie A,35,1990,35,34,3073,34.1,2,0,2,2,0,0,10,0,0.06,0.00,0.06,0.06,0.06,Matches,99d8fc35
465,Filippo Carbone,it ITA,MF,Genoa,it Serie A,18,2006,1,0,8,0.1,0,0,0,0,0,0,0,0,0.00,0.00,0.00,0.00,0.00,Matches,252ac080
466,Franco Carboni,it ITA,MF,Parma,it Serie A,22,2003,7,1,114,1.3,0,0,0,0,0,0,0,0,0.00,0.00,0.00,0.00,0.00,Matches,b033f803
467,Valentin Carboni,ar ARG,MF,Genoa,it Serie A,20,2005,12,3,359,4.0,0,0,0,0,0,0,2,0,0.00,0.00,0.00,0.00,0.00,Matches,707b98f1
468,Dani Cárdenas,es ESP,GK,Rayo Vallecano,es La Liga,28,1997,4,4,360,4.0,0,0,0,0,0,0,0,0,0.00,0.00,0.00,0.00,0.00,Matches,e1846dde
469,Alessandro Cardinali,it ITA,FW,Parma,it Serie A,19,2006,1,0,45,0.5,0,0,0,0,0,0,0,0,0.00,0.00,0.00,0.00,0.00,Matches,639f3541
470,Rio Cardines,tt TRI,MF,Crystal Palace,eng Premier League,19,2006,1,1,90,1.0,0,0,0,0,0,0,0,0,0.00,0.00,0.00,0.00,0.00,Matches,702812fe
471,Sergi Cardona,es ESP,DF,Villarreal,es La Liga,26,1999,31,20,1970,21.9,1,4,5,1,0,0,4,0,0.05,0.18,0.23,0.05,0.23,Matches,74e90475
472,Fábio Cardoso,pt POR,DF,Sevilla,es La Liga,31,1994,4,4,295,3.3,0,0,0,0,0,0,0,0,0.00,0.00,0.00,0.00,0.00,Matches,4a5839fa
473,Johnny Cardoso,us USA,MF,Atlético Madrid,es La Liga,23,2001,15,12,887,9.9,0,0,0,0,0,0,5,0,0.00,0.00,0.00,0.00,0.00,Matches,7426f085
474,Maycon Cardozo,br BRA,MF,Bayern Munich,de Bundesliga,16,2008,2,0,34,0.4,0,0,0,0,0,0,0,0,0.00,0.00,0.00,0.00,0.00,Matches,0f913ef4
475,Igor Carioca,br BRA,DF,Lorient,fr Ligue 1,28,1996,17,13,1213,13.5,1,0,1,1,0,0,1,0,0.07,0.00,0.07,0.07,0.07,Matches,e3e32fbb
476,Patrik Carlgren,se SWE,GK,Nantes,fr Ligue 1,33,1992,3,2,182,2.0,0,0,0,0,0,0,0,0,0.00,0.00,0.00,0.00,0.00,Matches,168c50c5
477,Diego Carlos,br BRA,DF,Como,it Serie A,32,1993,27,21,1949,21.7,1,0,1,1,0,0,8,0,0.05,0.00,0.05,0.05,0.05,Matches,b4a014b1
478,Kevin Carlos,es ESP,FW,Nice,fr Ligue 1,24,2001,23,9,880,9.8,0,0,0,0,0,0,3,0,0.00,0.00,0.00,0.00,0.00,Matches,710c9891
479,David Carmo,ao ANG,DF,Oviedo,es La Liga,26,1999,22,20,1786,19.8,1,0,1,1,0,0,8,1,0.05,0.00,0.05,0.05,0.05,Matches,3ce20eda
480,Carmona,es ESP,DFMF,Sevilla,es La Liga,23,2002,35,29,2565,28.5,1,3,4,1,0,0,13,0,0.04,0.11,0.14,0.04,0.14,Matches,2dce876a
481,Marco Carnesecchi,it ITA,GK,Atalanta,it Serie A,25,2000,37,37,3330,37.0,0,0,0,0,0,0,0,0,0.00,0.00,0.00,0.00,0.00,Matches,8ec56e62
482,Sergio Carreira,es ESP,MF,Celta Vigo,es La Liga,24,2000,34,29,2694,29.9,2,1,3,2,0,0,2,0,0.07,0.03,0.10,0.07,0.10,Matches,8d6a9c93
483,Gorka Carrera,es ESP,FW,Real Sociedad,es La Liga,20,2005,3,0,62,0.7,0,0,0,0,0,0,1,0,0.00,0.00,0.00,0.00,0.00,Matches,32fd34d7
484,Álvaro Carreras,es ESP,DF,Real Madrid,es La Liga,22,2003,28,26,2332,25.9,2,3,5,2,0,0,5,1,0.08,0.12,0.19,0.08,0.19,Matches,33a68b9b
485,Dani Carvajal,es ESP,DF,Real Madrid,es La Liga,33,1992,17,10,977,10.9,0,1,1,0,0,0,0,0,0.00,0.09,0.09,0.00,0.09,Matches,4958bfb2
486,Fabio Carvalho,pt POR,MF,Brentford,eng Premier League,22,2002,6,1,102,1.1,1,0,1,1,0,0,0,0,0.88,0.00,0.88,0.88,0.88,Matches,966e28d0
487,Cesare Casadei,it ITA,MF,Torino,it Serie A,22,2003,33,19,1997,22.2,6,0,6,6,0,0,5,0,0.27,0.00,0.27,0.27,0.27,Matches,fb920f3a
488,Marc Casado,es ESP,MF,Barcelona,es La Liga,21,2003,24,10,989,11.0,0,1,1,0,0,0,1,0,0.00,0.09,0.09,0.00,0.09,Matches,2ef08833
489,Nicolò Casale,it ITA,DF,Bologna,it Serie A,27,1998,12,8,678,7.5,0,0,0,0,0,0,0,0,0.00,0.00,0.00,0.00,0.00,Matches,3f5f38fb
490,Casemiro,br BRA,MF,Manchester Utd,eng Premier League,33,1992,34,33,2571,28.6,9,2,11,9,0,0,11,1,0.32,0.07,0.39,0.32,0.39,Matches,4d224fe8
491,Matty Cash,pl POL,DF,Aston Villa,eng Premier League,27,1997,35,34,3014,33.5,3,3,6,3,0,0,9,0,0.09,0.09,0.18,0.09,0.18,Matches,2389cdc2
492,Josué Casimir,ht HAI,MFFW,Auxerre,fr Ligue 1,23,2001,31,16,1522,16.9,1,0,1,1,0,1,6,1,0.06,0.00,0.06,0.06,0.06,Matches,481f76cf
493,Cristian Cásseres Jr.,ve VEN,MF,Toulouse,fr Ligue 1,25,2000,30,28,2495,27.7,2,3,5,2,0,1,6,0,0.07,0.11,0.18,0.07,0.18,Matches,f86fe8c1
494,Timothy Castagne,be BEL,DFMF,Fulham,eng Premier League,29,1995,30,20,1845,20.5,0,0,0,0,0,0,4,0,0.00,0.00,0.00,0.00,0.00,Matches,197640fd
495,Lluc Castell,es ESP,FW,Espanyol,es La Liga,18,2006,1,0,19,0.2,0,0,0,0,0,0,0,0,0.00,0.00,0.00,0.00,0.00,Matches,b339cacc
496,Valentín Castellanos,ar ARG,FW,Lazio,it Serie A,26,1998,11,8,692,7.7,2,3,5,2,0,0,2,0,0.26,0.39,0.65,0.26,0.65,Matches,da76bab4
497,Valentín Castellanos,ar ARG,FW,West Ham,eng Premier League,26,1998,18,17,1384,15.4,6,0,6,6,0,0,6,0,0.39,0.00,0.39,0.39,0.39,Matches,da76bab4
498,Castrin,es ESP,DF,Sevilla,es La Liga,22,2003,19,13,1277,14.2,1,0,1,1,0,0,4,0,0.07,0.00,0.07,0.07,0.07,Matches,fd06e61d
499,Jonny Castro,es ESP,DF,Alavés,es La Liga,31,1994,34,34,2994,33.3,0,0,0,0,0,0,7,0,0.00,0.00,0.00,0.00,0.00,Matches,e28868f3
500,Santiago Castro,ar ARG,FW,Bologna,it Serie A,20,2004,35,26,2359,26.2,7,2,9,7,0,0,3,0,0.27,0.08,0.34,0.27,0.34,Matches,ee5565ae
501,Alessio Castro-Montes,be BEL,MFDF,Köln,de Bundesliga,28,1997,14,7,672,7.5,1,3,4,1,0,0,2,0,0.13,0.40,0.54,0.13,0.54,Matches,742a4995
502,Jens Castrop,kr KOR,MF,Gladbach,de Bundesliga,22,2003,26,20,1584,17.6,3,1,4,3,0,0,2,2,0.17,0.06,0.23,0.17,0.23,Matches,03fee7de
503,Danilo Cataldi,it ITA,MF,Lazio,it Serie A,30,1994,27,24,1985,22.1,3,3,6,1,2,2,6,0,0.14,0.14,0.27,0.05,0.18,Matches,ba3d3bea
504,Catena,es ESP,DF,Osasuna,es La Liga,30,1994,35,35,3071,34.1,3,2,5,3,0,0,11,1,0.09,0.06,0.15,0.09,0.15,Matches,274ab13c
505,Nicolò Cavuoti,it ITA,MF,Cagliari,it Serie A,22,2003,4,0,44,0.5,0,0,0,0,0,0,0,0,0.00,0.00,0.00,0.00,0.00,Matches,747701ab
506,Santi Cazorla,es ESP,MF,Oviedo,es La Liga,40,1984,28,6,940,10.4,0,1,1,0,0,0,2,1,0.00,0.10,0.10,0.00,0.10,Matches,e2e9c250
507,Dani Ceballos,es ESP,MF,Real Madrid,es La Liga,28,1996,16,4,486,5.4,0,0,0,0,0,0,1,0,0.00,0.00,0.00,0.00,0.00,Matches,c0617e2b
508,Federico Ceccherini,it ITA,DF,Cremonese,it Serie A,33,1992,9,6,476,5.3,0,1,1,0,0,0,1,1,0.00,0.19,0.19,0.00,0.19,Matches,d9624b51
509,Abdoulie Ceesay,gm GAM,FW,St Pauli,de Bundesliga,21,2004,20,0,336,3.7,3,0,3,3,0,0,4,0,0.80,0.00,0.80,0.80,0.80,Matches,72ae8652
510,Nidal Čelik,ba BIH,DF,Lens,fr Ligue 1,19,2006,8,8,616,6.8,0,0,0,0,0,0,2,0,0.00,0.00,0.00,0.00,0.00,Matches,4e0d2a01
511,Zeki Çelik,tr TUR,MFDF,Roma,it Serie A,28,1997,34,32,2723,30.3,1,2,3,1,0,0,2,1,0.03,0.07,0.10,0.03,0.10,Matches,31a62dc7
512,Fabien Centonze,fr FRA,MFDF,Nantes,fr Ligue 1,29,1996,15,9,736,8.2,3,0,3,3,0,0,4,0,0.37,0.00,0.37,0.37,0.37,Matches,3c6bbbab
513,Lucas Cepeda,cl CHI,MF,Elche,es La Liga,22,2002,10,4,402,4.5,1,0,1,1,0,0,1,0,0.22,0.00,0.22,0.22,0.22,Matches,33d87e32
514,Václav Černý,cz CZE,FWMF,Wolfsburg,de Bundesliga,27,1997,2,0,47,0.5,0,0,0,0,0,0,0,0,0.00,0.00,0.00,0.00,0.00,Matches,bb1cf301
515,Jorge Cestero,es ESP,MF,Real Madrid,es La Liga,19,2006,2,0,13,0.1,0,0,0,0,0,0,0,0,0.00,0.00,0.00,0.00,0.00,Matches,881551a4
516,Julian Chabot,de GER,DF,Stuttgart,de Bundesliga,27,1998,27,26,2294,25.5,0,0,0,0,0,0,3,0,0.00,0.00,0.00,0.00,0.00,Matches,ae7058f9
517,El Chadaille Bitshiabu,fr FRA,DF,RB Leipzig,de Bundesliga,20,2005,11,8,655,7.3,0,0,0,0,0,0,0,0,0.00,0.00,0.00,0.00,0.00,Matches,2180c761
518,Fares Chaïbi,dz ALG,MF,Frankfurt,de Bundesliga,22,2002,28,21,1792,19.9,2,9,11,2,0,0,2,0,0.10,0.45,0.55,0.10,0.55,Matches,357103bd
519,Ilyas Chaira,ma MAR,MFFW,Oviedo,es La Liga,24,2001,36,30,2447,27.2,6,2,8,6,0,0,2,1,0.22,0.07,0.29,0.22,0.29,Matches,c998f00f
520,Trevoh Chalobah,eng ENG,DF,Chelsea,eng Premier League,26,1999,34,31,2783,30.9,3,0,3,3,0,0,3,1,0.10,0.00,0.10,0.10,0.10,Matches,5515376c
521,Fallou Cham,gm GAM,MF,Hellas Verona,it Serie A,19,2006,6,3,228,2.5,0,0,0,0,0,0,0,0,0.00,0.00,0.00,0.00,0.00,Matches,aa83c24f
522,Timothy Chandler,us USA,DFMF,Frankfurt,de Bundesliga,35,1990,1,0,11,0.1,0,0,0,0,0,0,0,0,0.00,0.00,0.00,0.00,0.00,Matches,b3b7f5a6
523,Brendan Chardonnet,fr FRA,DF,Brest,fr Ligue 1,30,1994,29,29,2546,28.3,1,3,4,1,0,0,6,0,0.04,0.11,0.14,0.04,0.14,Matches,16aa7d4c
524,Pep Chavarría,es ESP,DF,Rayo Vallecano,es La Liga,27,1998,33,29,2682,29.8,1,2,3,1,0,0,6,1,0.03,0.07,0.10,0.03,0.10,Matches,63c5e56b
525,Arthur Chaves,br BRA,DF,Hoffenheim,de Bundesliga,24,2001,4,2,240,2.7,0,0,0,0,0,0,1,0,0.00,0.00,0.00,0.00,0.00,Matches,913e4711
526,Arthur Chaves,br BRA,DF,Augsburg,de Bundesliga,24,2001,11,9,829,9.2,2,0,2,2,0,0,1,0,0.22,0.00,0.22,0.22,0.22,Matches,913e4711
527,Felipe Chávez,pe PER,MF,Bayern Munich,de Bundesliga,18,2007,2,0,14,0.2,0,0,0,0,0,0,0,0,0.00,0.00,0.00,0.00,0.00,Matches,0cb70cff
528,Felipe Chávez,pe PER,MF,Köln,de Bundesliga,18,2007,7,0,102,1.1,0,0,0,0,0,0,0,0,0.00,0.00,0.00,0.00,0.00,Matches,0cb70cff
529,Walid Cheddira,ma MAR,FW,Sassuolo,it Serie A,27,1998,16,1,221,2.5,1,0,1,1,0,0,1,0,0.41,0.00,0.41,0.41,0.41,Matches,0545a08e
530,Walid Cheddira,ma MAR,FW,Lecce,it Serie A,27,1998,17,11,1000,11.1,3,1,4,3,0,0,2,0,0.27,0.09,0.36,0.27,0.36,Matches,0545a08e
531,Chema,es ESP,MF,Stuttgart,de Bundesliga,20,2005,25,14,1310,14.6,3,0,3,3,0,0,5,0,0.21,0.00,0.21,0.21,0.21,Matches,39ef21fa
532,Samir Chergui,dz ALG,DF,Paris FC,fr Ligue 1,26,1999,15,13,1154,12.8,1,0,1,1,0,0,1,0,0.08,0.00,0.08,0.08,0.08,Matches,4b6ab1da
533,Sidiki Cherif,fr FRA,FWMF,Angers,fr Ligue 1,18,2006,19,14,1157,12.9,4,0,4,4,0,0,3,0,0.31,0.00,0.31,0.31,0.31,Matches,78430598
534,Rayan Cherki,fr FRA,MF,Manchester City,eng Premier League,21,2003,33,19,1786,19.8,4,12,16,4,0,0,1,0,0.20,0.60,0.81,0.20,0.81,Matches,b34c63a5
535,Lucas Chevalier,fr FRA,GK,PSG,fr Ligue 1,23,2001,17,17,1530,17.0,0,0,0,0,0,0,0,0,0.00,0.00,0.00,0.00,0.00,Matches,b3d76d84
536,Fabio Chiarodia,it ITA,DF,Gladbach,de Bundesliga,20,2005,15,8,674,7.5,0,0,0,0,0,0,1,0,0.00,0.00,0.00,0.00,0.00,Matches,48780156
537,Federico Chiesa,it ITA,MF,Liverpool,eng Premier League,27,1997,26,1,339,3.8,2,1,3,2,0,0,3,0,0.53,0.27,0.80,0.53,0.80,Matches,b0f7e36c
538,Ben Chilwell,eng ENG,DFMF,Strasbourg,fr Ligue 1,28,1996,20,19,1598,17.8,0,2,2,0,0,0,4,0,0.00,0.11,0.11,0.00,0.11,Matches,d2424d1b
539,Tawanda Chirewa,zw ZIM,MF,Wolves,eng Premier League,21,2003,2,0,27,0.3,0,0,0,0,0,0,0,0,0.00,0.00,0.00,0.00,0.00,Matches,34721c11
540,Joris Chotard,fr FRA,MF,Brest,fr Ligue 1,23,2001,33,31,2773,30.8,2,1,3,2,0,0,2,0,0.06,0.03,0.10,0.06,0.10,Matches,7909ffa4
541,Andreas Christensen,dk DEN,DF,Barcelona,es La Liga,29,1996,13,3,409,4.5,0,0,0,0,0,0,2,0,0.00,0.00,0.00,0.00,0.00,Matches,1cb49278
542,Oliver Christensen,dk DEN,GK,Fiorentina,it Serie A,26,1999,1,1,86,1.0,0,0,0,0,0,0,0,0,0.00,0.00,0.00,0.00,0.00,Matches,af104654
543,Ryan Christie,sct SCO,MF,Bournemouth,eng Premier League,30,1995,26,9,994,11.0,2,0,2,2,0,0,3,1,0.18,0.00,0.18,0.18,0.18,Matches,26ce2263
544,Carney Chukwuemeka,at AUT,MFFW,Dortmund,de Bundesliga,21,2003,28,8,919,10.2,2,0,2,2,0,0,2,0,0.20,0.00,0.20,0.20,0.20,Matches,b2f9c73e
545,Samuel Chukwueze,ng NGA,FWMF,Milan,it Serie A,26,1999,1,0,26,0.3,0,0,0,0,0,0,0,0,0.00,0.00,0.00,0.00,0.00,Matches,b8a642fc
546,Samuel Chukwueze,ng NGA,MF,Fulham,eng Premier League,26,1999,23,10,1079,12.0,3,4,7,3,0,0,0,0,0.25,0.33,0.58,0.25,0.58,Matches,b8a642fc
547,Víctor Chust,es ESP,DF,Elche,es La Liga,25,2000,31,22,2166,24.1,1,0,1,1,0,0,8,1,0.04,0.00,0.04,0.04,0.04,Matches,ec1a731e
548,Alessandro Circati,au AUS,DF,Parma,it Serie A,21,2003,31,31,2664,29.6,1,0,1,1,0,0,6,0,0.03,0.00,0.03,0.03,0.03,Matches,1223765c
549,Dennis Cirkin,lv LVA,DF,Sunderland,eng Premier League,23,2002,8,3,323,3.6,0,0,0,0,0,0,2,0,0.00,0.00,0.00,0.00,0.00,Matches,307ea3b6
550,Pathé Ciss,sn SEN,MFDF,Rayo Vallecano,es La Liga,31,1994,29,20,1999,22.2,2,1,3,2,0,0,9,2,0.09,0.05,0.14,0.09,0.14,Matches,9a0408b6
551,Amadou Cissé,gn GUI,DF,Strasbourg,fr Ligue 1,19,2006,1,1,90,1.0,0,0,0,0,0,0,0,0,0.00,0.00,0.00,0.00,0.00,Matches,c2574fe6
552,Djaoui Cissé,fr FRA,MF,Rennes,fr Ligue 1,21,2004,24,12,981,10.9,0,0,0,0,0,0,3,0,0.00,0.00,0.00,0.00,0.00,Matches,576ca93f
553,Mamoudou Cissokho,fr FRA,FW,Auxerre,fr Ligue 1,17,2007,2,0,2,0.0,0,0,0,0,0,0,0,0,0.00,0.00,0.00,0.00,0.00,Matches,ab4a3476
554,Alexis Claude-Maurice,fr FRA,MFFW,Augsburg,de Bundesliga,27,1998,29,25,2097,23.3,5,4,9,4,1,2,3,0,0.21,0.17,0.39,0.17,0.34,Matches,741418c3
555,Jonathan Clauss,fr FRA,MFDF,Nice,fr Ligue 1,32,1992,30,28,2530,28.1,1,6,7,1,0,0,0,0,0.04,0.21,0.25,0.04,0.25,Matches,5219ab4a
556,Nathaniel Clyne,eng ENG,MFDF,Crystal Palace,eng Premier League,34,1991,10,7,594,6.6,0,1,1,0,0,0,1,0,0.00,0.15,0.15,0.00,0.15,Matches,0442183b
557,Matteo Cocchi,it ITA,DF,Inter,it Serie A,18,2007,1,0,17,0.2,0,0,0,0,0,0,0,0,0.00,0.00,0.00,0.00,0.00,Matches,2081c175
558,Saúl Coco,gq EQG,DF,Torino,it Serie A,26,1999,35,35,3088,34.3,1,1,2,1,0,0,3,0,0.03,0.03,0.06,0.03,0.06,Matches,d0ee1652
559,Séamus Coleman,ie IRL,DF,Everton,eng Premier League,36,1988,5,1,21,0.2,0,0,0,0,0,0,0,0,0.00,0.00,0.00,0.00,0.00,Matches,0420d84f
560,Maxime Colin,fr FRA,DF,Metz,fr Ligue 1,33,1991,22,18,1692,18.8,0,0,0,0,0,0,1,0,0.00,0.00,0.00,0.00,0.00,Matches,2f71c116
561,Nathan Collins,ie IRL,DF,Brentford,eng Premier League,24,2001,35,32,2975,33.1,1,2,3,1,0,0,7,0,0.03,0.06,0.09,0.03,0.09,Matches,a8c19eb8
562,Nnamdi Collins,de GER,DF,Frankfurt,de Bundesliga,21,2004,23,16,1500,16.7,1,2,3,1,0,0,4,0,0.06,0.12,0.18,0.06,0.18,Matches,8eb5c94c
563,Michele Collocolo,it ITA,MF,Cremonese,it Serie A,25,1999,8,5,362,4.0,0,0,0,0,0,0,1,0,0.00,0.00,0.00,0.00,0.00,Matches,b7946402
564,Santiago Colombatto,ar ARG,MF,Oviedo,es La Liga,28,1997,32,23,2064,22.9,0,1,1,0,0,0,6,0,0.00,0.04,0.04,0.00,0.04,Matches,ad9fdbf3
565,Lorenzo Colombo,it ITA,FW,Genoa,it Serie A,23,2002,38,30,2326,25.8,7,1,8,6,1,2,2,0,0.27,0.04,0.31,0.23,0.27,Matches,04df29a5
566,Levi Colwill,eng ENG,DF,Chelsea,eng Premier League,22,2003,3,2,225,2.5,0,0,0,0,0,0,0,0,0.00,0.00,0.00,0.00,0.00,Matches,700783e7
567,Eray Cömert,ch SUI,DF,Valencia,es La Liga,27,1998,17,15,1337,14.9,2,1,3,2,0,0,3,1,0.13,0.07,0.20,0.13,0.20,Matches,15937e17
568,Santi Comesaña,es ESP,MF,Villarreal,es La Liga,28,1996,34,28,2407,26.7,3,6,9,3,0,0,5,1,0.11,0.22,0.34,0.11,0.34,Matches,5ae499d0
569,Pietro Comuzzo,it ITA,DF,Fiorentina,it Serie A,20,2005,27,18,1696,18.8,1,0,1,1,0,0,2,0,0.05,0.00,0.05,0.05,0.05,Matches,5e3ecc35
570,Francisco Conceição,pt POR,MFFW,Juventus,it Serie A,22,2002,31,27,2078,23.1,3,5,8,3,0,0,3,0,0.13,0.22,0.35,0.13,0.35,Matches,5ef3d210
571,Christian Conteh,de GER,MFFW,Heidenheim,de Bundesliga,25,1999,9,4,404,4.5,0,0,0,0,0,0,0,0,0.00,0.00,0.00,0.00,0.00,Matches,231b327e
572,Sirlord Conteh,de GER,MFFW,Heidenheim,de Bundesliga,29,1996,15,3,625,6.9,2,1,3,2,0,0,1,0,0.29,0.14,0.43,0.29,0.43,Matches,34e09d5f
573,Nikita Contini,it ITA,GK,Napoli,it Serie A,29,1996,1,0,11,0.1,0,0,0,0,0,0,0,0,0.00,0.00,0.00,0.00,0.00,Matches,e95069bb
574,Lewis Cook,eng ENG,MFDF,Bournemouth,eng Premier League,28,1997,18,8,874,9.7,0,1,1,0,0,0,1,1,0.00,0.10,0.10,0.00,0.10,Matches,2afc7272
575,Copete,es ESP,DF,Valencia,es La Liga,25,1999,21,19,1759,19.5,0,0,0,0,0,0,5,0,0.00,0.00,0.00,0.00,0.00,Matches,0f26ffd7
576,Diego Coppola,it ITA,DF,Paris FC,fr Ligue 1,21,2003,13,13,1170,13.0,0,2,2,0,0,0,1,0,0.00,0.15,0.15,0.00,0.15,Matches,22ae86f9
577,Diego Coppola,it ITA,DF,Brighton,eng Premier League,21,2003,5,2,194,2.2,0,0,0,0,0,0,2,0,0.00,0.00,0.00,0.00,0.00,Matches,22ae86f9
578,Francesco Coppola,it ITA,DF,Pisa,it Serie A,20,2005,7,5,458,5.1,0,0,0,0,0,0,3,0,0.00,0.00,0.00,0.00,0.00,Matches,387335e7
579,Francis Coquelin,fr FRA,MF,Nantes,fr Ligue 1,34,1991,16,8,655,7.3,0,1,1,0,0,0,2,0,0.00,0.14,0.14,0.00,0.14,Matches,a6951bf8
580,Derek Cornelius,ca CAN,DFFW,Marseille,fr Ligue 1,27,1997,2,0,58,0.6,0,0,0,0,0,0,0,0,0.00,0.00,0.00,0.00,0.00,Matches,577744b8
581,Maxwel Cornet,ci CIV,MF,Genoa,it Serie A,28,1996,8,1,118,1.3,0,0,0,0,0,1,0,0,0.00,0.00,0.00,0.00,0.00,Matches,beb391dd
582,Iván Corralejo,es ESP,MF,Real Betis,es La Liga,18,2007,1,0,15,0.2,0,0,0,0,0,0,0,0,0.00,0.00,0.00,0.00,0.00,Matches,7dd27351
583,Félix Correia,pt POR,MF,Lille,fr Ligue 1,24,2001,34,26,2053,22.8,4,5,9,4,0,0,2,0,0.18,0.22,0.39,0.18,0.39,Matches,c803c92a
584,Thierry Correia,pt POR,DFMF,Valencia,es La Liga,26,1999,24,17,1392,15.5,0,2,2,0,0,0,5,0,0.00,0.13,0.13,0.00,0.13,Matches,c78b352d
585,Alvaro Cortes,es ESP,DF,Barcelona,es La Liga,20,2005,1,1,90,1.0,0,0,0,0,0,0,0,0,0.00,0.00,0.00,0.00,0.00,Matches,493e1869
586,Paco Cortés,es ESP,MFFW,Levante,es La Liga,17,2007,12,4,472,5.2,0,0,0,0,0,0,2,0,0.00,0.00,0.00,0.00,0.00,Matches,106984ac
587,Edoardo Corvi,it ITA,GK,Parma,it Serie A,24,2001,17,17,1530,17.0,0,0,0,0,0,0,1,0,0.00,0.00,0.00,0.00,0.00,Matches,a89398db
588,Coba da Costa,es ESP,MF,Getafe,es La Liga,23,2002,14,2,348,3.9,0,0,0,0,0,0,1,0,0.00,0.00,0.00,0.00,0.00,Matches,0b3358f0
589,Danny da Costa,de GER,DFMF,Mainz 05,de Bundesliga,32,1993,34,30,2695,29.9,2,3,5,2,0,0,3,0,0.07,0.10,0.17,0.07,0.17,Matches,5ddb8f9f
590,Logan Costa,cv CPV,DF,Villarreal,es La Liga,24,2001,2,0,30,0.3,0,0,0,0,0,0,0,0,0.00,0.00,0.00,0.00,0.00,Matches,bfb2056e
591,Samu Costa,pt POR,MF,Mallorca,es La Liga,24,2000,34,31,2697,30.0,7,2,9,7,0,0,11,0,0.23,0.07,0.30,0.23,0.30,Matches,76c2a023
592,David Costas,es ESP,DF,Oviedo,es La Liga,30,1995,25,22,2066,23.0,1,0,1,1,0,0,3,0,0.04,0.00,0.04,0.04,0.04,Matches,545e2f01
593,Grégoire Coudert,fr FRA,GK,Brest,fr Ligue 1,26,1999,25,24,2192,24.4,0,0,0,0,0,0,2,0,0.00,0.00,0.00,0.00,0.00,Matches,ca95200f
594,Vladimír Coufal,cz CZE,DFMF,Hoffenheim,de Bundesliga,32,1992,34,34,3012,33.5,1,8,9,1,0,0,4,0,0.03,0.24,0.27,0.03,0.27,Matches,fdf3cb77
595,Abdoul Coulibaly,de GER,DF,Werder Bremen,de Bundesliga,18,2007,27,24,2120,23.6,1,0,1,1,0,0,5,1,0.04,0.00,0.04,0.04,0.04,Matches,a20a798a
596,Djibril Coulibaly,fr FRA,MF,Nice,fr Ligue 1,16,2008,2,0,13,0.1,0,0,0,0,0,0,0,0,0.00,0.00,0.00,0.00,0.00,Matches,2fb8f3a6
597,Lassana Coulibaly,ml MLI,MF,Lecce,it Serie A,29,1996,33,31,2689,29.9,3,1,4,3,0,0,4,0,0.10,0.03,0.13,0.10,0.13,Matches,85a44ecc
598,Lasso Coulibaly,ci CIV,MF,Auxerre,fr Ligue 1,22,2002,17,1,321,3.6,0,0,0,0,0,0,1,0,0.00,0.00,0.00,0.00,0.00,Matches,78310540
599,Mamadou Coulibaly,fr FRA,MF,Monaco,fr Ligue 1,21,2004,25,15,1381,15.3,3,3,6,3,0,0,7,1,0.20,0.20,0.39,0.20,0.39,Matches,dacf856a
600,Soumaïla Coulibaly,fr FRA,DF,Brest,fr Ligue 1,21,2003,16,15,1338,14.9,0,0,0,0,0,0,3,0,0.00,0.00,0.00,0.00,0.00,Matches,9dff291c
601,Woyo Coulibaly,ml MLI,DF,Sassuolo,it Serie A,26,1999,20,9,1054,11.7,0,0,0,0,0,0,2,0,0.00,0.00,0.00,0.00,0.00,Matches,beb6e3a6
602,Marius Courcoul,fr FRA,MF,Angers,fr Ligue 1,18,2007,18,3,374,4.2,0,0,0,0,0,0,0,0,0.00,0.00,0.00,0.00,0.00,Matches,28ab7aba
603,Thibaut Courtois,be BEL,GK,Real Madrid,es La Liga,33,1992,32,32,2880,32.0,0,0,0,0,0,0,1,0,0.00,0.00,0.00,0.00,0.00,Matches,1840e36d
604,Yan Couto,br BRA,MF,Dortmund,de Bundesliga,23,2002,19,11,997,11.1,2,2,4,2,0,0,4,0,0.18,0.18,0.36,0.18,0.36,Matches,1944818c
605,Patrice Čović,hr CRO,MF,Werder Bremen,de Bundesliga,18,2007,15,2,351,3.9,1,0,1,1,0,0,1,0,0.26,0.00,0.26,0.26,0.26,Matches,099bf7b3
606,Nicolas Cozza,fr FRA,DF,Nantes,fr Ligue 1,26,1999,29,25,2301,25.6,0,1,1,0,0,0,2,0,0.00,0.04,0.04,0.00,0.04,Matches,8f325097
607,Ben Cremaschi,us USA,MF,Parma,it Serie A,20,2005,8,2,132,1.5,0,0,0,0,0,0,0,0,0.00,0.00,0.00,0.00,0.00,Matches,03a446a2
608,Charlie Cresswell,eng ENG,DF,Toulouse,fr Ligue 1,22,2002,29,28,2533,28.1,3,2,5,3,0,0,8,0,0.11,0.07,0.18,0.11,0.18,Matches,4654e5f5
609,Bryan Cristante,it ITA,MF,Roma,it Serie A,30,1995,37,36,3094,34.4,2,1,3,2,0,0,6,0,0.06,0.03,0.09,0.06,0.09,Matches,16657b95
610,Juan Cruz Armada,es ESP,DF,Osasuna,es La Liga,33,1992,15,7,649,7.2,0,0,0,0,0,0,2,0,0.00,0.00,0.00,0.00,0.00,Matches,a56da3ba
611,Juan Cuadrado,co COL,MF,Pisa,it Serie A,37,1988,19,2,506,5.6,1,0,1,0,1,1,3,0,0.18,0.00,0.18,0.00,0.00,Matches,0ab1f153
612,Pau Cubarsí,es ESP,DF,Barcelona,es La Liga,18,2007,31,31,2703,30.0,1,0,1,1,0,0,3,0,0.03,0.00,0.03,0.03,0.03,Matches,cc7888f3
613,Miguel Cubo,es ESP,FW,Atlético Madrid,es La Liga,17,2008,2,0,50,0.6,1,0,1,1,0,0,0,0,1.80,0.00,1.80,1.80,1.80,Matches,1b859ffc
614,Cucho,co COL,FW,Real Betis,es La Liga,26,1999,32,30,2580,28.7,11,3,14,10,1,1,5,0,0.38,0.10,0.49,0.35,0.45,Matches,71b47ab9
615,Marc Cucurella,es ESP,DF,Chelsea,eng Premier League,27,1998,34,31,2707,30.1,1,4,5,1,0,0,8,1,0.03,0.13,0.17,0.03,0.17,Matches,1daec722
616,Jorge Cuenca,es ESP,DF,Fulham,eng Premier League,25,1999,15,11,938,10.4,0,0,0,0,0,0,6,0,0.00,0.00,0.00,0.00,0.00,Matches,0abc51f2
617,Montrell Culbreath,de GER,MFDF,Leverkusen,de Bundesliga,17,2007,12,9,736,8.2,1,0,1,1,0,0,0,0,0.12,0.00,0.12,0.12,0.12,Matches,361719c1
618,Josh Cullen,ie IRL,MF,Burnley,eng Premier League,29,1996,18,18,1514,16.8,2,2,4,2,0,0,2,0,0.12,0.12,0.24,0.12,0.24,Matches,f6d7d690
619,Pablo Cuñat,es ESP,GK,Levante,es La Liga,23,2002,2,2,180,2.0,0,0,0,0,0,0,0,0,0.00,0.00,0.00,0.00,0.00,Matches,a9ab3b32
620,Jair Cunha,br BRA,DF,Nottingham,eng Premier League,20,2005,9,6,517,5.7,0,0,0,0,0,0,0,0,0.00,0.00,0.00,0.00,0.00,Matches,ac31d35e
621,Matheus Cunha,br BRA,MFFW,Manchester Utd,eng Premier League,26,1999,33,29,2494,27.7,10,2,12,10,0,0,4,0,0.36,0.07,0.43,0.36,0.43,Matches,dc62b55d
622,Patrick Cutrone,it ITA,FW,Parma,it Serie A,27,1998,15,11,888,9.9,1,0,1,1,0,0,0,0,0.10,0.00,0.10,0.10,0.10,Matches,a4fe8cda
623,Lucas Da Cunha,fr FRA,MF,Como,it Serie A,24,2001,36,31,2739,30.4,6,4,10,2,4,4,4,0,0.20,0.13,0.33,0.07,0.20,Matches,007faf7a
624,Adam Daghim,dk DEN,MFFW,Wolfsburg,de Bundesliga,19,2005,27,12,1364,15.2,2,3,5,2,0,0,3,0,0.13,0.20,0.33,0.13,0.33,Matches,17f9da8a
625,Finn Dahmen,de GER,GK,Augsburg,de Bundesliga,27,1998,34,34,3060,34.0,0,0,0,0,0,0,1,0,0.00,0.00,0.00,0.00,0.00,Matches,dee3013b
626,Mahmoud Dahoud,de GER,MFFW,Frankfurt,de Bundesliga,29,1996,15,8,716,8.0,2,3,5,2,0,0,0,0,0.25,0.38,0.63,0.25,0.63,Matches,db4ed67b
627,David Daiber,pt POR,FW,Bayern Munich,de Bundesliga,18,2007,2,0,29,0.3,0,0,0,0,0,0,0,0,0.00,0.00,0.00,0.00,0.00,Matches,b987d6c0
628,Ameen Al-Dakhil,be BEL,DF,Stuttgart,de Bundesliga,23,2002,8,3,380,4.2,0,0,0,0,0,0,1,0,0.00,0.00,0.00,0.00,0.00,Matches,93e08bce
629,Thijs Dallinga,nl NED,FW,Bologna,it Serie A,24,2000,23,9,811,9.0,2,2,4,2,0,0,2,0,0.22,0.22,0.44,0.22,0.44,Matches,b70afb45
630,Diogo Dalot,pt POR,DFMF,Manchester Utd,eng Premier League,26,1999,34,29,2614,29.0,1,3,4,1,0,0,5,0,0.03,0.10,0.14,0.03,0.14,Matches,d9565625
631,Muhammed Damar,de GER,MFFW,Hoffenheim,de Bundesliga,21,2004,15,2,277,3.1,0,0,0,0,0,0,0,0,0.00,0.00,0.00,0.00,0.00,Matches,d3d77413
632,Damián,es ESP,MF,Getafe,es La Liga,22,2003,3,2,151,1.7,0,0,0,0,0,0,0,0,0.00,0.00,0.00,0.00,0.00,Matches,f383db39
633,Mikkel Damsgaard,dk DEN,MF,Brentford,eng Premier League,25,2000,33,24,2054,22.8,4,4,8,4,0,0,0,0,0.18,0.18,0.35,0.18,0.35,Matches,215f3907
634,Arnaut Danjuma,nl NED,MFFW,Valencia,es La Liga,28,1997,30,18,1628,18.1,3,2,5,3,0,1,0,0,0.17,0.11,0.28,0.17,0.28,Matches,f08490a6
635,Kévin Danois,fr FRA,MF,Auxerre,fr Ligue 1,21,2004,33,32,2830,31.4,3,1,4,3,0,0,3,0,0.10,0.03,0.13,0.10,0.13,Matches,e76f6fbe
636,Kevin Danso,at AUT,DF,Tottenham,eng Premier League,26,1998,24,17,1494,16.6,0,0,0,0,0,0,8,0,0.00,0.00,0.00,0.00,0.00,Matches,6e33125f
637,Dante,br BRA,DF,Nice,fr Ligue 1,41,1983,12,9,849,9.4,0,1,1,0,0,0,1,0,0.00,0.11,0.11,0.00,0.11,Matches,fd2bc67d
638,Bence Dárdai,hu HUN,MF,Wolfsburg,de Bundesliga,19,2006,1,0,35,0.4,0,0,0,0,0,0,0,0,0.00,0.00,0.00,0.00,0.00,Matches,dcb6f03c
639,Aiman Dardari,lu LUX,MF,Augsburg,de Bundesliga,20,2005,3,0,34,0.4,0,0,0,0,0,0,1,0,0.00,0.00,0.00,0.00,0.00,Matches,13e96797
640,Sergi Darder,es ESP,MF,Mallorca,es La Liga,31,1993,38,30,2680,29.8,1,5,6,1,0,0,3,0,0.03,0.17,0.20,0.03,0.20,Matches,070a3904
641,Karl Darlow,wls WAL,GK,Leeds United,eng Premier League,34,1990,22,22,1980,22.0,0,0,0,0,0,0,1,0,0.00,0.00,0.00,0.00,0.00,Matches,cde3309f
642,Matteo Darmian,it ITA,MFDF,Inter,it Serie A,35,1989,6,2,248,2.8,0,0,0,0,0,0,0,0,0.00,0.00,0.00,0.00,0.00,Matches,96e0490d
643,Josh Dasilva,eng ENG,MF,Brentford,eng Premier League,26,1998,2,0,3,0.0,0,0,0,0,0,0,0,0,0.00,0.00,0.00,0.00,0.00,Matches,60344e4f
644,David Datro Fofana,ci CIV,FW,Strasbourg,fr Ligue 1,22,2002,5,3,171,1.9,0,0,0,0,0,0,0,0,0.00,0.00,0.00,0.00,0.00,Matches,e82900ef
645,Juan David Cabal,co COL,MF,Juventus,it Serie A,24,2001,12,2,296,3.3,2,0,2,2,0,0,1,0,0.61,0.00,0.61,0.61,0.61,Matches,ef6eef89
646,Jonathan David,ca CAN,FW,Juventus,it Serie A,25,2000,35,20,1781,19.8,6,4,10,6,0,1,0,0,0.30,0.20,0.51,0.30,0.51,Matches,ce50fd99
647,Alphonso Davies,ca CAN,DF,Bayern Munich,de Bundesliga,24,2000,13,6,525,5.8,1,3,4,1,0,0,1,0,0.17,0.51,0.69,0.17,0.69,Matches,d781d855
648,Ben Davies,wls WAL,DF,Tottenham,eng Premier League,32,1993,3,2,137,1.5,1,0,1,1,0,0,1,0,0.66,0.00,0.66,0.66,0.66,Matches,44781702
649,Davinchi,es ESP,DF,Getafe,es La Liga,17,2007,14,7,700,7.8,0,0,0,0,0,0,2,0,0.00,0.00,0.00,0.00,0.00,Matches,3caec016
650,Keinan Davis,eng ENG,FW,Udinese,it Serie A,27,1998,30,27,2065,22.9,10,4,14,6,4,4,5,0,0.44,0.17,0.61,0.26,0.44,Matches,9deaf2c8
651,Kevin De Bruyne,be BEL,MF,Napoli,it Serie A,34,1991,18,13,1165,12.9,5,2,7,2,3,3,1,0,0.39,0.15,0.54,0.15,0.31,Matches,e46012d4
652,Mathys De Carvalho,fr FRA,MF,Lyon,fr Ligue 1,20,2005,11,3,295,3.3,0,0,0,0,0,0,1,0,0.00,0.00,0.00,0.00,0.00,Matches,d4b242a4
653,Maxim De Cuyper,be BEL,DFMF,Brighton,eng Premier League,24,2000,30,17,1414,15.7,2,3,5,2,0,0,2,0,0.13,0.19,0.32,0.13,0.32,Matches,d494882e
654,Charles De Ketelaere,be BEL,MFFW,Atalanta,it Serie A,24,2001,31,26,2177,24.2,3,5,8,3,0,0,4,0,0.12,0.21,0.33,0.12,0.33,Matches,2ef7c612
655,Jeffrey De Lange,nl NED,GK,Marseille,fr Ligue 1,27,1998,5,5,450,5.0,0,0,0,0,0,0,0,0,0.00,0.00,0.00,0.00,0.00,Matches,c31cf14b
656,Manuel De Luca,it ITA,FW,Cremonese,it Serie A,27,1998,2,0,16,0.2,1,0,1,0,1,1,0,0,5.63,0.00,5.63,0.00,0.00,Matches,60e3603d
657,Théo De Percin,mq MTQ,GK,Auxerre,fr Ligue 1,24,2001,8,5,598,6.6,0,0,0,0,0,0,0,0,0.00,0.00,0.00,0.00,0.00,Matches,afbb55d2
658,Lorenzo De Silvestri,it ITA,DF,Bologna,it Serie A,37,1988,12,6,491,5.5,0,0,0,0,0,0,2,0,0.00,0.00,0.00,0.00,0.00,Matches,e74f0e59
659,Thibault De Smet,be BEL,DF,Paris FC,fr Ligue 1,27,1998,17,13,1144,12.7,0,1,1,0,0,0,6,2,0.00,0.08,0.08,0.00,0.08,Matches,5fdcb075
660,Koni De Winter,be BEL,DF,Milan,it Serie A,23,2002,26,19,1800,20.0,1,1,2,1,0,0,1,0,0.05,0.05,0.10,0.05,0.10,Matches,f4797849
661,Alessandro Deiola,it ITA,MFDF,Cagliari,it Serie A,29,1995,20,17,1430,15.9,0,2,2,0,0,0,3,0,0.00,0.13,0.13,0.00,0.13,Matches,7f267d66
662,Romain Del Castillo,fr FRA,MFFW,Brest,fr Ligue 1,29,1996,32,32,2625,29.2,9,3,12,3,6,8,2,1,0.31,0.10,0.41,0.10,0.21,Matches,0be95d34
663,Thomas Delaine,fr FRA,MFDF,Le Havre,fr Ligue 1,33,1992,5,2,201,2.2,0,0,0,0,0,0,1,0,0.00,0.00,0.00,0.00,0.00,Matches,8332db56
664,Liam Delap,eng ENG,FW,Chelsea,eng Premier League,22,2003,28,12,1107,12.3,1,0,1,1,0,0,4,0,0.08,0.00,0.08,0.08,0.08,Matches,dd897ee7
665,Fisayo Dele-Bashiru,ng NGA,MF,Lazio,it Serie A,24,2001,24,11,1187,13.2,1,0,1,1,0,0,0,0,0.08,0.00,0.08,0.08,0.08,Matches,121a4fb8
666,Enrico Delprato,it ITA,DFMF,Parma,it Serie A,25,1999,35,34,2951,32.8,2,0,2,2,0,0,5,0,0.06,0.00,0.06,0.06,0.06,Matches,4c6f9258
667,Olivier Deman,be BEL,DFMF,Werder Bremen,de Bundesliga,25,2000,16,14,1254,13.9,1,2,3,1,0,0,3,0,0.07,0.14,0.22,0.07,0.22,Matches,13210854
668,Pape Demba Diop,sn SEN,MF,Toulouse,fr Ligue 1,21,2003,15,13,1181,13.1,1,2,3,1,0,0,2,0,0.08,0.15,0.23,0.08,0.23,Matches,8269ca49
669,Ali Dembélé,fr FRA,DF,Torino,it Serie A,21,2004,2,0,21,0.2,0,0,0,0,0,0,0,0,0.00,0.00,0.00,0.00,0.00,Matches,eb3df7d9
670,Ousmane Dembélé,fr FRA,FW,PSG,fr Ligue 1,28,1997,22,11,1063,11.8,10,7,17,8,2,3,0,0,0.85,0.59,1.44,0.68,1.27,Matches,b19db005
671,Jessy Deminguet,fr FRA,MF,Metz,fr Ligue 1,27,1998,31,25,1995,22.2,2,0,2,2,0,0,4,0,0.09,0.00,0.09,0.09,0.09,Matches,a6138e4a
672,Ermedin Demirović,ba BIH,FW,Stuttgart,de Bundesliga,27,1998,25,17,1497,16.6,12,3,15,11,1,1,5,0,0.72,0.18,0.90,0.66,0.84,Matches,ed79b7d3
673,Rav van den Berg,nl NED,DF,Köln,de Bundesliga,21,2004,14,12,1131,12.6,0,1,1,0,0,0,0,1,0.00,0.08,0.08,0.00,0.08,Matches,e962e4b5
674,Sepp van den Berg,nl NED,DF,Brentford,eng Premier League,23,2001,32,30,2763,30.7,0,2,2,0,0,0,2,0,0.00,0.07,0.07,0.00,0.07,Matches,7bf9400b
675,Branco van den Boomen,nl NED,MF,Angers,fr Ligue 1,30,1995,15,14,1238,13.8,0,1,1,0,0,1,3,0,0.00,0.07,0.07,0.00,0.07,Matches,99d660b2
676,Leander Dendoncker,be BEL,MF,Oviedo,es La Liga,30,1995,19,15,1330,14.8,1,0,1,1,0,0,2,0,0.07,0.00,0.07,0.07,0.07,Matches,5a7301ae
677,Daniel Denoon,ch SUI,DF,Pisa,it Serie A,21,2004,2,2,122,1.4,0,0,0,0,0,0,1,0,0.00,0.00,0.00,0.00,0.00,Matches,030d6f99
678,Nelson Deossa,co COL,MF,Real Betis,es La Liga,25,2000,20,8,743,8.3,0,0,0,0,0,0,3,0,0.00,0.00,0.00,0.00,0.00,Matches,0ec1841b
679,Jesse Derry,eng ENG,MF,Chelsea,eng Premier League,18,2007,1,1,44,0.5,0,0,0,0,0,0,0,0,0.00,0.00,0.00,0.00,0.00,Matches,bbfe0e5d
680,Rémy Descamps,fr FRA,GK,Lyon,fr Ligue 1,29,1996,5,5,450,5.0,0,0,0,0,0,0,0,0,0.00,0.00,0.00,0.00,0.00,Matches,477e50ce
681,Bahmed Deuff,mr MTN,MF,Nantes,fr Ligue 1,19,2006,11,1,250,2.8,0,0,0,0,0,0,1,0,0.00,0.00,0.00,0.00,0.00,Matches,907d12b6
682,Justin Devenny,nir NIR,MFFW,Crystal Palace,eng Premier League,21,2003,21,7,796,8.8,1,0,1,0,1,1,0,0,0.11,0.00,0.11,0.00,0.00,Matches,6c2b66fc
683,Tidiane Devernois,fr FRA,MF,Auxerre,fr Ligue 1,17,2007,2,0,10,0.1,0,0,0,0,0,0,0,0,0.00,0.00,0.00,0.00,0.00,Matches,d8804af7
684,Kiernan Dewsbury-Hall,eng ENG,MF,Everton,eng Premier League,26,1998,31,30,2626,29.2,8,4,12,8,0,0,6,0,0.27,0.14,0.41,0.27,0.41,Matches,5c74c0f5
685,Raffaele Di Gennaro,it ITA,GK,Inter,it Serie A,31,1993,1,0,10,0.1,0,0,0,0,0,0,0,0,0.00,0.00,0.00,0.00,0.00,Matches,7a4050d5
686,Michele Di Gregorio,it ITA,GK,Juventus,it Serie A,28,1997,30,29,2655,29.5,0,0,0,0,0,0,1,0,0.00,0.00,0.00,0.00,0.00,Matches,4e0c8d66
687,Giovanni Di Lorenzo,it ITA,DFMF,Napoli,it Serie A,31,1993,26,26,2276,25.3,2,1,3,2,0,0,1,0,0.08,0.04,0.12,0.08,0.12,Matches,230a2fac
688,Alessandro Di Pardo,it ITA,DFMF,Cagliari,it Serie A,26,1999,3,0,54,0.6,0,0,0,0,0,0,0,0,0.00,0.00,0.00,0.00,0.00,Matches,e0ce7038
689,Boulaye Dia,sn SEN,FWMF,Lazio,it Serie A,28,1996,27,14,1253,13.9,1,2,3,1,0,0,1,0,0.07,0.14,0.22,0.07,0.22,Matches,244bc2c8
690,Ibrahim Diabaté,ci CIV,FW,Alavés,es La Liga,25,1999,10,6,578,6.4,2,0,2,2,0,0,1,0,0.31,0.00,0.31,0.31,0.31,Matches,41463424
691,Bambo Diaby,sn SEN,DF,Elche,es La Liga,27,1997,4,1,102,1.1,0,0,0,0,0,0,1,0,0.00,0.00,0.00,0.00,0.00,Matches,7fd1abc5
692,Mouctar Diakhaby,gn GUI,DF,Valencia,es La Liga,28,1996,8,7,543,6.0,1,0,1,1,0,0,3,0,0.17,0.00,0.17,0.17,0.17,Matches,d2110326
693,Bafodé Diakité,fr FRA,DF,Bournemouth,eng Premier League,24,2001,18,15,1277,14.2,0,0,0,0,0,0,1,0,0.00,0.00,0.00,0.00,0.00,Matches,1bfb6fef
694,Amad Diallo,ci CIV,MF,Manchester Utd,eng Premier League,23,2002,32,27,2341,26.0,2,3,5,2,0,0,2,0,0.08,0.12,0.19,0.08,0.19,Matches,9dc96f10
695,Habib Diallo,sn SEN,FW,Metz,fr Ligue 1,30,1995,25,21,1909,21.2,4,1,5,4,0,1,0,0,0.19,0.05,0.24,0.19,0.24,Matches,6605d143
696,Zoumana Diallo,fr FRA,FW,Nice,fr Ligue 1,20,2005,1,0,10,0.1,0,0,0,0,0,0,0,0,0.00,0.00,0.00,0.00,0.00,Matches,72b4b82b
697,Grady Diangana,cd COD,MFFW,Elche,es La Liga,27,1998,20,13,926,10.3,1,0,1,1,0,0,3,0,0.10,0.00,0.10,0.10,0.10,Matches,f522d7ec
698,Assane Diao,sn SEN,MF,Como,it Serie A,19,2005,17,13,1075,11.9,2,1,3,2,0,0,2,0,0.17,0.08,0.25,0.17,0.25,Matches,8ae7d0ec
699,Soriba Diaoune,fr FRA,MF,Lille,fr Ligue 1,17,2007,10,1,185,2.1,1,1,2,1,0,0,0,0,0.49,0.49,0.97,0.49,0.97,Matches,0ba1749b
700,Habib Diarra,sn SEN,MF,Sunderland,eng Premier League,21,2004,20,15,1405,15.6,2,2,4,1,1,1,6,0,0.13,0.13,0.26,0.06,0.19,Matches,6d0fe035
701,Moussa Diarra,ml MLI,DF,Alavés,es La Liga,24,2000,3,3,216,2.4,0,0,0,0,0,0,1,0,0.00,0.00,0.00,0.00,0.00,Matches,698f11e3
702,Rúben Dias,pt POR,DF,Manchester City,eng Premier League,28,1997,26,24,2141,23.8,2,0,2,2,0,0,3,0,0.08,0.00,0.08,0.08,0.08,Matches,31c69ef1
703,Alassane Diatta,sn SEN,MF,Villarreal,es La Liga,20,2005,1,0,25,0.3,0,0,0,0,0,0,0,0,0.00,0.00,0.00,0.00,0.00,Matches,2163e29b
704,Bane Diatta,fr FRA,MF,Angers,fr Ligue 1,17,2008,1,0,5,0.1,0,0,0,0,0,0,0,0,0.00,0.00,0.00,0.00,0.00,Matches,0ee8b5be
705,Krépin Diatta,sn SEN,MFDF,Monaco,fr Ligue 1,26,1999,18,10,1013,11.3,0,1,1,0,0,0,2,0,0.00,0.09,0.09,0.00,0.09,Matches,8104e41e
706,Mory Diaw,sn SEN,GK,Le Havre,fr Ligue 1,32,1993,30,30,2655,29.5,0,1,1,0,0,0,1,0,0.00,0.03,0.03,0.00,0.03,Matches,f41a69e6
707,Brahim Díaz,ma MAR,FWMF,Real Madrid,es La Liga,25,1999,30,13,1257,14.0,1,6,7,1,0,0,2,0,0.07,0.43,0.50,0.07,0.50,Matches,407feb71
708,Daniel Díaz,es ESP,FW,Real Sociedad,es La Liga,19,2006,1,0,18,0.2,0,0,0,0,0,0,0,0,0.00,0.00,0.00,0.00,0.00,Matches,423680ee
709,Julio Diaz,es ESP,DF,Atlético Madrid,es La Liga,20,2005,4,4,310,3.4,0,1,1,0,0,0,2,0,0.00,0.29,0.29,0.00,0.29,Matches,4f1678a5
710,Junior Diaz,ci CIV,DF,Brest,fr Ligue 1,22,2003,20,17,1562,17.4,0,0,0,0,0,0,4,0,0.00,0.00,0.00,0.00,0.00,Matches,22768e08
711,Luis Díaz,co COL,MF,Bayern Munich,de Bundesliga,28,1997,32,27,2447,27.2,15,14,29,15,0,0,7,1,0.55,0.51,1.07,0.55,1.07,Matches,4a1a9578
712,Pedro Díaz,es ESP,MF,Rayo Vallecano,es La Liga,27,1998,34,21,1870,20.8,0,1,1,0,0,0,2,0,0.00,0.05,0.05,0.00,0.05,Matches,eea5130e
713,Tyler Dibling,eng ENG,MF,Everton,eng Premier League,19,2006,14,4,358,4.0,0,0,0,0,0,0,2,0,0.00,0.00,0.00,0.00,0.00,Matches,bdcc89ae
714,Nouha Dicko,ml MLI,FWMF,Paris FC,fr Ligue 1,33,1992,8,0,72,0.8,1,1,2,1,0,0,0,0,1.25,1.25,2.50,1.25,2.50,Matches,c6caef02
715,Yaya Diémé,sn SEN,FW,Strasbourg,fr Ligue 1,17,2007,3,2,154,1.7,0,0,0,0,0,0,2,0,0.00,0.00,0.00,0.00,0.00,Matches,71cfd7bb
716,Bamba Dieng,sn SEN,FW,Lorient,fr Ligue 1,25,2000,22,15,1212,13.5,10,1,11,9,1,2,2,0,0.74,0.07,0.82,0.67,0.74,Matches,40774c6b
717,Eric Dier,eng ENG,DF,Monaco,fr Ligue 1,31,1994,9,7,688,7.6,1,0,1,1,0,0,0,0,0.13,0.00,0.13,0.13,0.13,Matches,ac861941
718,Lucas Digne,fr FRA,DF,Aston Villa,eng Premier League,32,1993,31,21,1852,20.6,0,6,6,0,0,0,3,0,0.00,0.29,0.29,0.00,0.29,Matches,1b84dbe1
719,Kevin Diks,id IDN,DF,Gladbach,de Bundesliga,28,1996,30,28,2464,27.4,5,0,5,1,4,4,6,0,0.18,0.00,0.18,0.04,0.04,Matches,f179ee11
720,Federico Dimarco,it ITA,MF,Inter,it Serie A,27,1997,35,30,2698,30.0,7,16,23,7,0,0,3,0,0.23,0.53,0.77,0.23,0.77,Matches,970b8574
721,Stole Dimitrievski,mk MKD,GK,Valencia,es La Liga,31,1993,20,20,1800,20.0,0,0,0,0,0,0,1,0,0.00,0.00,0.00,0.00,0.00,Matches,fc70e345
722,Junior Dina Ebimbe,cm CMR,MF,Brest,fr Ligue 1,24,2000,27,15,1165,12.9,5,0,5,5,0,0,3,0,0.39,0.00,0.39,0.39,0.39,Matches,95bb6ddc
723,Eren Dinkçi,de GER,MFFW,Heidenheim,de Bundesliga,23,2001,14,13,1131,12.6,3,1,4,3,0,0,3,0,0.24,0.08,0.32,0.24,0.32,Matches,4ccd8957
724,Eren Dinkçi,de GER,MF,Freiburg,de Bundesliga,23,2001,8,3,248,2.8,0,0,0,0,0,0,1,0,0.00,0.00,0.00,0.00,0.00,Matches,4ccd8957
725,Sinaly Diomande,ci CIV,DF,Auxerre,fr Ligue 1,24,2001,24,24,2131,23.7,2,2,4,2,0,0,4,1,0.08,0.08,0.17,0.08,0.17,Matches,6de23ab0
726,Yan Diomandé,ci CIV,FWMF,RB Leipzig,de Bundesliga,18,2006,33,28,2472,27.5,12,8,20,12,0,0,2,0,0.44,0.29,0.73,0.44,0.73,Matches,919f5f54
727,Issa Diop,ma MAR,DF,Fulham,eng Premier League,28,1997,13,8,816,9.1,1,0,1,1,0,0,2,0,0.11,0.00,0.11,0.11,0.11,Matches,a712ca2b
728,Sérigné Diop,sn SEN,FW,Brest,fr Ligue 1,20,2005,2,0,12,0.1,0,0,0,0,0,0,0,0,0.00,0.00,0.00,0.00,0.00,Matches,21ab03c8
729,Sofiane Diop,ma MAR,MFFW,Nice,fr Ligue 1,25,2000,33,26,2130,23.7,8,2,10,6,2,2,5,0,0.34,0.08,0.42,0.25,0.34,Matches,19053e31
730,Andy Diouf,fr FRA,MF,Inter,it Serie A,22,2003,19,4,493,5.5,1,0,1,1,0,0,1,0,0.18,0.00,0.18,0.18,0.18,Matches,9b5237b1
731,Andy Diouf,fr FRA,MF,Lens,fr Ligue 1,22,2003,1,1,90,1.0,0,0,0,0,0,0,0,0,0.00,0.00,0.00,0.00,0.00,Matches,9b5237b1
732,El Hadji Malick Diouf,sn SEN,DFMF,West Ham,eng Premier League,20,2004,32,30,2707,30.1,0,5,5,0,0,0,6,0,0.00,0.17,0.17,0.00,0.17,Matches,bd5eb2e5
733,Yehvann Diouf,sn SEN,GK,Nice,fr Ligue 1,25,1999,26,26,2340,26.0,0,0,0,0,0,0,1,0,0.00,0.00,0.00,0.00,0.00,Matches,eedea60b
734,Assane Dioussé,sn SEN,MF,Auxerre,fr Ligue 1,27,1997,15,1,219,2.4,0,0,0,0,0,0,3,0,0.00,0.00,0.00,0.00,0.00,Matches,7f622eef
735,Axel Disasi,fr FRA,DF,West Ham,eng Premier League,27,1998,14,14,1254,13.9,0,0,0,0,0,0,1,0,0.00,0.00,0.00,0.00,0.00,Matches,ad82197c
736,Matías Dituro,ar ARG,GK,Elche,es La Liga,38,1987,22,22,1980,22.0,0,0,0,0,0,0,1,0,0.00,0.00,0.00,0.00,0.00,Matches,b6160ad0
737,Djené,tg TOG,DFMF,Getafe,es La Liga,33,1991,34,32,2578,28.6,0,0,0,0,0,0,10,2,0.00,0.00,0.00,0.00,0.00,Matches,a4971d84
738,Harouna Djibrin,cm CMR,MF,Angers,fr Ligue 1,18,2006,15,1,336,3.7,2,1,3,2,0,0,2,0,0.54,0.27,0.80,0.54,0.80,Matches,cd26e718
739,Berat Djimsiti,al ALB,DF,Atalanta,it Serie A,32,1993,34,29,2525,28.1,0,0,0,0,0,0,4,0,0.00,0.00,0.00,0.00,0.00,Matches,6eee05f1
740,Marko Dmitrović,rs SRB,GK,Espanyol,es La Liga,33,1992,37,37,3330,37.0,0,0,0,0,0,0,0,0,0.00,0.00,0.00,0.00,0.00,Matches,ac295d9e
741,Henrick Do Marcolino,fr FRA,FW,Rennes,fr Ligue 1,19,2006,1,0,3,0.0,0,0,0,0,0,0,0,0,0.00,0.00,0.00,0.00,0.00,Matches,0e853e48
742,Ritsu Doan,jp JPN,MF,Frankfurt,de Bundesliga,27,1998,31,28,2364,26.3,5,5,10,5,0,0,5,0,0.19,0.19,0.38,0.19,0.38,Matches,d01bbb6f
743,Dodô,br BRA,DFMF,Fiorentina,it Serie A,26,1998,36,36,3134,34.8,1,2,3,1,0,0,7,0,0.03,0.06,0.09,0.03,0.09,Matches,b5f7d10b
744,Danilho Doekhi,nl NED,DF,Union Berlin,de Bundesliga,27,1998,34,34,3060,34.0,5,0,5,5,0,0,4,0,0.15,0.00,0.15,0.15,0.15,Matches,f67c9d29
745,Matt Doherty,ie IRL,DFMF,Wolves,eng Premier League,33,1992,11,11,787,8.7,0,0,0,0,0,0,4,0,0.00,0.00,0.00,0.00,0.00,Matches,d557d734
746,Josh Doig,sct SCO,DF,Sassuolo,it Serie A,23,2002,30,22,1917,21.3,0,0,0,0,0,0,5,0,0.00,0.00,0.00,0.00,0.00,Matches,2f69d881
747,Jeremy Doku,be BEL,MFFW,Manchester City,eng Premier League,23,2002,30,19,1784,19.8,5,5,10,5,0,0,0,0,0.25,0.25,0.50,0.25,0.50,Matches,fffea3e5
748,Tyrhys Dolan,eng ENG,MF,Espanyol,es La Liga,23,2001,36,28,2415,26.8,2,5,7,2,0,0,7,1,0.07,0.19,0.26,0.07,0.26,Matches,ce967905
749,Marc Domenech,es ESP,MF,Mallorca,es La Liga,19,2006,7,2,214,2.4,0,1,1,0,0,0,0,0,0.00,0.42,0.42,0.00,0.42,Matches,54880c9b
750,Benjamín Domínguez,ar ARG,MF,Bologna,it Serie A,21,2003,15,6,547,6.1,0,3,3,0,0,0,1,0,0.00,0.49,0.49,0.00,0.49,Matches,a83b47fa
751,Carlos Dominguez,es ESP,DF,Celta Vigo,es La Liga,24,2001,8,6,610,6.8,0,0,0,0,0,0,1,0,0.00,0.00,0.00,0.00,0.00,Matches,3521abfe
752,Nicolás Domínguez,ar ARG,MF,Nottingham,eng Premier League,27,1998,27,17,1175,13.1,1,1,2,1,0,0,3,0,0.08,0.08,0.15,0.08,0.15,Matches,20b3a502
753,Jean-Luc Dompé,fr FRA,FWMF,Hamburger SV,de Bundesliga,29,1995,20,12,1138,12.6,3,0,3,2,1,1,0,0,0.24,0.00,0.24,0.16,0.16,Matches,9ffdf29a
754,John Donald,es ESP,DFMF,Elche,es La Liga,24,2000,21,6,665,7.4,1,0,1,1,0,0,3,0,0.14,0.00,0.14,0.14,0.14,Matches,5e95c000
755,Gianluigi Donnarumma,it ITA,GK,Manchester City,eng Premier League,26,1999,34,34,3060,34.0,0,0,0,0,0,0,8,0,0.00,0.00,0.00,0.00,0.00,Matches,08f5afaa
756,Romelle Donovan,eng ENG,FW,Brentford,eng Premier League,18,2006,4,0,41,0.5,0,0,0,0,0,0,0,0,0.00,0.00,0.00,0.00,0.00,Matches,519db366
757,Patrick Dorgu,dk DEN,MF,Manchester Utd,eng Premier League,20,2004,26,15,1449,16.1,4,4,8,4,0,0,5,0,0.25,0.25,0.50,0.25,0.50,Matches,e6536124
758,Niklas Dorsch,de GER,MF,Heidenheim,de Bundesliga,27,1998,32,27,2258,25.1,0,1,1,0,0,0,2,0,0.00,0.04,0.04,0.00,0.04,Matches,7f73bdf4
759,Alberto Dossena,it ITA,DF,Cagliari,it Serie A,26,1998,12,9,859,9.5,0,1,1,0,0,0,5,0,0.00,0.10,0.10,0.00,0.10,Matches,61efb926
760,Lohann Doucet,bf BFA,MF,Paris FC,fr Ligue 1,22,2002,5,1,121,1.3,1,0,1,1,0,0,2,0,0.74,0.00,0.74,0.74,0.74,Matches,dff0c299
761,Fodé Doucouré,ml MLI,MFFW,Le Havre,fr Ligue 1,24,2001,26,15,1239,13.8,3,1,4,3,0,0,2,0,0.22,0.07,0.29,0.22,0.29,Matches,1bfe34dc
762,Mamedi Doucouré,fr FRA,DF,Genoa,it Serie A,18,2007,1,0,9,0.1,0,0,0,0,0,0,0,0,0.00,0.00,0.00,0.00,0.00,Matches,7613c133
763,Sékou Doucoure,fr FRA,DF,Nantes,fr Ligue 1,20,2005,1,0,45,0.5,0,0,0,0,0,0,0,0,0.00,0.00,0.00,0.00,0.00,Matches,135ebd39
764,Désiré Doué,fr FRA,FWMF,PSG,fr Ligue 1,20,2005,23,16,1348,15.0,7,4,11,7,0,1,0,0,0.47,0.27,0.73,0.47,0.73,Matches,9e7483ff
765,Guéla Doué,ci CIV,DFMF,Strasbourg,fr Ligue 1,22,2002,24,23,2061,22.9,2,6,8,2,0,0,3,0,0.09,0.26,0.35,0.09,0.35,Matches,b4ef3fb5
766,Ismaël Doukouré,fr FRA,DFMF,Strasbourg,fr Ligue 1,22,2003,25,25,2072,23.0,0,2,2,0,0,0,4,2,0.00,0.09,0.09,0.00,0.09,Matches,0512a60a
767,Kamory Doumbia,ml MLI,MF,Brest,fr Ligue 1,22,2003,24,22,1750,19.4,5,4,9,5,0,0,6,0,0.26,0.21,0.46,0.26,0.46,Matches,9226aa22
768,Anastasios Douvikas,gr GRE,FW,Como,it Serie A,25,1999,38,25,2273,25.3,14,1,15,13,1,1,0,0,0.55,0.04,0.59,0.51,0.55,Matches,853ca71c
769,Artem Dovbyk,ua UKR,FW,Roma,it Serie A,28,1997,14,3,393,4.4,3,1,4,3,0,0,0,0,0.69,0.23,0.92,0.69,0.92,Matches,5b847bb0
770,Max Dowman,eng ENG,MF,Arsenal,eng Premier League,15,2009,6,1,157,1.7,1,0,1,1,0,0,0,0,0.57,0.00,0.57,0.57,0.57,Matches,9008bb70
771,Damion Downs,us USA,FW,Hamburger SV,de Bundesliga,21,2004,12,6,536,6.0,0,0,0,0,0,0,0,0,0.00,0.00,0.00,0.00,0.00,Matches,640134d6
772,Radu Drăgușin,ro ROU,DF,Tottenham,eng Premier League,23,2002,10,5,517,5.7,0,0,0,0,0,0,0,0,0.00,0.00,0.00,0.00,0.00,Matches,620922ed
773,Joél Drakes-Thomas,eng ENG,MF,Crystal Palace,eng Premier League,16,2009,2,0,9,0.1,0,0,0,0,0,0,0,0,0.00,0.00,0.00,0.00,0.00,Matches,1bd530e8
774,Domingos Duarte,pt POR,DF,Getafe,es La Liga,30,1995,34,34,2923,32.5,1,1,2,1,0,0,11,0,0.03,0.03,0.06,0.03,0.06,Matches,93090f69
775,Martin Dúbravka,sk SVK,GK,Burnley,eng Premier League,36,1989,35,35,3150,35.0,0,0,0,0,0,0,1,0,0.00,0.00,0.00,0.00,0.00,Matches,3a949a25
776,Denzel Dumfries,nl NED,MF,Inter,it Serie A,29,1996,20,15,1325,14.7,3,1,4,3,0,0,2,0,0.20,0.07,0.27,0.20,0.27,Matches,481c9ece
777,Lewis Dunk,eng ENG,DF,Brighton,eng Premier League,33,1991,33,31,2838,31.5,1,0,1,1,0,0,10,0,0.03,0.00,0.03,0.03,0.03,Matches,282f75f3
778,Maxime Dupé,fr FRA,GK,Nice,fr Ligue 1,32,1993,8,8,720,8.0,0,0,0,0,0,0,0,0,0.00,0.00,0.00,0.00,0.00,Matches,0e12089d
779,Pablo Durán,es ESP,FWMF,Celta Vigo,es La Liga,24,2001,30,17,1425,15.8,2,2,4,2,0,0,1,0,0.13,0.13,0.25,0.13,0.25,Matches,6db116ec
780,Hugo Duro,es ESP,FW,Valencia,es La Liga,25,1999,36,22,1979,22.0,10,0,10,9,1,2,4,0,0.45,0.00,0.45,0.41,0.41,Matches,37e103f8
781,Rafiu Durosinmi,ng NGA,FW,Pisa,it Serie A,22,2003,12,4,432,4.8,1,1,2,1,0,0,1,1,0.21,0.21,0.42,0.21,0.42,Matches,e7173214
782,Paulo Dybala,ar ARG,MFFW,Roma,it Serie A,31,1993,22,15,1354,15.0,2,6,8,2,0,1,0,0,0.13,0.40,0.53,0.13,0.53,Matches,e0921a4f
783,Edin Džeko,ba BIH,FW,Fiorentina,it Serie A,39,1986,11,2,244,2.7,0,0,0,0,0,0,1,0,0.00,0.00,0.00,0.00,0.00,Matches,3bb7f478
784,Adam Dźwigała,pl POL,DF,St Pauli,de Bundesliga,29,1995,19,14,1288,14.3,1,1,2,1,0,0,5,0,0.07,0.07,0.14,0.07,0.14,Matches,75edc8ce
785,Aron Dønnum,no NOR,MF,Toulouse,fr Ligue 1,27,1998,28,28,2419,26.9,4,4,8,1,3,3,10,1,0.15,0.15,0.30,0.04,0.19,Matches,10cff752
786,George Earthy,eng ENG,MF,West Ham,eng Premier League,20,2004,1,0,9,0.1,0,0,0,0,0,0,0,0,0.00,0.00,0.00,0.00,0.00,Matches,123d2733
787,Younes Ebnoutalib,de GER,FW,Frankfurt,de Bundesliga,21,2003,5,2,133,1.5,1,0,1,1,0,0,0,0,0.68,0.00,0.68,0.68,0.68,Matches,2e68a0ef
788,Simon Ebonog,cm CMR,MF,Le Havre,fr Ligue 1,20,2004,30,21,1759,19.5,1,0,1,1,0,0,8,0,0.05,0.00,0.05,0.05,0.05,Matches,12f9a649
789,Enzo Ebosse,cm CMR,DF,Hellas Verona,it Serie A,26,1999,4,3,214,2.4,0,0,0,0,0,0,1,0,0.00,0.00,0.00,0.00,0.00,Matches,9ba7b4fa
790,Enzo Ebosse,cm CMR,DF,Torino,it Serie A,26,1999,13,13,1115,12.4,0,1,1,0,0,0,3,0,0.00,0.08,0.08,0.00,0.08,Matches,9ba7b4fa
791,Claudio Echeverri,ar ARG,FWMF,Girona,es La Liga,19,2006,17,5,624,6.9,1,1,2,1,0,0,4,0,0.14,0.14,0.29,0.14,0.29,Matches,49a605df
792,Claudio Echeverri,ar ARG,MF,Leverkusen,de Bundesliga,19,2006,6,1,134,1.5,0,0,0,0,0,0,0,0,0.00,0.00,0.00,0.00,0.00,Matches,49a605df
793,Noah Edjouma,fr FRA,FW,Toulouse,fr Ligue 1,19,2005,12,2,256,2.8,0,0,0,0,0,0,0,0,0.00,0.00,0.00,0.00,0.00,Matches,92976f0d
794,Noah Edjouma,fr FRA,MF,Lille,fr Ligue 1,19,2005,3,1,92,1.0,0,0,0,0,0,0,0,0,0.00,0.00,0.00,0.00,0.00,Matches,92976f0d
795,Andrias Edmundsson,fo FRO,DF,Hellas Verona,it Serie A,24,2000,15,15,1319,14.7,0,0,0,0,0,0,3,0,0.00,0.00,0.00,0.00,0.00,Matches,7131f38f
796,Odsonne Édouard,fr FRA,FW,Crystal Palace,eng Premier League,27,1998,1,0,3,0.0,0,0,0,0,0,0,0,0,0.00,0.00,0.00,0.00,0.00,Matches,0562b7f1
797,Odsonne Édouard,fr FRA,FW,Lens,fr Ligue 1,27,1998,29,26,1796,20.0,12,3,15,11,1,1,2,0,0.60,0.15,0.75,0.55,0.70,Matches,0562b7f1
798,Tom Edozie,eng ENG,MF,Wolves,eng Premier League,19,2006,3,0,14,0.2,1,0,1,1,0,0,0,0,6.43,0.00,6.43,6.43,6.43,Matches,3354ea94
799,Yannick Eduardo,cz CZE,FW,Hoffenheim,de Bundesliga,19,2006,1,0,1,0.0,0,0,0,0,0,0,0,0,0.00,0.00,0.00,0.00,0.00,Matches,345047a0
800,Marcus Edwards,eng ENG,MFFW,Burnley,eng Premier League,26,1998,23,11,1067,11.9,1,3,4,1,0,0,0,0,0.08,0.25,0.34,0.08,0.34,Matches,57760e66
801,CJ Egan-Riley,eng ENG,DFMF,Marseille,fr Ligue 1,22,2003,11,8,624,6.9,0,0,0,0,0,0,1,1,0.00,0.00,0.00,0.00,0.00,Matches,d313e8ff
802,Maximilian Eggestein,de GER,MF,Freiburg,de Bundesliga,28,1996,34,34,3060,34.0,3,1,4,3,0,0,4,0,0.09,0.03,0.12,0.09,0.12,Matches,beb882a8
803,Kingsley Ehizibue,nl NED,MFDF,Udinese,it Serie A,30,1995,32,20,1811,20.1,2,0,2,2,0,0,5,0,0.10,0.00,0.10,0.10,0.10,Matches,76b2817e
804,Ovie Ejaria,eng ENG,MF,Oviedo,es La Liga,27,1997,8,2,200,2.2,0,0,0,0,0,0,1,0,0.00,0.00,0.00,0.00,0.00,Matches,a801669e
805,Chidera Ejuke,ng NGA,MFFW,Sevilla,es La Liga,27,1998,27,6,932,10.4,1,1,2,1,0,0,0,0,0.10,0.10,0.19,0.10,0.19,Matches,e7f3e8a7
806,Hjalmar Ekdal,se SWE,DF,Burnley,eng Premier League,26,1998,19,17,1539,17.1,0,0,0,0,0,0,0,0,0.00,0.00,0.00,0.00,0.00,Matches,3d554589
807,Jeff Ekhator,it ITA,FWMF,Genoa,it Serie A,18,2006,30,9,956,10.6,3,0,3,3,0,0,3,0,0.28,0.00,0.28,0.28,0.28,Matches,faf739d2
808,Hugo Ekitike,fr FRA,FW,Liverpool,eng Premier League,23,2002,28,21,1803,20.0,11,4,15,11,0,0,0,0,0.55,0.20,0.75,0.55,0.75,Matches,5b92d896
809,Jurgen Ekkelenkamp,nl NED,MF,Udinese,it Serie A,25,2000,31,27,2186,24.3,5,3,8,5,0,0,1,0,0.21,0.12,0.33,0.21,0.33,Matches,73d6a176
810,Jacques Ekomie,ga GAB,DFMF,Angers,fr Ligue 1,21,2003,32,25,2239,24.9,0,0,0,0,0,0,3,0,0.00,0.00,0.00,0.00,0.00,Matches,8d5016e6
811,Caleb Ekuban,gh GHA,FWMF,Genoa,it Serie A,31,1994,31,6,994,11.0,4,1,5,4,0,0,0,0,0.36,0.09,0.45,0.36,0.45,Matches,7afbd2c3
812,Anthony Elanga,se SWE,FWMF,Newcastle,eng Premier League,23,2002,32,14,1319,14.7,0,1,1,0,0,0,0,0,0.00,0.07,0.07,0.00,0.07,Matches,2fba6108
813,Daniel Elfadli,ly LBY,DF,Hamburger SV,de Bundesliga,28,1997,21,15,1253,13.9,0,0,0,0,0,0,6,1,0.00,0.00,0.00,0.00,0.00,Matches,e4433e5a
814,Unai Elgezabal,es ESP,DFMF,Levante,es La Liga,32,1993,12,11,958,10.6,1,0,1,1,0,0,2,0,0.09,0.00,0.09,0.09,0.09,Matches,01cc0c90
815,Melker Ellborg,se SWE,GK,Sunderland,eng Premier League,22,2003,3,3,270,3.0,0,0,0,0,0,0,0,0,0.00,0.00,0.00,0.00,0.00,Matches,013d348e
816,Mikael Ellertsson,is ISL,MF,Genoa,it Serie A,23,2002,36,31,2767,30.7,1,1,2,1,0,0,1,1,0.03,0.03,0.07,0.03,0.07,Matches,c55967eb
817,Harvey Elliott,eng ENG,FWMF,Liverpool,eng Premier League,22,2003,1,0,1,0.0,0,0,0,0,0,0,0,0,0.00,0.00,0.00,0.00,0.00,Matches,b9e1436c
818,Harvey Elliott,eng ENG,MF,Aston Villa,eng Premier League,22,2003,4,1,112,1.2,0,0,0,0,0,0,0,0,0.00,0.00,0.00,0.00,0.00,Matches,b9e1436c
819,Elif Elmas,mk MKD,MFFW,Napoli,it Serie A,25,1999,33,20,1783,19.8,1,3,4,1,0,0,3,0,0.05,0.15,0.20,0.05,0.20,Matches,cf007308
820,Nesta Elphege,fr FRA,FW,Parma,it Serie A,24,2001,9,2,309,3.4,2,1,3,2,0,0,0,0,0.58,0.29,0.87,0.58,0.87,Matches,a3f86b82
821,Aritz Elustondo,es ESP,DF,Real Sociedad,es La Liga,31,1994,16,8,720,8.0,0,1,1,0,0,0,0,0,0.00,0.12,0.12,0.00,0.12,Matches,f7dc2ae5
822,Nico Elvedi,ch SUI,DF,Gladbach,de Bundesliga,28,1996,33,33,2966,33.0,0,2,2,0,0,0,5,0,0.00,0.06,0.06,0.00,0.06,Matches,48035304
823,Breel Embolo,ch SUI,FW,Rennes,fr Ligue 1,28,1997,31,20,1872,20.8,8,3,11,8,0,0,3,0,0.38,0.14,0.53,0.38,0.53,Matches,0b4f388a
824,Emanuel Emegha,nl NED,FW,Strasbourg,fr Ligue 1,22,2003,10,4,443,4.9,4,2,6,4,0,0,3,0,0.81,0.41,1.22,0.81,1.22,Matches,a0c590b9
825,Emersonn,br BRA,FW,Toulouse,fr Ligue 1,21,2004,27,18,1499,16.7,6,2,8,6,0,0,5,1,0.36,0.12,0.48,0.36,0.48,Matches,ac24342e
826,Julio Enciso,py PAR,MFFW,Strasbourg,fr Ligue 1,21,2004,27,22,1883,20.9,3,6,9,2,1,1,2,0,0.14,0.29,0.43,0.10,0.38,Matches,9cfbad36
827,Wataru Endo,jp JPN,DF,Liverpool,eng Premier League,32,1993,8,1,175,1.9,0,1,1,0,0,0,1,0,0.00,0.51,0.51,0.00,0.51,Matches,c149016b
828,Endrick,br BRA,FW,Real Madrid,es La Liga,19,2006,1,0,12,0.1,0,0,0,0,0,0,0,1,0.00,0.00,0.00,0.00,0.00,Matches,a2728fbf
829,Endrick,br BRA,FWMF,Lyon,fr Ligue 1,19,2006,16,14,1215,13.5,5,7,12,4,1,1,4,1,0.37,0.52,0.89,0.30,0.81,Matches,a2728fbf
830,Yannik Engelhardt,de GER,MF,Gladbach,de Bundesliga,24,2001,31,29,2487,27.6,2,2,4,2,0,0,7,0,0.07,0.07,0.14,0.07,0.14,Matches,fac66db3
831,Christian Eriksen,dk DEN,MF,Wolfsburg,de Bundesliga,33,1992,31,27,2410,26.8,3,9,12,0,3,4,4,0,0.11,0.34,0.45,0.00,0.34,Matches,980522ec
832,Aarón Escandell,es ESP,GK,Oviedo,es La Liga,29,1995,36,36,3240,36.0,0,1,1,0,0,0,3,0,0.00,0.03,0.03,0.00,0.03,Matches,67669ce7
833,Xavi Espart,es ESP,DF,Barcelona,es La Liga,18,2007,4,1,165,1.8,0,0,0,0,0,0,0,0,0.00,0.00,0.00,0.00,0.00,Matches,f67df468
834,Carlos Espí,es ESP,FW,Levante,es La Liga,20,2005,25,13,1343,14.9,11,0,11,11,0,0,3,0,0.74,0.00,0.74,0.74,0.74,Matches,d7d3c5f3
835,Alfonso Espino,uy URU,DFMF,Rayo Vallecano,es La Liga,33,1992,30,15,1486,16.5,2,0,2,2,0,0,3,0,0.12,0.00,0.12,0.12,0.12,Matches,db001fa9
836,Francesco Esposito,it ITA,FW,Inter,it Serie A,20,2005,35,15,1571,17.5,7,3,10,7,0,0,1,0,0.40,0.17,0.57,0.40,0.57,Matches,041e5f1f
837,Sebastiano Esposito,it ITA,FWMF,Cagliari,it Serie A,23,2002,36,34,2675,29.7,7,5,12,6,1,1,6,0,0.24,0.17,0.40,0.20,0.37,Matches,7ff93107
838,Romain Esse,eng ENG,MF,Crystal Palace,eng Premier League,20,2005,4,0,44,0.5,0,0,0,0,0,0,0,0,0.00,0.00,0.00,0.00,0.00,Matches,87189f25
839,Samuel Essende,cd COD,MFFW,Augsburg,de Bundesliga,27,1998,14,2,414,4.6,1,0,1,1,0,0,2,0,0.22,0.00,0.22,0.22,0.22,Matches,821550ce
840,Dario Essugo,pt POR,MF,Chelsea,eng Premier League,20,2005,3,0,30,0.3,0,0,0,0,0,0,2,0,0.00,0.00,0.00,0.00,0.00,Matches,1e4319ac
841,Marco Esteban,es ESP,DF,Oviedo,es La Liga,19,2006,1,0,45,0.5,0,0,0,0,0,0,0,0,0.00,0.00,0.00,0.00,0.00,Matches,5b4a3e76
842,Maxime Estève,fr FRA,DF,Burnley,eng Premier League,23,2002,34,34,2932,32.6,0,0,0,0,0,0,1,0,0.00,0.00,0.00,0.00,0.00,Matches,1a066e69
843,Tomás Esteves,pt POR,DFMF,Pisa,it Serie A,23,2002,1,0,14,0.2,0,0,0,0,0,0,0,0,0.00,0.00,0.00,0.00,0.00,Matches,20ffe5b9
844,Nahuel Estévez,ar ARG,MF,Parma,it Serie A,29,1995,32,9,1049,11.7,0,1,1,0,0,0,2,0,0.00,0.09,0.09,0.00,0.09,Matches,cec60a2f
845,Pervis Estupiñán,ec ECU,MF,Milan,it Serie A,27,1998,19,13,1034,11.5,1,1,2,1,0,0,5,1,0.09,0.09,0.17,0.09,0.17,Matches,d38fdf53
846,Karl Etta Eyong,cm CMR,FW,Villarreal,es La Liga,21,2003,3,3,256,2.8,1,2,3,1,0,0,0,0,0.35,0.70,1.05,0.35,1.05,Matches,f0f499ea
847,Karl Etta Eyong,cm CMR,FW,Levante,es La Liga,21,2003,30,15,1416,15.7,6,2,8,6,0,1,3,0,0.38,0.13,0.51,0.38,0.51,Matches,f0f499ea
848,Evanilson,br BRA,FW,Bournemouth,eng Premier League,25,1999,36,32,2742,30.5,6,1,7,6,0,0,2,0,0.20,0.03,0.23,0.20,0.23,Matches,6f3cc2fe
849,Edu Expósito,es ESP,MF,Espanyol,es La Liga,28,1996,36,32,2523,28.0,1,6,7,1,0,0,9,0,0.04,0.21,0.25,0.04,0.25,Matches,283c7121
850,Eberechi Eze,eng ENG,MFFW,Arsenal,eng Premier League,27,1998,32,21,1812,20.1,7,2,9,7,0,0,1,0,0.35,0.10,0.45,0.35,0.45,Matches,ae4fc6a4
851,Eberechi Eze,eng ENG,MF,Crystal Palace,eng Premier League,27,1998,1,1,83,0.9,0,0,0,0,0,0,0,0,0.00,0.00,0.00,0.00,0.00,Matches,ae4fc6a4
852,Abde Ezzalzouli,ma MAR,MFFW,Real Betis,es La Liga,23,2001,29,26,2247,25.0,10,8,18,10,0,0,3,0,0.40,0.32,0.72,0.40,0.72,Matches,bed68338
853,Giovanni Fabbian,it ITA,MF,Bologna,it Serie A,22,2003,14,8,705,7.8,2,0,2,2,0,0,0,0,0.26,0.00,0.26,0.26,0.26,Matches,f97f9188
854,Giovanni Fabbian,it ITA,MF,Fiorentina,it Serie A,22,2003,15,4,468,5.2,0,0,0,0,0,0,2,0,0.00,0.00,0.00,0.00,0.00,Matches,f97f9188
855,Alieu Fadera,gm GAM,FW,Sassuolo,it Serie A,23,2001,28,8,987,11.0,2,1,3,2,0,0,5,0,0.18,0.09,0.27,0.18,0.27,Matches,53210e42
856,Wout Faes,be BEL,DF,Monaco,fr Ligue 1,27,1998,14,13,1141,12.7,0,0,0,0,0,0,3,0,0.00,0.00,0.00,0.00,0.00,Matches,9c221d14
857,Nicolò Fagioli,it ITA,MF,Fiorentina,it Serie A,24,2001,33,30,2554,28.4,2,3,5,2,0,0,5,0,0.07,0.11,0.18,0.07,0.18,Matches,366be751
858,Romain Faivre,fr FRA,MFFW,Auxerre,fr Ligue 1,27,1998,10,7,581,6.5,0,2,2,0,0,0,0,0,0.00,0.31,0.31,0.00,0.31,Matches,745ca0a3
859,Omar Falah,es ESP,DF,Oviedo,es La Liga,21,2003,1,0,14,0.2,0,0,0,0,0,0,0,0,0.00,0.00,0.00,0.00,0.00,Matches,8c593db1
860,Wladimiro Falcone,it ITA,GK,Lecce,it Serie A,30,1995,38,38,3420,38.0,0,0,0,0,0,0,2,0,0.00,0.00,0.00,0.00,0.00,Matches,9f5a610b
861,Ansu Fati,es ESP,MFFW,Monaco,fr Ligue 1,22,2002,25,10,1093,12.1,11,0,11,8,3,4,1,0,0.91,0.00,0.91,0.66,0.66,Matches,0ba976e4
862,Abdoulaye Faye,sn SEN,DF,Lorient,fr Ligue 1,20,2004,17,16,1444,16.0,0,0,0,0,0,0,8,0,0.00,0.00,0.00,0.00,0.00,Matches,ccc37bbb
863,Jacopo Fazzini,it ITA,MFFW,Fiorentina,it Serie A,22,2003,20,5,584,6.5,0,0,0,0,0,0,2,0,0.00,0.00,0.00,0.00,0.00,Matches,06b08c45
864,Aleix Febas,es ESP,MF,Elche,es La Liga,29,1996,36,36,3160,35.1,2,2,4,2,0,0,10,0,0.06,0.06,0.11,0.06,0.11,Matches,38126309
865,Mattia Felici,it ITA,MF,Cagliari,it Serie A,24,2001,12,4,412,4.6,2,1,3,2,0,0,3,0,0.44,0.22,0.66,0.44,0.66,Matches,38aa2612
866,Luiz Felipe,it ITA,DF,Rayo Vallecano,es La Liga,28,1997,10,7,470,5.2,0,0,0,0,0,0,1,0,0.00,0.00,0.00,0.00,0.00,Matches,15d0c248
867,Pedro Felipe,br BRA,DF,Sassuolo,it Serie A,21,2004,3,1,129,1.4,0,1,1,0,0,0,0,0,0.00,0.70,0.70,0.00,0.70,Matches,e95e9749
868,Frank Feller,de GER,GK,Heidenheim,de Bundesliga,21,2004,3,3,270,3.0,0,0,0,0,0,0,0,0,0.00,0.00,0.00,0.00,0.00,Matches,ccd0981f
869,Robin Fellhauer,de GER,MF,Augsburg,de Bundesliga,27,1998,34,31,2799,31.1,3,2,5,3,0,0,2,0,0.10,0.06,0.16,0.10,0.16,Matches,b6ce3e6c
870,Kiko Femenía,es ESP,DFMF,Getafe,es La Liga,34,1991,28,25,2008,22.3,1,1,2,1,0,0,6,0,0.04,0.04,0.09,0.04,0.09,Matches,e5d01ecf
871,Evan Ferguson,ie IRL,FW,Roma,it Serie A,20,2004,16,10,773,8.6,3,2,5,3,0,0,1,0,0.35,0.23,0.58,0.35,0.58,Matches,4596da74
872,Lewis Ferguson,sct SCO,MF,Bologna,it Serie A,25,1999,27,17,1601,17.8,1,0,1,1,0,0,7,1,0.06,0.00,0.06,0.06,0.06,Matches,ee64a822
873,Bruno Fernandes,pt POR,MF,Manchester Utd,eng Premier League,30,1994,35,35,3063,34.0,9,21,30,5,4,6,5,0,0.26,0.62,0.88,0.15,0.76,Matches,507c7bdf
874,Mateus Fernandes,pt POR,MF,West Ham,eng Premier League,21,2004,36,35,3016,33.5,3,4,7,3,0,0,7,0,0.09,0.12,0.21,0.09,0.21,Matches,ef491564
875,Aitor Fernández,es ESP,GK,Osasuna,es La Liga,34,1991,2,1,136,1.5,0,0,0,0,0,0,3,0,0.00,0.00,0.00,0.00,0.00,Matches,a01c3d54
876,Dro Fernández,es ESP,MF,Barcelona,es La Liga,17,2008,4,1,92,1.0,0,0,0,0,0,0,0,0,0.00,0.00,0.00,0.00,0.00,Matches,5eeaca99
877,Dro Fernández,es ESP,MF,PSG,fr Ligue 1,17,2008,12,7,682,7.6,1,0,1,1,0,0,0,0,0.13,0.00,0.13,0.13,0.13,Matches,5eeaca99
878,Enzo Fernández,ar ARG,MF,Chelsea,eng Premier League,24,2001,36,35,3115,34.6,10,4,14,8,2,2,10,0,0.29,0.12,0.40,0.23,0.35,Matches,5ff4ab71
879,Ezequiél Fernández,ar ARG,MF,Leverkusen,de Bundesliga,23,2002,20,12,984,10.9,0,1,1,0,0,0,4,1,0.00,0.09,0.09,0.00,0.09,Matches,319857df
880,Manu Fernández,es ESP,DF,Celta Vigo,es La Liga,24,2001,14,9,758,8.4,0,0,0,0,0,0,2,0,0.00,0.00,0.00,0.00,0.00,Matches,9b72de8f
881,Pelayo Fernandez,es ESP,DF,Rayo Vallecano,es La Liga,22,2003,1,0,45,0.5,0,0,0,0,0,0,0,0,0.00,0.00,0.00,0.00,0.00,Matches,ce46e850
882,Roberto Férnandez,es ESP,FW,Espanyol,es La Liga,23,2002,38,25,2382,26.5,7,3,10,6,1,1,3,0,0.26,0.11,0.38,0.23,0.34,Matches,c981fc98
883,Thiago Fernández,ar ARG,MFFW,Oviedo,es La Liga,21,2004,16,9,817,9.1,0,4,4,0,0,0,4,0,0.00,0.44,0.44,0.00,0.44,Matches,00322f0d
884,Toni Fernández,es ESP,FW,Barcelona,es La Liga,17,2008,1,1,45,0.5,0,0,0,0,0,0,0,0,0.00,0.00,0.00,0.00,0.00,Matches,285ff324
885,Matias Fernandez-Pardo,be BEL,FWMF,Lille,fr Ligue 1,20,2005,29,27,2370,26.3,8,5,13,6,2,2,5,0,0.30,0.19,0.49,0.23,0.42,Matches,0cdb6a2a
886,Álvaro Fidalgo,mx MEX,MF,Real Betis,es La Liga,28,1997,9,8,542,6.0,1,0,1,1,0,0,0,0,0.17,0.00,0.17,0.17,0.17,Matches,c705cdc4
887,Seydou Fini,it ITA,FW,Genoa,it Serie A,19,2006,1,0,32,0.4,0,0,0,0,0,0,0,0,0.00,0.00,0.00,0.00,0.00,Matches,6411925d
888,Max Finkgräfe,de GER,DF,RB Leipzig,de Bundesliga,21,2004,13,5,504,5.6,1,1,2,1,0,0,2,0,0.18,0.18,0.36,0.18,0.36,Matches,7ebd0896
889,Junior Firpo,do DOM,DF,Real Betis,es La Liga,28,1996,12,10,827,9.2,0,1,1,0,0,0,2,0,0.00,0.11,0.11,0.00,0.11,Matches,24f59bb2
890,Jonathan Fischer,dk DEN,GK,Metz,fr Ligue 1,23,2001,27,26,2354,26.2,0,0,0,0,0,0,0,0,0.00,0.00,0.00,0.00,0.00,Matches,f5bba427
891,Kilian Fischer,de GER,DF,Wolfsburg,de Bundesliga,24,2000,11,10,800,8.9,0,0,0,0,0,0,0,0,0.00,0.00,0.00,0.00,0.00,Matches,79f7302a
892,Mark Flekken,nl NED,GK,Leverkusen,de Bundesliga,32,1993,24,24,2129,23.7,0,0,0,0,0,0,2,0,0.00,0.00,0.00,0.00,0.00,Matches,a92ab7be
893,Zian Flemming,nl NED,FW,Burnley,eng Premier League,26,1998,29,21,1769,19.7,11,0,11,9,2,2,5,0,0.56,0.00,0.56,0.46,0.46,Matches,b3f36e72
894,Jack Fletcher,eng ENG,MF,Manchester Utd,eng Premier League,18,2007,3,0,108,1.2,0,0,0,0,0,0,0,0,0.00,0.00,0.00,0.00,0.00,Matches,38a6c944
895,Tyler Fletcher,sct SCO,MF,Manchester Utd,eng Premier League,18,2007,2,0,18,0.2,0,0,0,0,0,0,0,0,0.00,0.00,0.00,0.00,0.00,Matches,81a92add
896,Romano Floriani,it ITA,MF,Cremonese,it Serie A,22,2003,28,12,1168,13.0,0,1,1,0,0,0,2,0,0.00,0.08,0.08,0.00,0.08,Matches,e19e0ca1
897,Phil Foden,eng ENG,MF,Manchester City,eng Premier League,25,2000,33,23,2086,23.2,7,5,12,7,0,0,4,0,0.30,0.22,0.52,0.30,0.52,Matches,ed1e53f3
898,Malick Fofana,be BEL,MFFW,Lyon,fr Ligue 1,20,2005,12,9,749,8.3,2,1,3,2,0,0,1,0,0.24,0.12,0.36,0.24,0.36,Matches,8236f673
899,Rayan Fofana,fr FRA,FWMF,Lens,fr Ligue 1,19,2006,25,7,798,8.9,5,0,5,5,0,0,0,0,0.56,0.00,0.56,0.56,0.56,Matches,ad48a336
900,Sadik Fofana,tg TOG,MF,Lecce,it Serie A,22,2003,5,1,84,0.9,0,0,0,0,0,0,0,0,0.00,0.00,0.00,0.00,0.00,Matches,9ed58e6b
901,Seko Fofana,ci CIV,MF,Rennes,fr Ligue 1,30,1995,12,7,655,7.3,1,0,1,1,0,0,0,0,0.14,0.00,0.14,0.14,0.14,Matches,5313ed43
902,Wesley Fofana,fr FRA,DF,Chelsea,eng Premier League,24,2000,25,20,1722,19.1,0,1,1,0,0,0,9,2,0.00,0.05,0.05,0.00,0.05,Matches,132a82f1
903,Youssouf Fofana,fr FRA,MF,Milan,it Serie A,26,1999,33,28,2203,24.5,2,3,5,2,0,0,4,0,0.08,0.12,0.20,0.08,0.20,Matches,822d51d7
904,Jonas Föhrenbach,de GER,DFMF,Heidenheim,de Bundesliga,29,1996,27,25,2325,25.8,1,1,2,1,0,0,3,0,0.04,0.04,0.08,0.04,0.08,Matches,1b4be8eb
905,Francesco Folino,it ITA,DF,Cremonese,it Serie A,23,2002,18,7,722,8.0,1,0,1,1,0,0,1,0,0.12,0.00,0.12,0.12,0.12,Matches,051104b5
906,Michael Folorunsho,it ITA,MFFW,Cagliari,it Serie A,27,1998,27,24,1999,22.2,2,0,2,2,0,0,3,0,0.09,0.00,0.09,0.09,0.09,Matches,c391a179
907,Nicolas Fonseca,uy URU,MF,Oviedo,es La Liga,26,1998,19,12,1018,11.3,0,0,0,0,0,0,6,0,0.00,0.00,0.00,0.00,0.00,Matches,2a8d62fc
908,Álex Forés,es ESP,FW,Oviedo,es La Liga,24,2001,18,3,360,4.0,0,1,1,0,0,0,0,0,0.00,0.25,0.25,0.00,0.25,Matches,d6ed4376
909,Pablo Fornals,es ESP,MF,Real Betis,es La Liga,29,1996,37,34,2848,31.6,9,6,15,9,0,0,2,0,0.28,0.19,0.47,0.28,0.47,Matches,82927de4
910,Héctor Fort,es ESP,DFMF,Elche,es La Liga,18,2006,14,7,482,5.4,2,2,4,2,0,0,0,0,0.37,0.37,0.75,0.37,0.75,Matches,2e31f3a6
911,Niccolò Fortini,it ITA,MF,Fiorentina,it Serie A,19,2006,16,2,541,6.0,0,0,0,0,0,0,0,0,0.00,0.00,0.00,0.00,0.00,Matches,ed336580
912,Fortuño,es ESP,GK,Espanyol,es La Liga,23,2001,1,1,90,1.0,0,0,0,0,0,0,0,0,0.00,0.00,0.00,0.00,0.00,Matches,c81b26e2
913,Lyle Foster,za RSA,FWMF,Burnley,eng Premier League,24,2000,26,15,1371,15.2,3,2,5,3,0,0,4,0,0.20,0.13,0.33,0.20,0.33,Matches,f84a807c
914,Dimitri Foulquier,fr FRA,DF,Valencia,es La Liga,32,1993,15,12,1150,12.8,0,0,0,0,0,0,1,0,0.00,0.00,0.00,0.00,0.00,Matches,45e17712
915,Juan Foyth,ar ARG,DF,Villarreal,es La Liga,27,1998,13,12,934,10.4,0,0,0,0,0,0,2,0,0.00,0.00,0.00,0.00,0.00,Matches,6c7762c3
916,Alejandro Francés,es ESP,DF,Girona,es La Liga,22,2002,24,11,1116,12.4,0,2,2,0,0,0,2,1,0.00,0.16,0.16,0.00,0.16,Matches,3e78a188
917,Christian Frangella,it ITA,MF,Sassuolo,it Serie A,18,2006,1,0,3,0.0,0,0,0,0,0,0,0,0,0.00,0.00,0.00,0.00,0.00,Matches,ed1e1ae6
918,Przemysław Frankowski,pl POL,MFDF,Rennes,fr Ligue 1,30,1995,19,15,1210,13.4,1,2,3,1,0,0,5,0,0.07,0.15,0.22,0.07,0.22,Matches,00a8d210
919,Davide Frattesi,it ITA,MF,Inter,it Serie A,25,1999,22,3,569,6.3,0,0,0,0,0,0,0,0,0.00,0.00,0.00,0.00,0.00,Matches,2a7d27c1
920,Oscar Fraulo,dk DEN,MF,Gladbach,de Bundesliga,21,2003,4,0,43,0.5,1,0,1,1,0,0,0,0,2.09,0.00,2.09,2.09,2.09,Matches,458e3479
921,Tyler Fredricson,eng ENG,DF,Manchester Utd,eng Premier League,20,2005,1,0,3,0.0,0,0,0,0,0,0,0,0,0.00,0.00,0.00,0.00,0.00,Matches,58630379
922,Alex Freeman,us USA,DF,Villarreal,es La Liga,20,2004,9,3,346,3.8,0,0,0,0,0,0,0,0,0.00,0.00,0.00,0.00,0.00,Matches,754f150b
923,Morten Frendrup,dk DEN,MF,Genoa,it Serie A,24,2001,36,35,3081,34.2,1,0,1,1,0,0,5,0,0.03,0.00,0.03,0.03,0.03,Matches,f4d60499
924,Martin Frese,dk DEN,MFDF,Hellas Verona,it Serie A,27,1998,31,27,2408,26.8,2,0,2,2,0,0,8,0,0.07,0.00,0.07,0.07,0.07,Matches,b910e9c0
925,Remo Freuler,ch SUI,MF,Bologna,it Serie A,33,1992,29,26,2213,24.6,1,2,3,1,0,0,5,0,0.04,0.08,0.12,0.04,0.12,Matches,98d2c2c4
926,Marco Friedl,at AUT,DF,Werder Bremen,de Bundesliga,27,1998,30,29,2546,28.3,1,0,1,1,0,0,9,1,0.04,0.00,0.04,0.04,0.04,Matches,f86ad3f5
927,Marvin Friedrich,de GER,DF,Gladbach,de Bundesliga,29,1995,6,1,152,1.7,0,0,0,0,0,0,0,0,0.00,0.00,0.00,0.00,0.00,Matches,b77f44a4
928,Jeremie Frimpong,nl NED,DFMF,Liverpool,eng Premier League,24,2000,21,12,1040,11.6,0,1,1,0,0,0,1,0,0.00,0.09,0.09,0.00,0.09,Matches,74f2e748
929,Jorge de Frutos,es ESP,FWMF,Rayo Vallecano,es La Liga,28,1997,36,31,2463,27.4,10,1,11,9,1,1,3,0,0.37,0.04,0.40,0.33,0.37,Matches,38ce1150
930,Chris Führich,de GER,MF,Stuttgart,de Bundesliga,27,1998,33,20,1698,18.9,7,7,14,7,0,0,2,0,0.37,0.37,0.74,0.37,0.74,Matches,0cf778df
931,Joel Fujita,jp JPN,MF,St Pauli,de Bundesliga,23,2002,32,31,2665,29.6,1,3,4,1,0,0,6,0,0.03,0.10,0.14,0.03,0.14,Matches,e57ebd24
932,Niclas Füllkrug,de GER,FW,West Ham,eng Premier League,32,1993,8,5,409,4.5,0,0,0,0,0,0,0,0,0.00,0.00,0.00,0.00,0.00,Matches,4f16405e
933,Niclas Füllkrug,de GER,FW,Milan,it Serie A,32,1993,20,3,659,7.3,1,0,1,1,0,1,0,0,0.14,0.00,0.14,0.14,0.14,Matches,4f16405e
934,Alessio Furlanetto,it ITA,GK,Lazio,it Serie A,23,2002,2,2,180,2.0,0,0,0,0,0,0,0,0,0.00,0.00,0.00,0.00,0.00,Matches,95d9f4dd
935,Kaye Furo,be BEL,FW,Brentford,eng Premier League,18,2007,1,0,1,0.0,0,0,0,0,0,0,0,0,0.00,0.00,0.00,0.00,0.00,Matches,9fea2579
936,Matteo Gabbia,it ITA,DF,Milan,it Serie A,25,1999,30,28,2530,28.1,0,0,0,0,0,0,4,0,0.00,0.00,0.00,0.00,0.00,Matches,c235e803
937,Tiago Gabriel,pt POR,DF,Lecce,it Serie A,20,2004,37,36,3219,35.8,2,0,2,2,0,0,7,0,0.06,0.00,0.06,0.06,0.06,Matches,19452285
938,Gianluca Gaetano,it ITA,MFFW,Cagliari,it Serie A,25,2000,33,21,1912,21.2,2,4,6,2,0,0,4,0,0.09,0.19,0.28,0.09,0.28,Matches,3b387cc7
939,Roberto Gagliardini,it ITA,MF,Hellas Verona,it Serie A,31,1994,29,25,2272,25.2,1,0,1,1,0,0,9,0,0.04,0.00,0.04,0.04,0.04,Matches,ce30bfc8
940,Cody Gakpo,nl NED,MFFW,Liverpool,eng Premier League,26,1999,36,32,2737,30.4,7,5,12,7,0,0,3,0,0.23,0.16,0.39,0.23,0.39,Matches,1971591f
941,Javi Galán,es ESP,DF,Osasuna,es La Liga,30,1994,20,19,1672,18.6,0,1,1,0,0,0,3,0,0.00,0.05,0.05,0.00,0.05,Matches,a4b00319
942,Javi Galán,es ESP,DF,Atlético Madrid,es La Liga,30,1994,5,1,134,1.5,0,0,0,0,0,0,0,0,0.00,0.00,0.00,0.00,0.00,Matches,a4b00319
943,Iñigo Ruiz de Galarreta,es ESP,MF,Athletic Club,es La Liga,31,1993,34,30,2206,24.5,1,2,3,1,0,0,10,0,0.04,0.08,0.12,0.04,0.12,Matches,91f7631f
944,Conor Gallagher,eng ENG,MF,Tottenham,eng Premier League,25,2000,16,14,1184,13.2,1,1,2,1,0,0,2,0,0.08,0.08,0.15,0.08,0.15,Matches,c2731c10
945,Conor Gallagher,eng ENG,MF,Atlético Madrid,es La Liga,25,2000,19,4,679,7.5,2,0,2,2,0,0,2,0,0.27,0.00,0.27,0.27,0.27,Matches,c2731c10
946,Antonino Gallo,it ITA,DF,Lecce,it Serie A,25,2000,37,34,3056,34.0,0,4,4,0,0,0,3,0,0.00,0.12,0.12,0.00,0.12,Matches,c74d63ac
947,Ignatius Ganago,cm CMR,FW,Nantes,fr Ligue 1,26,1999,13,10,839,9.3,3,1,4,2,1,1,1,0,0.32,0.11,0.43,0.21,0.32,Matches,23c63b7f
948,Omri Gandelman,il ISR,MFFW,Lecce,it Serie A,25,2000,19,10,975,10.8,2,1,3,2,0,0,0,0,0.18,0.09,0.28,0.18,0.28,Matches,e4b121b3
949,Ismaëlo Ganiou,fr FRA,DF,Lens,fr Ligue 1,20,2005,23,22,2014,22.4,3,0,3,3,0,0,4,1,0.13,0.00,0.13,0.13,0.13,Matches,7ce98c36
950,Ben Gannon-Doak,sct SCO,MF,Bournemouth,eng Premier League,19,2005,8,0,113,1.3,0,1,1,0,0,0,0,0,0.00,0.80,0.80,0.00,0.80,Matches,733f1a7d
951,Facundo Garcés,my MAS,DF,Alavés,es La Liga,25,1999,10,8,793,8.8,0,0,0,0,0,0,3,0,0.00,0.00,0.00,0.00,0.00,Matches,20c88f8f
952,Aleix García,es ESP,MF,Leverkusen,de Bundesliga,28,1997,33,31,2667,29.6,3,8,11,3,0,0,6,0,0.10,0.27,0.37,0.10,0.37,Matches,a10361d2
953,Álvaro García,es ESP,MFFW,Rayo Vallecano,es La Liga,32,1992,32,23,2101,23.3,4,5,9,4,0,0,3,0,0.17,0.21,0.39,0.17,0.39,Matches,90bbd822
954,Andrés García,es ESP,DF,Aston Villa,eng Premier League,22,2003,6,1,86,1.0,0,0,0,0,0,0,0,0,0.00,0.00,0.00,0.00,0.00,Matches,40498af1
955,Eder García,es ESP,FW,Athletic Club,es La Liga,21,2004,2,0,38,0.4,0,0,0,0,0,0,1,0,0.00,0.00,0.00,0.00,0.00,Matches,500cbe76
956,Eric García,es ESP,DFMF,Barcelona,es La Liga,24,2001,34,32,2721,30.2,1,1,2,1,0,0,6,0,0.03,0.03,0.07,0.03,0.07,Matches,2bed3eab
957,Fran Garcia,es ESP,DFMF,Real Madrid,es La Liga,25,1999,13,10,929,10.3,1,1,2,1,0,0,2,1,0.10,0.10,0.19,0.10,0.19,Matches,7226539b
958,Gonzalo García,es ESP,FW,Real Madrid,es La Liga,21,2004,30,9,964,10.7,6,1,7,6,0,0,2,0,0.56,0.09,0.65,0.56,0.65,Matches,74c2d562
959,Hugo García,es ESP,MF,Celta Vigo,es La Liga,18,2006,1,0,8,0.1,0,0,0,0,0,0,0,0,0.00,0.00,0.00,0.00,0.00,Matches,a97fe191
960,Joan García,es ESP,GK,Barcelona,es La Liga,24,2001,30,30,2700,30.0,0,0,0,0,0,0,1,0,0.00,0.00,0.00,0.00,0.00,Matches,87b498b0
961,Pablo Garcia,es ESP,MF,Real Betis,es La Liga,19,2006,15,2,388,4.3,0,0,0,0,0,0,1,0,0.00,0.00,0.00,0.00,0.00,Matches,9925419c
962,Rubén García,es ESP,MFFW,Osasuna,es La Liga,32,1993,35,28,2229,24.8,2,5,7,2,0,0,6,0,0.08,0.20,0.28,0.08,0.28,Matches,5c96b017
963,Ulisses Garcia,ch SUI,MFDF,Marseille,fr Ligue 1,29,1996,4,2,211,2.3,0,0,0,0,0,0,1,1,0.00,0.00,0.00,0.00,0.00,Matches,c952f633
964,Ulisses Garcia,ch SUI,DF,Sassuolo,it Serie A,29,1996,13,10,943,10.5,1,2,3,1,0,0,3,0,0.10,0.19,0.29,0.10,0.29,Matches,c952f633
965,Víctor García,es ESP,MFFW,Levante,es La Liga,27,1997,21,12,1040,11.6,2,1,3,2,0,0,1,0,0.17,0.09,0.26,0.17,0.26,Matches,6636496a
966,Alejandro Garnacho,ar ARG,MF,Chelsea,eng Premier League,21,2004,24,14,1268,14.1,1,4,5,1,0,0,2,0,0.07,0.28,0.35,0.07,0.35,Matches,7aa8adfe
967,James Garner,eng ENG,MFDF,Everton,eng Premier League,24,2001,38,38,3413,37.9,2,7,9,2,0,0,12,0,0.05,0.18,0.24,0.05,0.24,Matches,4e015693
968,Erawan Garnier,th THA,DF,Lens,fr Ligue 1,19,2006,1,0,7,0.1,0,0,0,0,0,0,0,0,0.00,0.00,0.00,0.00,0.00,Matches,f5e6e120
969,Federico Gatti,it ITA,DF,Juventus,it Serie A,27,1998,21,12,1093,12.1,2,0,2,2,0,0,3,0,0.16,0.00,0.16,0.16,0.16,Matches,18dd3219
970,Federico Gattoni,ar ARG,DF,Sevilla,es La Liga,26,1999,1,0,10,0.1,0,0,0,0,0,0,0,0,0.00,0.00,0.00,0.00,0.00,Matches,86087757
971,Gavi,es ESP,MF,Barcelona,es La Liga,20,2004,11,7,573,6.4,0,1,1,0,0,0,3,0,0.00,0.16,0.16,0.00,0.16,Matches,19cae58d
972,Jusuf Gazibegović,ba BIH,DF,Köln,de Bundesliga,25,2000,1,0,23,0.3,0,0,0,0,0,0,0,0,0.00,0.00,0.00,0.00,0.00,Matches,0683f364
973,Paulo Gazzaniga,ar ARG,GK,Girona,es La Liga,33,1992,35,35,3102,34.5,0,0,0,0,0,0,4,1,0.00,0.00,0.00,0.00,0.00,Matches,63d17038
974,Jean-Philippe Gbamin,ci CIV,DFMF,Metz,fr Ligue 1,29,1995,31,30,2485,27.6,1,1,2,1,0,0,2,1,0.04,0.04,0.07,0.04,0.07,Matches,6bd603db
975,Yann Gboho,fr FRA,MFFW,Toulouse,fr Ligue 1,24,2001,31,30,2601,28.9,8,3,11,8,0,0,1,1,0.28,0.10,0.38,0.28,0.38,Matches,6be41a31
976,David de Gea,es ESP,GK,Fiorentina,it Serie A,34,1990,37,37,3330,37.0,0,0,0,0,0,0,0,0,0.00,0.00,0.00,0.00,0.00,Matches,7ba6d84e
977,Lutsharel Geertruida,nl NED,DFMF,Sunderland,eng Premier League,25,2000,28,17,1693,18.8,0,0,0,0,0,0,2,0,0.00,0.00,0.00,0.00,0.00,Matches,242e1043
978,Valentin Gendrey,fr FRA,DF,Hoffenheim,de Bundesliga,25,2000,8,0,59,0.7,1,1,2,1,0,0,0,0,1.53,1.53,3.05,1.53,3.05,Matches,822ed0ec
979,Tyrique George,eng ENG,FW,Chelsea,eng Premier League,19,2006,4,0,145,1.6,0,0,0,0,0,0,2,0,0.00,0.00,0.00,0.00,0.00,Matches,e6f7797e
980,Tyrique George,eng ENG,MF,Everton,eng Premier League,19,2006,11,1,218,2.4,0,0,0,0,0,0,0,0,0.00,0.00,0.00,0.00,0.00,Matches,e6f7797e
981,Yannick Gerhardt,de GER,MF,Wolfsburg,de Bundesliga,31,1994,19,12,1068,11.9,1,0,1,1,0,0,1,0,0.08,0.00,0.08,0.08,0.08,Matches,62ab9184
982,Willem Geubbels,fr FRA,FW,Paris FC,fr Ligue 1,23,2001,24,12,1013,11.3,5,0,5,4,1,1,0,0,0.44,0.00,0.44,0.36,0.36,Matches,9836e892
983,Ismaël Gharbi,tn TUN,MF,Augsburg,de Bundesliga,21,2004,6,0,94,1.0,0,0,0,0,0,0,0,0,0.00,0.00,0.00,0.00,0.00,Matches,5b3cfa12
984,Mourad El Ghezouani,ma MAR,FW,Elche,es La Liga,27,1998,2,0,50,0.6,0,0,0,0,0,0,0,0,0.00,0.00,0.00,0.00,0.00,Matches,1d72c7a5
985,Rachid Ghezzal,dz ALG,MFFW,Lyon,fr Ligue 1,33,1992,10,2,225,2.5,0,0,0,0,0,0,0,0,0.00,0.00,0.00,0.00,0.00,Matches,dc3a9a0d
986,Daniele Ghilardi,it ITA,DF,Roma,it Serie A,22,2003,23,9,1097,12.2,0,0,0,0,0,0,1,0,0.00,0.00,0.00,0.00,0.00,Matches,9cedad4b
987,Andrea Ghion,it ITA,MF,Sassuolo,it Serie A,25,2000,1,0,10,0.1,0,0,0,0,0,0,0,0,0.00,0.00,0.00,0.00,0.00,Matches,7f24b3eb
988,Dimitris Giannoulis,gr GRE,MF,Augsburg,de Bundesliga,29,1995,27,25,1888,21.0,2,5,7,2,0,0,8,0,0.10,0.24,0.33,0.10,0.33,Matches,112c495e
989,Morgan Gibbs-White,eng ENG,MF,Nottingham,eng Premier League,25,2000,37,35,3097,34.4,15,4,19,14,1,1,1,0,0.44,0.12,0.55,0.41,0.52,Matches,32f60ed8
990,Bryan Gil,es ESP,MFFW,Girona,es La Liga,24,2001,29,20,1578,17.5,0,3,3,0,0,0,6,0,0.00,0.17,0.17,0.00,0.17,Matches,7b5ab7f2
991,Mario Gila,es ESP,DF,Lazio,it Serie A,24,2000,31,31,2472,27.5,0,0,0,0,0,0,4,1,0.00,0.00,0.00,0.00,0.00,Matches,9c435456
992,Billy Gilmour,sct SCO,MF,Napoli,it Serie A,24,2001,17,8,805,8.9,1,0,1,1,0,0,1,0,0.11,0.00,0.11,0.11,0.11,Matches,df10e27c
993,Benedikt Gimber,de GER,DF,Heidenheim,de Bundesliga,28,1997,21,18,1436,16.0,0,0,0,0,0,0,6,0,0.00,0.00,0.00,0.00,0.00,Matches,e5f76710
994,Santiago Giménez,mx MEX,FW,Milan,it Serie A,24,2001,16,11,892,9.9,0,1,1,0,0,0,2,0,0.00,0.10,0.10,0.00,0.10,Matches,37337aea
995,Gvidas Gineitis,lt LTU,MF,Torino,it Serie A,21,2004,29,23,1756,19.5,0,1,1,0,0,0,5,0,0.00,0.05,0.05,0.00,0.05,Matches,548bd0de
996,Matthias Ginter,de GER,DF,Freiburg,de Bundesliga,31,1994,32,32,2833,31.5,3,3,6,3,0,0,3,0,0.10,0.10,0.19,0.10,0.19,Matches,f521b80a
997,Giovane,br BRA,FWMF,Hellas Verona,it Serie A,21,2003,21,19,1533,17.0,3,4,7,3,0,0,2,0,0.18,0.23,0.41,0.18,0.41,Matches,1b567cdc
998,Giovane,br BRA,MFFW,Napoli,it Serie A,21,2003,12,2,338,3.8,0,1,1,0,0,0,0,0,0.00,0.27,0.27,0.00,0.27,Matches,1b567cdc
999,Olivier Giroud,fr FRA,FW,Lille,fr Ligue 1,38,1986,30,17,1609,17.9,7,1,8,4,3,4,2,0,0.39,0.06,0.45,0.22,0.28,Matches,16ceb862
1000,Jamie Gittens,eng ENG,MF,Chelsea,eng Premier League,20,2004,16,5,495,5.5,0,2,2,0,0,0,0,0,0.00,0.36,0.36,0.00,0.36,Matches,10745192
1001,Robert Glatzel,de GER,FW,Hamburger SV,de Bundesliga,31,1994,19,7,612,6.8,3,2,5,2,1,1,0,0,0.44,0.29,0.74,0.29,0.59,Matches,18a9efe4
1002,Serge Gnabry,de GER,MF,Bayern Munich,de Bundesliga,30,1995,21,16,1219,13.5,8,6,14,8,0,0,1,0,0.59,0.44,1.03,0.59,1.03,Matches,88e357ef
1003,Wilfried Gnonto,it ITA,FW,Leeds United,eng Premier League,21,2003,23,4,537,6.0,0,1,1,0,0,0,3,0,0.00,0.17,0.17,0.00,0.17,Matches,75fdd638
1004,Giorgi Gocholeishvili,ge GEO,MF,Hamburger SV,de Bundesliga,24,2001,24,9,940,10.4,0,2,2,0,0,0,3,1,0.00,0.19,0.19,0.00,0.19,Matches,50f9bec6
1005,Martial Godo,ci CIV,MF,Strasbourg,fr Ligue 1,22,2003,28,18,1584,17.6,10,1,11,10,0,0,2,0,0.57,0.06,0.62,0.57,0.62,Matches,e0eea46f
1006,Maxima Goffi,fr FRA,DF,Lille,fr Ligue 1,17,2008,1,0,39,0.4,0,0,0,0,0,0,0,0,0.00,0.00,0.00,0.00,0.00,Matches,cbbf1231
1007,Saba Goglichidze,ge GEO,DF,Udinese,it Serie A,21,2004,8,4,424,4.7,0,0,0,0,0,0,2,0,0.00,0.00,0.00,0.00,0.00,Matches,011d370e
1008,Edoardo Goldaniga,it ITA,DF,Como,it Serie A,31,1993,2,0,15,0.2,0,0,0,0,0,0,0,0,0.00,0.00,0.00,0.00,0.00,Matches,4b029b31
1009,Aleksandr Golovin,ru RUS,MF,Monaco,fr Ligue 1,29,1996,25,21,1649,18.3,5,5,10,5,0,0,4,1,0.27,0.27,0.55,0.27,0.55,Matches,3708e9fa
1010,André Gomes,pt POR,MF,Lille,fr Ligue 1,32,1993,2,0,8,0.1,0,0,0,0,0,0,0,0,0.00,0.00,0.00,0.00,0.00,Matches,1961b2aa
1011,Angel Gomes,eng ENG,MF,Marseille,fr Ligue 1,24,2000,14,12,888,9.9,3,0,3,3,0,0,4,0,0.30,0.00,0.30,0.30,0.30,Matches,645a3363
1012,Angel Gomes,eng ENG,MFFW,Wolves,eng Premier League,24,2000,12,7,461,5.1,0,0,0,0,0,0,1,0,0.00,0.00,0.00,0.00,0.00,Matches,645a3363
1013,João Gomes,br BRA,MF,Wolves,eng Premier League,24,2001,35,32,2829,31.4,1,1,2,1,0,0,10,0,0.03,0.03,0.06,0.03,0.06,Matches,8b57ad2c
1014,Rodrigo Gomes,pt POR,MFFW,Wolves,eng Premier League,22,2003,22,9,960,10.7,3,0,3,3,0,0,0,0,0.28,0.00,0.28,0.28,0.28,Matches,8dcf77c0
1015,Toti Gomes,pt POR,DF,Wolves,eng Premier League,26,1999,19,17,1424,15.8,0,0,0,0,0,0,2,1,0.00,0.00,0.00,0.00,0.00,Matches,f0caab96
1016,Diego Gómez,py PAR,MFFW,Brighton,eng Premier League,22,2003,32,26,2120,23.6,5,1,6,5,0,0,9,0,0.21,0.04,0.25,0.21,0.25,Matches,916728da
1017,Joe Gomez,eng ENG,DF,Liverpool,eng Premier League,28,1997,21,7,607,6.7,0,2,2,0,0,0,4,0,0.00,0.30,0.30,0.00,0.30,Matches,7a11550b
1018,Moi Gómez,es ESP,MF,Osasuna,es La Liga,31,1994,26,12,1201,13.3,0,2,2,0,0,0,3,0,0.00,0.15,0.15,0.00,0.15,Matches,5a626448
1019,Sergio Gómez,es ESP,DF,Real Sociedad,es La Liga,24,2000,35,30,2701,30.0,0,6,6,0,0,0,5,1,0.00,0.20,0.20,0.00,0.20,Matches,01e5f06e
1020,Unai Gómez,es ESP,MF,Athletic Club,es La Liga,22,2003,26,12,936,10.4,1,1,2,1,0,0,1,0,0.10,0.10,0.19,0.10,0.19,Matches,37db6cae
1021,Valentín Gómez,ar ARG,DF,Real Betis,es La Liga,22,2003,28,19,1882,20.9,1,0,1,1,0,0,5,0,0.05,0.00,0.05,0.05,0.05,Matches,0394c2ee
1022,Georges Gomis,sn SEN,DF,Le Havre,fr Ligue 1,17,2008,1,0,1,0.0,0,0,0,0,0,0,0,0,0.00,0.00,0.00,0.00,0.00,Matches,8ba5b334
1023,Tidiam Gomis,fr FRA,FW,RB Leipzig,de Bundesliga,18,2006,18,2,348,3.9,1,0,1,1,0,0,1,0,0.26,0.00,0.26,0.26,0.26,Matches,64c705d7
1024,Rafael Gonçalves,pt POR,MFDF,Strasbourg,fr Ligue 1,20,2005,12,6,588,6.5,0,1,1,0,0,0,0,0,0.00,0.15,0.15,0.00,0.15,Matches,3d08559e
1025,Hugo González,es ESP,FW,Celta Vigo,es La Liga,22,2003,1,0,8,0.1,0,0,0,0,0,0,0,0,0.00,0.00,0.00,0.00,0.00,Matches,2cfb6e88
1026,Nicolás González,es ESP,MF,Manchester City,eng Premier League,23,2002,25,17,1569,17.4,1,0,1,1,0,0,6,0,0.06,0.00,0.06,0.06,0.06,Matches,2c56a792
1027,Nicolás González,ar ARG,MFDF,Atlético Madrid,es La Liga,27,1998,24,18,1448,16.1,5,0,5,5,0,0,4,1,0.31,0.00,0.31,0.31,0.31,Matches,2374aaca
1028,Nicolás González,ar ARG,FWMF,Juventus,it Serie A,27,1998,2,0,19,0.2,0,0,0,0,0,0,0,0,0.00,0.00,0.00,0.00,0.00,Matches,2374aaca
1029,Urko González,es ESP,MF,Espanyol,es La Liga,24,2001,35,28,2623,29.1,0,1,1,0,0,0,7,0,0.00,0.03,0.03,0.00,0.03,Matches,c4f5eb61
1030,Urko González,es ESP,DFMF,Real Sociedad,es La Liga,24,2001,1,0,11,0.1,0,0,0,0,0,0,0,0,0.00,0.00,0.00,0.00,0.00,Matches,c4f5eb61
1031,Anthony Gordon,eng ENG,FW,Newcastle,eng Premier League,24,2001,26,24,1795,19.9,6,2,8,3,3,3,3,1,0.30,0.10,0.40,0.15,0.25,Matches,2bd83368
1032,Leon Goretzka,de GER,MF,Bayern Munich,de Bundesliga,30,1995,31,25,1947,21.6,5,3,8,5,0,0,4,0,0.23,0.14,0.37,0.23,0.37,Matches,cc86b9a3
1033,Mathieu Gorgelin,fr FRA,GK,Lens,fr Ligue 1,34,1990,1,1,90,1.0,0,0,0,0,0,0,0,0,0.00,0.00,0.00,0.00,0.00,Matches,4d3e9033
1034,Andoni Gorosabel,es ESP,DF,Athletic Club,es La Liga,28,1996,24,15,1360,15.1,0,1,1,0,0,0,3,0,0.00,0.07,0.07,0.00,0.07,Matches,6f5f82c0
1035,Jon Gorrotxategi,es ESP,MF,Real Sociedad,es La Liga,23,2002,30,26,2210,24.6,1,3,4,1,0,0,7,0,0.04,0.12,0.16,0.04,0.16,Matches,4f3bbb10
1036,Olaf Gorter,nl NED,MF,Lecce,it Serie A,20,2005,2,0,28,0.3,0,0,0,0,0,0,0,0,0.00,0.00,0.00,0.00,0.00,Matches,7b2e8e08
1037,Alimami Gory,ml MLI,MFDF,Paris FC,fr Ligue 1,28,1996,24,9,982,10.9,5,1,6,5,0,0,3,0,0.46,0.09,0.55,0.46,0.55,Matches,a2f8e467
1038,Robin Gosens,de GER,DFMF,Fiorentina,it Serie A,31,1994,26,24,1881,20.9,3,1,4,3,0,0,2,0,0.14,0.05,0.19,0.14,0.19,Matches,2d970560
1039,Mikel Goti,es ESP,MF,Real Sociedad,es La Liga,23,2002,4,1,76,0.8,0,0,0,0,0,0,0,0,0.00,0.00,0.00,0.00,0.00,Matches,5192bf16
1040,Mario Götze,de GER,MF,Frankfurt,de Bundesliga,33,1992,21,8,886,9.8,0,0,0,0,0,0,1,0,0.00,0.00,0.00,0.00,0.00,Matches,9efa1d25
1041,Amine Gouiri,dz ALG,FWMF,Marseille,fr Ligue 1,25,2000,22,15,1326,14.7,8,3,11,8,0,0,1,0,0.54,0.20,0.75,0.54,0.75,Matches,aad56ca3
1042,Lucas Gourna-Douath,fr FRA,MF,Le Havre,fr Ligue 1,21,2003,15,14,1272,14.1,0,0,0,0,0,0,5,0,0.00,0.00,0.00,0.00,0.00,Matches,3cd7820a
1043,Tiago Gouveia,pt POR,MF,Nice,fr Ligue 1,24,2001,15,5,532,5.9,0,0,0,0,0,0,3,0,0.00,0.00,0.00,0.00,0.00,Matches,68cf59f0
1044,Jeffrey Gouweleeuw,nl NED,DF,Augsburg,de Bundesliga,34,1991,11,10,848,9.4,0,1,1,0,0,0,3,0,0.00,0.11,0.11,0.00,0.11,Matches,1025db8e
1045,Kamil Grabara,pl POL,GK,Wolfsburg,de Bundesliga,26,1999,34,34,3060,34.0,0,0,0,0,0,0,1,0,0.00,0.00,0.00,0.00,0.00,Matches,62182b1d
1046,Jonathan Gradit,fr FRA,DF,Lens,fr Ligue 1,32,1992,10,10,807,9.0,0,0,0,0,0,0,2,1,0.00,0.00,0.00,0.00,0.00,Matches,06c48679
1047,Alberto Grassi,it ITA,MF,Cremonese,it Serie A,30,1995,30,18,1753,19.5,0,0,0,0,0,0,4,1,0.00,0.00,0.00,0.00,0.00,Matches,6cc97b6a
1048,Ryan Gravenberch,nl NED,MF,Liverpool,eng Premier League,23,2002,36,34,2992,33.2,5,3,8,5,0,0,5,0,0.15,0.09,0.24,0.15,0.24,Matches,b8e740fb
1049,Archie Gray,eng ENG,MFDF,Tottenham,eng Premier League,19,2006,24,18,1478,16.4,2,2,4,2,0,0,5,0,0.12,0.12,0.24,0.12,0.24,Matches,f58515f5
1050,Jack Grealish,eng ENG,MF,Everton,eng Premier League,29,1995,20,18,1627,18.1,2,6,8,2,0,0,5,1,0.11,0.33,0.44,0.11,0.44,Matches,b0b4fd3e
1051,Mason Greenwood,eng ENG,MF,Marseille,fr Ligue 1,23,2001,32,29,2462,27.4,16,7,23,10,6,8,4,0,0.58,0.26,0.84,0.37,0.62,Matches,58eee997
1052,Michael Gregoritsch,at AUT,FW,Augsburg,de Bundesliga,31,1994,17,11,913,10.1,6,2,8,5,1,1,2,0,0.59,0.20,0.79,0.49,0.69,Matches,8e235926
1053,Dominik Greif,sk SVK,GK,Lyon,fr Ligue 1,28,1997,29,29,2610,29.0,0,1,1,0,0,0,1,0,0.00,0.03,0.03,0.00,0.03,Matches,30061f53
1054,Antoine Griezmann,fr FRA,FW,Atlético Madrid,es La Liga,34,1991,34,13,1481,16.5,7,4,11,7,0,0,1,0,0.43,0.24,0.67,0.43,0.67,Matches,df69b544
1055,Vincenzo Grifo,it ITA,MF,Freiburg,de Bundesliga,32,1993,33,21,1710,19.0,7,4,11,3,4,4,0,0,0.37,0.21,0.58,0.16,0.37,Matches,54e4866f
1056,Álex Grimaldo,es ESP,MF,Leverkusen,de Bundesliga,29,1995,29,29,2521,28.0,8,7,15,5,3,3,5,0,0.29,0.25,0.54,0.18,0.43,Matches,b1f4086c
1057,Pascal Groß,de GER,MF,Dortmund,de Bundesliga,34,1991,11,7,613,6.8,0,1,1,0,0,0,0,0,0.00,0.15,0.15,0.00,0.15,Matches,8aec0537
1058,Pascal Groß,de GER,MF,Brighton,eng Premier League,34,1991,19,18,1636,18.2,1,3,4,1,0,0,2,0,0.06,0.17,0.22,0.06,0.22,Matches,8aec0537
1059,Jacopo Grossi,it ITA,MF,Genoa,it Serie A,18,2006,1,0,22,0.2,0,0,0,0,0,0,0,0,0.00,0.00,0.00,0.00,0.00,Matches,61d31a52
1060,Brajan Gruda,de GER,MFFW,RB Leipzig,de Bundesliga,21,2004,13,8,753,8.4,3,3,6,3,0,0,1,0,0.36,0.36,0.72,0.36,0.72,Matches,ae9b998d
1061,Brajan Gruda,de GER,MF,Brighton,eng Premier League,21,2004,18,8,719,8.0,1,1,2,1,0,0,2,0,0.13,0.13,0.25,0.13,0.25,Matches,ae9b998d
1062,Ilia Gruev,bg BUL,MF,Leeds United,eng Premier League,25,2000,23,15,1323,14.7,0,3,3,0,0,0,3,0,0.00,0.20,0.20,0.00,0.20,Matches,1fc4f3d1
1063,Marco Grüll,at AUT,MFFW,Werder Bremen,de Bundesliga,27,1998,33,23,2006,22.3,3,1,4,3,0,0,5,0,0.13,0.04,0.18,0.13,0.18,Matches,8babb812
1064,Albert Grønbaek,dk DEN,MF,Hamburger SV,de Bundesliga,24,2001,7,6,492,5.5,1,2,3,1,0,0,0,0,0.18,0.37,0.55,0.18,0.55,Matches,0da5076f
1065,Albert Grønbaek,dk DEN,MF,Genoa,it Serie A,24,2001,4,1,103,1.1,0,0,0,0,0,0,1,0,0.00,0.00,0.00,0.00,0.00,Matches,0da5076f
1066,Nemanja Gudelj,rs SRB,DFMF,Sevilla,es La Liga,33,1991,34,26,2348,26.1,2,0,2,2,0,0,9,0,0.08,0.00,0.08,0.08,0.08,Matches,0076ab7f
1067,Gabriel Gudmundsson,se SWE,DFMF,Leeds United,eng Premier League,26,1999,32,31,2631,29.2,0,0,0,0,0,0,6,1,0.00,0.00,0.00,0.00,0.00,Matches,d5d22a58
1068,Gonçalo Guedes,pt POR,MF,Real Sociedad,es La Liga,28,1996,32,22,1823,20.3,8,4,12,8,0,0,3,0,0.39,0.20,0.59,0.39,0.59,Matches,e6bc67d7
1069,Marc Guéhi,eng ENG,DF,Crystal Palace,eng Premier League,25,2000,20,20,1800,20.0,2,2,4,2,0,0,4,0,0.10,0.10,0.20,0.10,0.20,Matches,d0706b27
1070,Marc Guéhi,eng ENG,DF,Manchester City,eng Premier League,25,2000,15,15,1350,15.0,1,1,2,1,0,0,2,0,0.07,0.07,0.13,0.07,0.13,Matches,d0706b27
1071,Mattéo Guendouzi,fr FRA,MF,Lazio,it Serie A,26,1999,16,16,1428,15.9,2,1,3,2,0,0,5,1,0.13,0.06,0.19,0.13,0.19,Matches,5ea8ef20
1072,Javier Guerra,es ESP,MFFW,Valencia,es La Liga,22,2003,36,25,2061,22.9,4,6,10,4,0,0,3,0,0.17,0.26,0.44,0.17,0.44,Matches,3828f130
1073,Raphaël Guerreiro,pt POR,MF,Bayern Munich,de Bundesliga,31,1993,18,8,784,8.7,5,2,7,5,0,0,0,0,0.57,0.23,0.80,0.57,0.80,Matches,048a1cbc
1074,Daniel Guerrero,es ESP,MF,Real Betis,es La Liga,20,2005,1,0,1,0.0,0,0,0,0,0,0,0,0,0.00,0.00,0.00,0.00,0.00,Matches,1707d9c6
1075,Ismaël Guerti,fr FRA,FW,Metz,fr Ligue 1,21,2004,3,0,27,0.3,0,0,0,0,0,0,0,0,0.00,0.00,0.00,0.00,0.00,Matches,448256fc
1076,Evann Guessand,ci CIV,MF,Crystal Palace,eng Premier League,24,2001,8,3,330,3.7,1,1,2,1,0,0,0,0,0.27,0.27,0.55,0.27,0.55,Matches,b73f17f8
1077,Evann Guessand,ci CIV,MF,Aston Villa,eng Premier League,24,2001,13,6,588,6.5,0,1,1,0,0,0,0,0,0.00,0.15,0.15,0.00,0.15,Matches,b73f17f8
1078,Ander Guevara,es ESP,MF,Alavés,es La Liga,28,1997,25,2,654,7.3,1,1,2,1,0,0,4,1,0.14,0.14,0.28,0.14,0.28,Matches,8e48dc61
1079,Idrissa Gueye,sn SEN,MF,Everton,eng Premier League,35,1989,25,25,2093,23.3,2,3,5,2,0,0,1,1,0.09,0.13,0.22,0.09,0.22,Matches,72c812f3
1080,Idrissa Guèye,sn SEN,FW,Udinese,it Serie A,18,2006,19,1,421,4.7,1,0,1,1,0,0,2,0,0.21,0.00,0.21,0.21,0.21,Matches,bfecfbde
1081,Idrissa Guèye,sn SEN,FW,Metz,fr Ligue 1,18,2006,3,1,132,1.5,0,0,0,0,0,0,0,0,0.00,0.00,0.00,0.00,0.00,Matches,bfecfbde
1082,Pape Gueye,sn SEN,MF,Villarreal,es La Liga,26,1999,30,26,2131,23.7,5,2,7,4,1,1,8,0,0.21,0.08,0.30,0.17,0.25,Matches,7155e3e1
1083,Morgan Guilavogui,gn GUI,MF,Lens,fr Ligue 1,27,1998,16,3,491,5.5,1,0,1,1,0,0,3,1,0.18,0.00,0.18,0.18,0.18,Matches,79b51257
1084,Frederic Guilbert,fr FRA,DFMF,Nantes,fr Ligue 1,30,1994,8,7,607,6.7,0,0,0,0,0,0,1,0,0.00,0.00,0.00,0.00,0.00,Matches,5d8d7454
1085,Luis Guilherme,br BRA,FW,West Ham,eng Premier League,19,2006,5,1,125,1.4,0,0,0,0,0,0,0,0,0.00,0.00,0.00,0.00,0.00,Matches,b7672d43
1086,Bruno Guimarães,br BRA,MF,Newcastle,eng Premier League,27,1997,29,27,2453,27.3,9,5,14,7,2,2,6,0,0.33,0.18,0.51,0.26,0.44,Matches,82518f62
1087,Daouda Guindo,ml MLI,DF,Brest,fr Ligue 1,22,2002,25,19,1686,18.7,1,1,2,1,0,0,4,1,0.05,0.05,0.11,0.05,0.11,Matches,e382905a
1088,Bahereba Guirassy,fr FRA,FWMF,Nantes,fr Ligue 1,18,2006,20,9,821,9.1,2,1,3,2,0,0,2,0,0.22,0.11,0.33,0.22,0.33,Matches,a08bb82c
1089,Serhou Guirassy,gn GUI,FW,Dortmund,de Bundesliga,29,1996,33,27,2337,26.0,17,1,18,16,1,3,3,0,0.65,0.04,0.69,0.62,0.65,Matches,923f4dda
1090,Marc Guiu,es ESP,FW,Sunderland,eng Premier League,19,2006,2,0,15,0.2,0,0,0,0,0,0,0,0,0.00,0.00,0.00,0.00,0.00,Matches,d3d774cc
1091,Marc Guiu,es ESP,FW,Chelsea,eng Premier League,19,2006,8,1,257,2.9,0,1,1,0,0,0,1,0,0.00,0.35,0.35,0.00,0.35,Matches,d3d774cc
1092,Péter Gulácsi,hu HUN,GK,RB Leipzig,de Bundesliga,35,1990,23,23,2008,22.3,0,0,0,0,0,0,1,0,0.00,0.00,0.00,0.00,0.00,Matches,bcb2ccd8
1093,Arda Güler,tr TUR,MF,Real Madrid,es La Liga,20,2005,33,25,2014,22.4,4,9,13,4,0,0,1,0,0.18,0.40,0.58,0.18,0.58,Matches,3741ca58
1094,Gerard Gumbau,es ESP,MF,Rayo Vallecano,es La Liga,30,1994,28,14,1175,13.1,0,3,3,0,0,0,4,0,0.00,0.23,0.23,0.00,0.23,Matches,ac454a4f
1095,Angus Gunn,sct SCO,GK,Nottingham,eng Premier League,29,1996,1,0,45,0.5,0,0,0,0,0,0,0,0,0.00,0.00,0.00,0.00,0.00,Matches,e082af5b
1096,Christian Günter,de GER,DF,Freiburg,de Bundesliga,32,1993,24,18,1547,17.2,0,3,3,0,0,0,3,0,0.00,0.17,0.17,0.00,0.17,Matches,8593f88c
1097,Jon Guridi,es ESP,MFFW,Alavés,es La Liga,30,1995,28,15,1238,13.8,0,0,0,0,0,0,1,0,0.00,0.00,0.00,0.00,0.00,Matches,4c0a6a48
1098,Gorka Guruzeta,es ESP,FW,Athletic Club,es La Liga,28,1996,35,28,2363,26.3,10,3,13,9,1,1,6,1,0.38,0.11,0.50,0.34,0.46,Matches,6b5ea2f4
1099,Malo Gusto,fr FRA,DFMF,Chelsea,eng Premier League,22,2003,34,26,2261,25.1,2,3,5,2,0,0,5,1,0.08,0.12,0.20,0.08,0.20,Matches,d56b9520
1100,Linus Güther,de GER,MF,Union Berlin,de Bundesliga,15,2010,1,0,7,0.1,0,0,0,0,0,0,1,0,0.00,0.00,0.00,0.00,0.00,Matches,15a3f306
1101,Miguel Gutiérrez,es ESP,MFDF,Napoli,it Serie A,24,2001,28,15,1488,16.5,1,1,2,1,0,0,0,0,0.06,0.06,0.12,0.06,0.12,Matches,7e98cff1
1102,Albert Guðmundsson,is ISL,FWMF,Fiorentina,it Serie A,28,1997,33,27,2250,25.0,5,4,9,2,3,3,4,1,0.20,0.16,0.36,0.08,0.24,Matches,b79858d5
1103,Joško Gvardiol,hr CRO,DF,Manchester City,eng Premier League,23,2002,18,16,1372,15.2,2,2,4,2,0,0,2,0,0.13,0.13,0.26,0.13,0.26,Matches,5ad50391
1104,Viktor Gyökeres,se SWE,FW,Arsenal,eng Premier League,27,1998,36,26,2224,24.7,14,1,15,11,3,3,5,0,0.57,0.04,0.61,0.45,0.49,Matches,4d5a9185
1105,Erling Haaland,no NOR,FW,Manchester City,eng Premier League,25,2000,35,34,2953,32.8,27,8,35,24,3,4,2,0,0.82,0.24,1.07,0.73,0.98,Matches,1f44ac21
1106,Janik Haberer,de GER,MF,Union Berlin,de Bundesliga,31,1994,28,20,1646,18.3,0,1,1,0,0,0,8,0,0.00,0.05,0.05,0.00,0.05,Matches,70dcf94d
1107,Robin Hack,de GER,MF,Gladbach,de Bundesliga,26,1998,8,3,320,3.6,1,0,1,1,0,0,1,0,0.28,0.00,0.28,0.28,0.28,Matches,0174ba21
1108,Amadou Haidara,ml MLI,MF,Lens,fr Ligue 1,27,1998,7,2,259,2.9,1,1,2,1,0,0,0,0,0.35,0.35,0.69,0.35,0.69,Matches,92432bc6
1109,Albian Hajdari,xk KVX,DF,Hoffenheim,de Bundesliga,22,2003,30,28,2434,27.0,1,2,3,1,0,0,10,0,0.04,0.07,0.11,0.04,0.11,Matches,84b5ffd6
1110,Achraf Hakimi,ma MAR,DF,PSG,fr Ligue 1,26,1998,18,15,1375,15.3,2,2,4,2,0,0,3,1,0.13,0.13,0.26,0.13,0.26,Matches,e42d61c7
1111,Lewis Hall,eng ENG,DF,Newcastle,eng Premier League,20,2004,30,24,2181,24.2,1,1,2,1,0,0,4,0,0.04,0.04,0.08,0.04,0.08,Matches,da011f18
1112,Adil Hamdani,fr FRA,MF,Lyon,fr Ligue 1,16,2009,4,0,27,0.3,0,0,0,0,0,0,0,0,0.00,0.00,0.00,0.00,0.00,Matches,2b2685af
1113,Pierre-Yves Hamel,fr FRA,FW,Paris FC,fr Ligue 1,31,1994,2,1,78,0.9,0,0,0,0,0,0,0,0,0.00,0.00,0.00,0.00,0.00,Matches,a99da9ec
1114,Hilan Hamzaoui,fr FRA,DF,Marseille,fr Ligue 1,19,2006,1,0,3,0.0,0,0,0,0,0,0,0,0,0.00,0.00,0.00,0.00,0.00,Matches,479d6fe7
1115,Andreas Hanche-Olsen,no NOR,DF,Mainz 05,de Bundesliga,28,1997,13,8,851,9.5,0,1,1,0,0,0,3,0,0.00,0.11,0.11,0.00,0.11,Matches,2e77d607
1116,Dávid Hancko,sk SVK,DF,Atlético Madrid,es La Liga,27,1997,30,27,2432,27.0,0,2,2,0,0,0,2,0,0.00,0.07,0.07,0.00,0.07,Matches,4fac8f81
1117,Florent Hanin,dz ALG,DFMF,Angers,fr Ligue 1,35,1990,25,9,865,9.6,0,0,0,0,0,0,0,0,0.00,0.00,0.00,0.00,0.00,Matches,6bfb4303
1118,Isak Hansen-Aarøen,no NOR,MF,Werder Bremen,de Bundesliga,20,2004,1,0,2,0.0,0,0,0,0,0,0,0,0,0.00,0.00,0.00,0.00,0.00,Matches,4f96ed39
1119,Taichi Hara,jp JPN,FW,St Pauli,de Bundesliga,26,1999,4,0,27,0.3,0,0,0,0,0,0,0,0,0.00,0.00,0.00,0.00,0.00,Matches,1e524738
1120,Hákon Haraldsson,is ISL,MF,Lille,fr Ligue 1,22,2003,32,29,2460,27.3,8,2,10,8,0,0,6,0,0.29,0.07,0.37,0.29,0.37,Matches,e2ae54db
1121,Conrad Harder,dk DEN,FW,RB Leipzig,de Bundesliga,20,2005,29,8,932,10.4,3,3,6,3,0,0,3,0,0.29,0.29,0.58,0.29,0.58,Matches,675261f8
1122,Jack Harrison,eng ENG,FWMF,Fiorentina,it Serie A,28,1996,15,10,981,10.9,1,3,4,1,0,0,1,0,0.09,0.28,0.37,0.09,0.37,Matches,aa849a12
1123,Jack Harrison,eng ENG,FW,Leeds United,eng Premier League,28,1996,11,1,269,3.0,0,0,0,0,0,0,0,0,0.00,0.00,0.00,0.00,0.00,Matches,aa849a12
1124,Abdou Harroui,nl NED,MF,Hellas Verona,it Serie A,27,1998,23,11,907,10.1,1,0,1,0,1,1,3,0,0.10,0.00,0.10,0.00,0.00,Matches,65fd099c
1125,Quilindschy Hartman,nl NED,DF,Burnley,eng Premier League,23,2001,21,21,1825,20.3,0,5,5,0,0,0,1,0,0.00,0.25,0.25,0.00,0.25,Matches,39e1138f
1126,Haissem Hassan,eg EGY,MFFW,Oviedo,es La Liga,23,2002,37,20,1942,21.6,0,3,3,0,0,0,1,0,0.00,0.14,0.14,0.00,0.14,Matches,e0979e74
1127,Hans Hateboer,nl NED,DFMF,Rennes,fr Ligue 1,31,1994,1,0,22,0.2,0,0,0,0,0,0,0,0,0.00,0.00,0.00,0.00,0.00,Matches,3b333ac3
1128,Hans Hateboer,nl NED,DFMF,Lyon,fr Ligue 1,31,1994,15,8,740,8.2,0,0,0,0,0,0,0,1,0.00,0.00,0.00,0.00,0.00,Matches,3b333ac3
1129,Jorrel Hato,nl NED,DF,Chelsea,eng Premier League,19,2006,22,12,1148,12.8,0,0,0,0,0,0,7,0,0.00,0.00,0.00,0.00,0.00,Matches,bde35051
1130,Kjetil Haug,no NOR,GK,Toulouse,fr Ligue 1,27,1998,1,0,31,0.3,0,0,0,0,0,0,0,0,0.00,0.00,0.00,0.00,0.00,Matches,d3ae48eb
1131,Kai Havertz,de GER,FWMF,Arsenal,eng Premier League,26,1999,12,7,581,6.5,2,3,5,2,0,0,1,0,0.31,0.46,0.77,0.31,0.77,Matches,fed7cb61
1132,Ayden Heaven,eng ENG,DF,Manchester Utd,eng Premier League,18,2006,17,11,924,10.3,0,1,1,0,0,0,2,0,0.00,0.10,0.10,0.00,0.10,Matches,64e17fab
1133,Jan Paul van Hecke,nl NED,DF,Brighton,eng Premier League,25,2000,36,36,3210,35.7,3,3,6,3,0,0,9,0,0.08,0.08,0.17,0.08,0.17,Matches,4fd08daa
1134,Hwang Hee-chan,kr KOR,FWMF,Wolves,eng Premier League,29,1996,26,18,1446,16.1,2,2,4,1,1,1,5,0,0.12,0.12,0.25,0.06,0.19,Matches,169fd162
1135,Torbjørn Heggem,no NOR,DF,Bologna,it Serie A,26,1999,27,23,2113,23.5,0,0,0,0,0,0,0,1,0.00,0.00,0.00,0.00,0.00,Matches,834fea76
1136,Gauthier Hein,fr FRA,MFFW,Metz,fr Ligue 1,28,1996,29,26,2351,26.1,8,7,15,3,5,5,3,1,0.31,0.27,0.57,0.11,0.38,Matches,563fcd6b
1137,Dominique Heintz,de GER,DF,Köln,de Bundesliga,31,1993,9,5,382,4.2,0,0,0,0,0,0,0,0,0.00,0.00,0.00,0.00,0.00,Matches,699fb8db
1138,Eivind Helland,no NOR,DF,Bologna,it Serie A,20,2005,6,6,484,5.4,0,0,0,0,0,0,2,0,0.00,0.00,0.00,0.00,0.00,Matches,c6218f7a
1139,George Hemmings,eng ENG,MF,Aston Villa,eng Premier League,18,2007,2,0,27,0.3,0,0,0,0,0,0,0,0,0.00,0.00,0.00,0.00,0.00,Matches,28795530
1140,Dean Henderson,eng ENG,GK,Crystal Palace,eng Premier League,28,1997,37,37,3330,37.0,0,0,0,0,0,0,5,0,0.00,0.00,0.00,0.00,0.00,Matches,e5a76dfe
1141,Jordan Henderson,eng ENG,MF,Brentford,eng Premier League,35,1990,32,22,1919,21.3,1,3,4,1,0,0,6,0,0.05,0.14,0.19,0.05,0.19,Matches,935e6b8f
1142,Ramon Hendriks,nl NED,DF,Stuttgart,de Bundesliga,24,2001,31,22,2025,22.5,0,3,3,0,0,0,3,0,0.00,0.13,0.13,0.00,0.13,Matches,5a28ad23
1143,Benjamin Henrichs,de GER,DF,RB Leipzig,de Bundesliga,28,1997,17,3,305,3.4,1,0,1,1,0,0,0,0,0.30,0.00,0.30,0.30,0.30,Matches,0a89e877
1144,Caio Henrique,br BRA,DFMF,Monaco,fr Ligue 1,28,1997,22,17,1536,17.1,0,2,2,0,0,0,2,0,0.00,0.12,0.12,0.00,0.12,Matches,30af8b93
1145,Luis Henrique,br BRA,MF,Inter,it Serie A,23,2001,30,18,1624,18.0,1,2,3,1,0,0,1,0,0.06,0.11,0.17,0.06,0.17,Matches,f36d5624
1146,Rico Henry,jm JAM,DF,Brentford,eng Premier League,28,1997,25,14,1328,14.8,0,1,1,0,0,0,2,0,0.00,0.07,0.07,0.00,0.07,Matches,8a3c1dc7
1147,Pharell Hensel,de GER,MF,Wolfsburg,de Bundesliga,18,2007,5,1,69,0.8,0,0,0,0,0,0,0,0,0.00,0.00,0.00,0.00,0.00,Matches,9b6bda6b
1148,Mads Hermansen,dk DEN,GK,West Ham,eng Premier League,25,2000,18,18,1620,18.0,0,1,1,0,0,0,0,0,0.00,0.06,0.06,0.00,0.06,Matches,c924b17d
1149,Mario Hermoso,es ESP,DF,Roma,it Serie A,30,1995,27,25,2085,23.2,3,2,5,3,0,0,9,0,0.13,0.09,0.22,0.13,0.22,Matches,555f3a0b
1150,Lucas Hernández,fr FRA,DF,PSG,fr Ligue 1,29,1996,25,20,1747,19.4,0,3,3,0,0,0,4,0,0.00,0.15,0.15,0.00,0.15,Matches,c3ee18ef
1151,Hernani,br BRA,MF,Parma,it Serie A,31,1994,4,0,73,0.8,0,0,0,0,0,0,0,0,0.00,0.00,0.00,0.00,0.00,Matches,6f5ead86
1152,Jorge Herrando,es ESP,DF,Osasuna,es La Liga,24,2001,28,17,1600,17.8,0,1,1,0,0,0,3,0,0.00,0.06,0.06,0.00,0.06,Matches,e19c989c
1153,Sergio Herrera,es ESP,GK,Osasuna,es La Liga,32,1993,37,37,3284,36.5,0,0,0,0,0,0,3,1,0.00,0.00,0.00,0.00,0.00,Matches,a4995f48
1154,Yangel Herrera,ve VEN,MF,Girona,es La Liga,27,1998,2,2,110,1.2,0,0,0,0,0,0,0,0,0.00,0.00,0.00,0.00,0.00,Matches,5083a734
1155,Yangel Herrera,ve VEN,MF,Real Sociedad,es La Liga,27,1998,12,6,526,5.8,0,0,0,0,0,0,2,0,0.00,0.00,0.00,0.00,0.00,Matches,5083a734
1156,Charles Herrmann,de GER,FW,Gladbach,de Bundesliga,19,2006,1,0,5,0.1,0,1,1,0,0,0,0,0,0.00,18.00,18.00,0.00,18.00,Matches,9ba728b8
1157,Daniel Heuer Fernandes,pt POR,GK,Hamburger SV,de Bundesliga,32,1992,33,33,2970,33.0,0,0,0,0,0,0,3,0,0.00,0.00,0.00,0.00,0.00,Matches,0c1f8f71
1158,Aaron Hickey,sct SCO,DFMF,Brentford,eng Premier League,23,2002,21,8,691,7.7,0,0,0,0,0,0,1,0,0.00,0.00,0.00,0.00,0.00,Matches,1780bb4a
1159,Santiago Hidalgo,ar ARG,MFFW,Toulouse,fr Ligue 1,20,2005,28,14,1306,14.5,4,6,10,4,0,0,4,0,0.28,0.41,0.69,0.28,0.69,Matches,0448c34f
1160,Isak Hien,se SWE,DF,Atalanta,it Serie A,26,1999,28,20,1970,21.9,1,0,1,1,0,0,5,0,0.05,0.00,0.05,0.05,0.05,Matches,12806697
1161,Asier Hierro,es ESP,FW,Athletic Club,es La Liga,20,2005,1,0,34,0.4,0,0,0,0,0,0,0,0,0.00,0.00,0.00,0.00,0.00,Matches,e258d67a
1162,Omar El Hilali,ma MAR,DF,Espanyol,es La Liga,21,2003,36,32,2826,31.4,0,2,2,0,0,0,9,0,0.00,0.06,0.06,0.00,0.06,Matches,139560df
1163,James Hill,eng ENG,DF,Bournemouth,eng Premier League,23,2002,29,22,2106,23.4,0,3,3,0,0,0,5,0,0.00,0.13,0.13,0.00,0.13,Matches,69942fb3
1164,Rémi Himbert,fr FRA,FW,Lyon,fr Ligue 1,17,2008,6,1,131,1.5,1,0,1,1,0,0,0,0,0.69,0.00,0.69,0.69,0.69,Matches,05bfc9d0
1165,Piero Hincapié,ec ECU,DF,Arsenal,eng Premier League,23,2002,25,20,1792,19.9,1,2,3,1,0,0,2,0,0.05,0.10,0.15,0.05,0.15,Matches,0c7a48f8
1166,Piero Hincapié,ec ECU,DF,Leverkusen,de Bundesliga,23,2002,1,1,90,1.0,0,0,0,0,0,0,0,0,0.00,0.00,0.00,0.00,0.00,Matches,0c7a48f8
1167,Jack Hinshelwood,eng ENG,MF,Brighton,eng Premier League,20,2005,27,20,1741,19.3,4,3,7,4,0,0,0,0,0.21,0.16,0.36,0.21,0.36,Matches,e98211e7
1168,Adam Hložek,cz CZE,FWMF,Hoffenheim,de Bundesliga,23,2002,5,0,41,0.5,0,0,0,0,0,0,0,0,0.00,0.00,0.00,0.00,0.00,Matches,5521f419
1169,Ki-Jana Hoever,nl NED,MFDF,Wolves,eng Premier League,23,2002,8,6,425,4.7,0,0,0,0,0,0,0,0,0.00,0.00,0.00,0.00,0.00,Matches,9a71e978
1170,Nicolas Höfler,de GER,MF,Freiburg,de Bundesliga,35,1990,13,2,291,3.2,0,0,0,0,0,0,0,0,0.00,0.00,0.00,0.00,0.00,Matches,5d8e331f
1171,Jonas Hofmann,de GER,MF,Leverkusen,de Bundesliga,33,1992,23,11,1013,11.3,2,2,4,2,0,0,3,0,0.18,0.18,0.36,0.18,0.36,Matches,2903a856
1172,Malthe Hojholt,dk DEN,MF,Pisa,it Serie A,24,2001,17,9,850,9.4,0,0,0,0,0,0,2,0,0.00,0.00,0.00,0.00,0.00,Matches,b52b9079
1173,Lucas Höler,de GER,FWMF,Freiburg,de Bundesliga,31,1994,33,25,2037,22.6,3,1,4,3,0,0,4,0,0.13,0.04,0.18,0.13,0.18,Matches,ca618d23
1174,Benedict Hollerbach,de GER,FWMF,Mainz 05,de Bundesliga,24,2001,14,13,872,9.7,1,3,4,1,0,0,0,0,0.10,0.31,0.41,0.10,0.41,Matches,2a158218
1175,Emil Holm,se SWE,DF,Bologna,it Serie A,25,2000,11,8,655,7.3,1,4,5,1,0,0,3,1,0.14,0.55,0.69,0.14,0.69,Matches,c2357b65
1176,Emil Holm,se SWE,MF,Juventus,it Serie A,25,2000,7,2,230,2.6,0,0,0,0,0,0,0,0,0.00,0.00,0.00,0.00,0.00,Matches,c2357b65
1177,Franck Honorat,fr FRA,MFFW,Gladbach,de Bundesliga,28,1996,28,24,1977,22.0,2,6,8,2,0,0,0,0,0.09,0.27,0.36,0.09,0.36,Matches,db7849ca
1178,Mathias Honsak,at AUT,MFFW,Heidenheim,de Bundesliga,28,1996,27,15,1249,13.9,2,1,3,2,0,0,1,0,0.14,0.07,0.22,0.14,0.22,Matches,3dbdbb6a
1179,Ali Houary,ma MAR,MF,Elche,es La Liga,19,2005,2,2,123,1.4,0,0,0,0,0,0,0,0,0.00,0.00,0.00,0.00,0.00,Matches,69ca346f
1180,Andreas Hountondji,bj BEN,FW,St Pauli,de Bundesliga,23,2002,21,15,1067,11.9,4,0,4,4,0,1,2,0,0.34,0.00,0.34,0.34,0.34,Matches,02953b59
1181,Harry Howell,eng ENG,MF,Brighton,eng Premier League,17,2008,3,1,94,1.0,0,0,0,0,0,0,0,0,0.00,0.00,0.00,0.00,0.00,Matches,d8a7e52c
1182,Lukáš Hrádecký,fi FIN,GK,Monaco,fr Ligue 1,35,1989,17,17,1439,16.0,0,0,0,0,0,0,1,0,0.00,0.00,0.00,0.00,0.00,Matches,ad3389d5
1183,Robin Hranáč,cz CZE,DF,Hoffenheim,de Bundesliga,25,2000,29,26,2251,25.0,1,0,1,1,0,0,5,0,0.04,0.00,0.04,0.04,0.04,Matches,95d5aea2
1184,Timo Hübers,de GER,DF,Köln,de Bundesliga,29,1996,8,8,675,7.5,0,0,0,0,0,0,0,0,0.00,0.00,0.00,0.00,0.00,Matches,94302c52
1185,Callum Hudson-Odoi,eng ENG,MF,Nottingham,eng Premier League,24,2000,30,21,1841,20.5,3,4,7,3,0,0,0,0,0.15,0.20,0.34,0.15,0.34,Matches,15f3ec41
1186,Will Hughes,eng ENG,MF,Crystal Palace,eng Premier League,30,1995,31,19,1571,17.5,0,0,0,0,0,0,7,0,0.00,0.00,0.00,0.00,0.00,Matches,a0666d3e
1187,Dean Huijsen,es ESP,DF,Real Madrid,es La Liga,20,2005,28,24,2034,22.6,2,2,4,2,0,0,7,1,0.09,0.09,0.18,0.09,0.18,Matches,87278bce
1188,Trai Hume,nir NIR,DFMF,Sunderland,eng Premier League,23,2002,38,34,3036,33.7,2,1,3,2,0,0,9,0,0.06,0.03,0.09,0.06,0.09,Matches,4fa3a3a4
1189,Bashir Humphreys,eng ENG,DFMF,Burnley,eng Premier League,22,2003,20,17,1578,17.5,0,0,0,0,0,0,6,0,0.00,0.00,0.00,0.00,0.00,Matches,d2b32e91
1190,Denis Huseinbasic,ba BIH,MF,Köln,de Bundesliga,24,2001,15,9,726,8.1,0,0,0,0,0,0,1,0,0.00,0.00,0.00,0.00,0.00,Matches,b116c6e3
1191,Omari Hutchinson,eng ENG,MF,Nottingham,eng Premier League,21,2003,31,17,1688,18.8,1,5,6,1,0,0,1,0,0.05,0.27,0.32,0.05,0.32,Matches,bd9553e6
1192,Kwon Hyeokkyu,kr KOR,MF,Nantes,fr Ligue 1,24,2001,12,9,753,8.4,0,0,0,0,0,0,2,0,0.00,0.00,0.00,0.00,0.00,Matches,8bcad896
1193,Elseid Hysaj,al ALB,DF,Lazio,it Serie A,31,1994,5,1,174,1.9,0,0,0,0,0,0,0,0,0.00,0.00,0.00,0.00,0.00,Matches,2f3452eb
1194,Hong Hyunseok,kr KOR,MF,Nantes,fr Ligue 1,26,1999,6,3,284,3.2,0,0,0,0,0,0,0,0,0.00,0.00,0.00,0.00,0.00,Matches,9a234cc9
1195,Lucas Høgsberg,dk DEN,DF,Strasbourg,fr Ligue 1,19,2006,24,21,1792,19.9,0,0,0,0,0,0,4,1,0.00,0.00,0.00,0.00,0.00,Matches,7e598f96
1196,Pierre Højbjerg,dk DEN,MF,Marseille,fr Ligue 1,29,1995,32,30,2712,30.1,4,5,9,4,0,0,4,0,0.13,0.17,0.30,0.13,0.30,Matches,8b04d6c1
1197,Oscar Højlund,dk DEN,MF,Frankfurt,de Bundesliga,20,2005,24,12,1089,12.1,1,1,2,1,0,0,4,1,0.08,0.08,0.17,0.08,0.17,Matches,3e2bbae6
1198,Rasmus Højlund,dk DEN,FW,Napoli,it Serie A,22,2003,33,32,2750,30.6,12,5,17,11,1,1,1,0,0.39,0.16,0.56,0.36,0.52,Matches,491a433d
1199,Edoardo Iannoni,it ITA,MF,Sassuolo,it Serie A,24,2001,15,1,260,2.9,1,0,1,1,0,0,3,0,0.35,0.00,0.35,0.35,0.35,Matches,59f33d97
1200,Pablo Ibáñez,es ESP,MF,Alavés,es La Liga,26,1998,37,28,2236,24.8,1,1,2,1,0,0,7,0,0.04,0.04,0.08,0.04,0.08,Matches,3701906c
1201,Arijon Ibrahimović,de GER,MFFW,Heidenheim,de Bundesliga,19,2005,32,25,2169,24.1,2,4,6,1,1,1,2,0,0.08,0.17,0.25,0.04,0.21,Matches,f5c4fd91
1202,Riyad Idrissi,it ITA,MFDF,Cagliari,it Serie A,20,2005,23,4,783,8.7,2,0,2,2,0,0,3,0,0.23,0.00,0.23,0.23,0.23,Matches,39003cd3
1203,Stanis Idumbo,be BEL,MF,Sevilla,es La Liga,20,2005,1,1,45,0.5,0,0,0,0,0,0,0,0,0.00,0.00,0.00,0.00,0.00,Matches,53551b98
1204,Stanis Idumbo,be BEL,MF,Monaco,fr Ligue 1,20,2005,8,0,171,1.9,1,1,2,1,0,0,0,0,0.53,0.53,1.05,0.53,1.05,Matches,53551b98
1205,Jay Idzes,id IDN,DF,Sassuolo,it Serie A,25,2000,35,35,3061,34.0,0,0,0,0,0,0,2,0,0.00,0.00,0.00,0.00,0.00,Matches,a54ef587
1206,Hamza Igamane,ma MAR,FW,Lille,fr Ligue 1,22,2002,13,4,432,4.8,5,1,6,5,0,0,2,0,1.04,0.21,1.25,1.04,1.25,Matches,1da5c4d6
1207,Iglesias,es ESP,DF,Getafe,es La Liga,27,1998,37,36,3185,35.4,1,2,3,1,0,0,4,0,0.03,0.06,0.08,0.03,0.08,Matches,974322dc
1208,Borja Iglesias,es ESP,FW,Celta Vigo,es La Liga,32,1993,35,21,1900,21.1,14,2,16,10,4,4,7,0,0.66,0.09,0.76,0.47,0.57,Matches,75645f0e
1209,Igor,br BRA,DF,West Ham,eng Premier League,27,1998,4,1,105,1.2,0,0,0,0,0,0,0,0,0.00,0.00,0.00,0.00,0.00,Matches,a4e85758
1210,Jonathan Ikone,fr FRA,MFFW,Paris FC,fr Ligue 1,27,1998,23,13,1100,12.2,3,1,4,3,0,0,2,0,0.25,0.08,0.33,0.25,0.33,Matches,42eaa028
1211,George Ilenikhena,ng NGA,FW,Monaco,fr Ligue 1,18,2006,15,3,385,4.3,2,0,2,2,0,0,0,0,0.47,0.00,0.47,0.47,0.47,Matches,78c3ad07
1212,Andrej Ilic,rs SRB,FW,Union Berlin,de Bundesliga,25,2000,32,24,2257,25.1,5,10,15,5,0,1,5,0,0.20,0.40,0.60,0.20,0.60,Matches,cd2cb5bb
1213,Ivan Ilić,rs SRB,MF,Torino,it Serie A,24,2001,8,5,416,4.6,0,0,0,0,0,0,2,0,0.00,0.00,0.00,0.00,0.00,Matches,bb376bed
1214,Luka Ilić,rs SRB,MFFW,Oviedo,es La Liga,26,1999,19,8,742,8.2,1,0,1,1,0,0,4,1,0.12,0.00,0.12,0.12,0.12,Matches,7bbcff4d
1215,Samuel Iling-Junior,eng ENG,MF,Pisa,it Serie A,21,2003,5,1,110,1.2,0,0,0,0,0,0,0,0,0.00,0.00,0.00,0.00,0.00,Matches,ba492306
1216,Emirhan İlkhan,tr TUR,MF,Torino,it Serie A,21,2004,19,13,1001,11.1,1,2,3,1,0,0,2,1,0.09,0.18,0.27,0.09,0.27,Matches,a47c6309
1217,Ciro Immobile,it ITA,FW,Paris FC,fr Ligue 1,35,1990,12,9,705,7.8,2,2,4,2,0,0,2,0,0.26,0.26,0.51,0.26,0.51,Matches,4431aed2
1218,Ciro Immobile,it ITA,FW,Bologna,it Serie A,35,1990,6,2,193,2.1,0,0,0,0,0,0,1,0,0.00,0.00,0.00,0.00,0.00,Matches,4431aed2
1219,Samuele Inácio,it ITA,MF,Dortmund,de Bundesliga,17,2008,7,4,384,4.3,1,0,1,1,0,0,2,0,0.23,0.00,0.23,0.23,0.23,Matches,152d1740
1220,Cyriaque Irié,bf BFA,MF,Freiburg,de Bundesliga,20,2005,10,3,347,3.9,0,0,0,0,0,0,3,0,0.00,0.00,0.00,0.00,0.00,Matches,9c765cb0
1221,Tim Iroegbunam,eng ENG,MF,Everton,eng Premier League,22,2003,29,17,1487,16.5,0,2,2,0,0,0,9,0,0.00,0.12,0.12,0.00,0.12,Matches,84c5ceea
1222,Jackson Irvine,au AUS,MF,St Pauli,de Bundesliga,32,1993,24,18,1624,18.0,0,1,1,0,0,0,2,1,0.00,0.06,0.06,0.00,0.06,Matches,4637747c
1223,Andy Irving,sct SCO,MF,West Ham,eng Premier League,25,2000,7,2,158,1.8,0,0,0,0,0,0,0,0,0.00,0.00,0.00,0.00,0.00,Matches,b1be9fc0
1224,Isaac,br BRA,FW,Hellas Verona,it Serie A,21,2004,3,0,40,0.4,0,0,0,0,0,0,0,0,0.00,0.00,0.00,0.00,0.00,Matches,f689c342
1225,Alexander Isak,se SWE,FW,Liverpool,eng Premier League,25,1999,14,8,699,7.8,3,1,4,3,0,0,0,0,0.39,0.13,0.52,0.39,0.52,Matches,8e92be30
1226,Gustav Isaksen,dk DEN,FW,Lazio,it Serie A,24,2001,30,18,1593,17.7,5,1,6,5,0,0,0,0,0.28,0.06,0.34,0.28,0.34,Matches,5715bb71
1227,Isco,es ESP,MF,Real Betis,es La Liga,33,1992,8,1,233,2.6,1,1,2,0,1,1,0,0,0.39,0.39,0.77,0.00,0.39,Matches,a0b4bb3e
1228,Wilson Isidor,ht HAI,FW,Sunderland,eng Premier League,24,2000,32,11,1165,12.9,6,0,6,6,0,0,1,0,0.46,0.00,0.46,0.46,0.46,Matches,a671316d
1229,Ardian Ismajli,al ALB,DF,Torino,it Serie A,28,1996,25,21,1906,21.2,0,1,1,0,0,0,5,0,0.00,0.05,0.05,0.00,0.05,Matches,6b635f5c
1230,Franco Israel,uy URU,GK,Torino,it Serie A,25,2000,9,9,810,9.0,0,0,0,0,0,0,1,0,0.00,0.00,0.00,0.00,0.00,Matches,1f994616
1231,Hiroki Ito,jp JPN,DF,Bayern Munich,de Bundesliga,26,1999,16,10,920,10.2,1,2,3,1,0,0,0,0,0.10,0.20,0.29,0.10,0.29,Matches,204dded0
1232,Alex Iwobi,ng NGA,MF,Fulham,eng Premier League,29,1996,29,29,2419,26.9,4,3,7,4,0,0,3,0,0.15,0.11,0.26,0.15,0.26,Matches,6ca5ec4b
1233,Urko Izeta,es ESP,FW,Athletic Club,es La Liga,25,1999,13,1,193,2.1,1,0,1,1,0,0,2,0,0.47,0.00,0.47,0.47,0.47,Matches,f9756b6a
1234,Jairo Izquierdo,es ESP,DFFW,Elche,es La Liga,31,1993,1,0,24,0.3,0,0,0,0,0,0,0,0,0.00,0.00,0.00,0.00,0.00,Matches,2ceb58ab
1235,Nicolas Jackson,sn SEN,FW,Bayern Munich,de Bundesliga,24,2001,23,12,1007,11.2,8,1,9,8,0,0,2,1,0.71,0.09,0.80,0.71,0.80,Matches,9c36ed83
1236,Jérémy Jacquet,fr FRA,DF,Rennes,fr Ligue 1,20,2005,19,19,1671,18.6,0,0,0,0,0,0,6,1,0.00,0.00,0.00,0.00,0.00,Matches,cef70c94
1237,Lee Jae-sung,kr KOR,MFFW,Mainz 05,de Bundesliga,32,1992,28,26,2185,24.3,4,2,6,4,0,0,4,0,0.16,0.08,0.25,0.16,0.25,Matches,34b0387f
1238,Kristijan Jakić,hr CRO,MFDF,Augsburg,de Bundesliga,28,1997,26,18,1653,18.4,2,1,3,2,0,0,5,0,0.11,0.05,0.16,0.11,0.16,Matches,a8ee54ad
1239,Karl Jakob Hein,ee EST,GK,Werder Bremen,de Bundesliga,23,2002,2,2,180,2.0,0,0,0,0,0,0,0,0,0.00,0.00,0.00,0.00,0.00,Matches,aa81d8f8
1240,Daniel James,wls WAL,FWMF,Leeds United,eng Premier League,27,1997,19,6,559,6.2,0,0,0,0,0,0,0,0,0.00,0.00,0.00,0.00,0.00,Matches,c931d9f9
1241,Reece James,eng ENG,DFMF,Chelsea,eng Premier League,25,1999,29,20,1963,21.8,2,4,6,2,0,0,4,0,0.09,0.18,0.28,0.09,0.28,Matches,1265a93a
1242,Vitaly Janelt,de GER,MF,Brentford,eng Premier League,27,1998,25,15,1443,16.0,1,4,5,1,0,0,8,0,0.06,0.25,0.31,0.06,0.31,Matches,8449d35e
1243,Mathis Jangeal,fr FRA,FW,PSG,fr Ligue 1,17,2008,1,0,11,0.1,0,0,0,0,0,0,0,0,0.00,0.00,0.00,0.00,0.00,Matches,34eda45e
1244,Isak Jansson,se SWE,FWMF,Nice,fr Ligue 1,23,2002,22,7,644,7.2,1,0,1,1,0,0,3,0,0.14,0.00,0.14,0.14,0.14,Matches,a7664548
1245,Adnan Januzaj,be BEL,MFFW,Sevilla,es La Liga,30,1995,12,2,321,3.6,0,0,0,0,0,0,1,0,0.00,0.00,0.00,0.00,0.00,Matches,4737cebe
1246,Luca Jaquez,ch SUI,DF,Stuttgart,de Bundesliga,22,2003,14,10,898,10.0,0,1,1,0,0,0,1,0,0.00,0.10,0.10,0.00,0.10,Matches,a400da8e
1247,Ardon Jashari,ch SUI,MF,Milan,it Serie A,23,2002,14,7,701,7.8,0,1,1,0,0,0,0,0,0.00,0.13,0.13,0.00,0.13,Matches,889588db
1248,Bakery Jatta,gm GAM,MF,Hamburger SV,de Bundesliga,27,1998,15,12,911,10.1,1,1,2,1,0,0,1,0,0.10,0.10,0.20,0.10,0.20,Matches,34c313d5
1249,Mikel Jauregizar,es ESP,MF,Athletic Club,es La Liga,21,2003,36,34,2831,31.5,2,0,2,2,0,0,6,1,0.06,0.00,0.06,0.06,0.06,Matches,2f5c78ca
1250,Gaby Jean,fr FRA,DF,Lecce,it Serie A,25,2000,7,1,197,2.2,0,0,0,0,0,0,1,0,0.00,0.00,0.00,0.00,0.00,Matches,5f130a19
1251,Finn Jeltsch,de GER,DF,Stuttgart,de Bundesliga,19,2006,23,17,1511,16.8,0,1,1,0,0,0,3,0,0.00,0.06,0.06,0.00,0.06,Matches,227c9f36
1252,Mathias Jensen,dk DEN,MF,Brentford,eng Premier League,29,1996,36,26,2247,25.0,3,1,4,3,0,0,3,0,0.12,0.04,0.16,0.12,0.16,Matches,0f134faf
1253,Oliver Jensen,dk DEN,MF,Parma,it Serie A,23,2002,34,19,1840,20.4,1,1,2,1,0,0,2,0,0.05,0.05,0.10,0.05,0.10,Matches,53e442e2
1254,Moritz Jenz,de GER,DF,Wolfsburg,de Bundesliga,26,1999,22,20,1787,19.9,1,0,1,1,0,0,8,1,0.05,0.00,0.05,0.05,0.05,Matches,ee644761
1255,Gabriel Jesus,br BRA,FW,Arsenal,eng Premier League,28,1997,14,3,429,4.8,3,0,3,3,0,0,3,0,0.63,0.00,0.63,0.63,0.63,Matches,b66315ae
1256,Igor Jesus,br BRA,FW,Nottingham,eng Premier League,24,2001,37,28,2298,25.5,6,4,10,5,1,1,2,0,0.23,0.16,0.39,0.20,0.35,Matches,dbe24cce
1257,Juan Jesus,br BRA,DF,Napoli,it Serie A,34,1991,24,19,1675,18.6,0,0,0,0,0,0,10,1,0.00,0.00,0.00,0.00,0.00,Matches,79083382
1258,Álex Jiménez,es ESP,DFMF,Bournemouth,eng Premier League,20,2005,31,26,2317,25.7,1,0,1,1,0,0,10,0,0.04,0.00,0.04,0.04,0.04,Matches,faa13947
1259,Álex Jiménez,es ESP,DF,Milan,it Serie A,20,2005,1,0,45,0.5,0,0,0,0,0,0,1,0,0.00,0.00,0.00,0.00,0.00,Matches,faa13947
1260,David Jiménez,es ESP,DF,Real Madrid,es La Liga,21,2004,2,1,76,0.8,0,0,0,0,0,0,0,0,0.00,0.00,0.00,0.00,0.00,Matches,aa2aab45
1261,Raúl Jiménez,mx MEX,FW,Fulham,eng Premier League,34,1991,36,27,2189,24.3,9,3,12,5,4,4,5,0,0.37,0.12,0.49,0.21,0.33,Matches,b561db50
1262,Jamaldeen Jimoh,eng ENG,MF,Aston Villa,eng Premier League,18,2006,1,0,9,0.1,0,0,0,0,0,0,0,0,0.00,0.00,0.00,0.00,0.00,Matches,1e711234
1263,João Pedro,br BRA,FWMF,Chelsea,eng Premier League,23,2001,35,31,2661,29.6,15,5,20,15,0,0,5,0,0.51,0.17,0.68,0.51,0.68,Matches,e8832875
1264,Joelinton,br BRA,MF,Newcastle,eng Premier League,28,1996,27,23,1951,21.7,2,1,3,2,0,0,10,0,0.09,0.05,0.14,0.09,0.14,Matches,c17bfb65
1265,Jofre,es ESP,MF,Espanyol,es La Liga,24,2001,26,9,930,10.3,1,0,1,1,0,0,1,0,0.10,0.00,0.10,0.10,0.10,Matches,030ef8d6
1266,Þórir Jóhann Helgason,is ISL,MF,Lecce,it Serie A,24,2000,8,1,147,1.6,0,0,0,0,0,0,0,0,0.00,0.00,0.00,0.00,0.00,Matches,dc765618
1267,Ísak Jóhannesson,is ISL,MF,Köln,de Bundesliga,22,2003,31,21,1809,20.1,1,2,3,1,0,0,6,0,0.05,0.10,0.15,0.05,0.15,Matches,c16c4e3b
1268,John,br BRA,GK,Nottingham,eng Premier League,29,1996,5,5,437,4.9,0,0,0,0,0,0,1,0,0.00,0.00,0.00,0.00,0.00,Matches,33a235af
1269,Dennis Johnsen,no NOR,MFFW,Cremonese,it Serie A,27,1998,11,5,390,4.3,1,1,2,1,0,0,0,0,0.23,0.23,0.46,0.23,0.46,Matches,66784dee
1270,Brennan Johnson,wls WAL,MFFW,Tottenham,eng Premier League,24,2001,16,6,610,6.8,2,0,2,2,0,0,2,0,0.30,0.00,0.30,0.30,0.30,Matches,0cd31129
1271,Brennan Johnson,wls WAL,MFFW,Crystal Palace,eng Premier League,24,2001,18,13,1112,12.4,0,1,1,0,0,0,4,0,0.00,0.08,0.08,0.00,0.08,Matches,0cd31129
1272,Karl-Johan Johnsson,se SWE,GK,Strasbourg,fr Ligue 1,35,1990,1,1,90,1.0,0,0,0,0,0,0,0,0,0.00,0.00,0.00,0.00,0.00,Matches,a56bd2ee
1273,Sam Johnstone,eng ENG,GK,Wolves,eng Premier League,32,1993,12,12,1080,12.0,0,0,0,0,0,0,0,0,0.00,0.00,0.00,0.00,0.00,Matches,9e5708be
1274,Curtis Jones,eng ENG,MFDF,Liverpool,eng Premier League,24,2001,34,18,1937,21.5,1,2,3,1,0,0,2,0,0.05,0.09,0.14,0.05,0.14,Matches,4fb9c88f
1275,Ricky-Jade Jones,eng ENG,FW,St Pauli,de Bundesliga,24,2001,9,3,351,3.9,2,0,2,2,0,0,1,0,0.51,0.00,0.51,0.51,0.51,Matches,0e777d45
1276,Frenkie de Jong,nl NED,MF,Barcelona,es La Liga,28,1997,25,16,1636,18.2,1,5,6,1,0,0,4,1,0.06,0.28,0.33,0.06,0.33,Matches,1bacc518
1277,Joan Jordán,es ESP,MF,Sevilla,es La Liga,31,1994,3,0,25,0.3,0,0,0,0,0,0,1,1,0.00,0.00,0.00,0.00,0.00,Matches,2a0c8ba4
1278,Josan,es ESP,MFDF,Elche,es La Liga,35,1989,19,4,565,6.3,0,3,3,0,0,0,2,0,0.00,0.48,0.48,0.00,0.48,Matches,5b28b2f6
1279,Mateo Joseph,es ESP,MFFW,Mallorca,es La Liga,21,2003,29,19,1699,18.9,2,3,5,2,0,0,2,0,0.11,0.16,0.26,0.11,0.26,Matches,6ad43f9a
1280,Lazar Jovanović,rs SRB,FW,Stuttgart,de Bundesliga,18,2006,3,0,40,0.4,0,0,0,0,0,0,0,0,0.00,0.00,0.00,0.00,0.00,Matches,a8ab89ba
1281,Juanmi,es ESP,FWMF,Getafe,es La Liga,32,1993,8,0,179,2.0,1,0,1,1,0,0,0,0,0.50,0.00,0.50,0.50,0.50,Matches,84399660
1282,Abdulai Juma Bah,sl SLE,DF,Nice,fr Ligue 1,19,2006,26,22,1958,21.8,0,0,0,0,0,0,7,0,0.00,0.00,0.00,0.00,0.00,Matches,7b505397
1283,Anthony Jung,de GER,DF,Freiburg,de Bundesliga,33,1991,12,4,526,5.8,0,0,0,0,0,0,2,0,0.00,0.00,0.00,0.00,0.00,Matches,de838f86
1284,Eli Junior Kroupi,fr FRA,MFFW,Bournemouth,eng Premier League,19,2006,33,21,1672,18.6,13,0,13,11,2,2,5,0,0.70,0.00,0.70,0.59,0.59,Matches,b2fe86e5
1285,Luiz Lúcio Reis Júnior,br BRA,GK,Villarreal,es La Liga,24,2001,28,28,2520,28.0,0,0,0,0,0,0,3,0,0.00,0.00,0.00,0.00,0.00,Matches,d0530e29
1286,Hamed Junior Traorè,ci CIV,MF,Bournemouth,eng Premier League,25,2000,1,0,17,0.2,0,1,1,0,0,0,0,0,0.00,5.29,5.29,0.00,5.29,Matches,570bb4b9
1287,Hamed Junior Traorè,ci CIV,MF,Marseille,fr Ligue 1,25,2000,13,7,619,6.9,2,1,3,2,0,0,1,0,0.29,0.15,0.44,0.29,0.44,Matches,570bb4b9
1288,Vinicius Júnior,br BRA,FWMF,Real Madrid,es La Liga,25,2000,36,32,2815,31.3,16,5,21,12,4,5,8,0,0.51,0.16,0.67,0.38,0.54,Matches,7111d552
1289,Josip Juranović,hr CRO,MF,Union Berlin,de Bundesliga,29,1995,11,3,330,3.7,1,1,2,1,0,0,1,0,0.27,0.27,0.55,0.27,0.55,Matches,0a084b35
1290,James Justin,eng ENG,DFMF,Leeds United,eng Premier League,27,1998,29,21,1901,21.1,2,1,3,2,0,0,4,0,0.09,0.05,0.14,0.09,0.14,Matches,fb614c44
1291,Ferran Jutglà,es ESP,FW,Celta Vigo,es La Liga,26,1999,30,21,1652,18.4,9,3,12,9,0,0,4,0,0.49,0.16,0.65,0.49,0.65,Matches,2a9f6b4d
1292,Filip Jørgensen,dk DEN,GK,Chelsea,eng Premier League,23,2002,5,3,379,4.2,0,0,0,0,0,0,0,0,0.00,0.00,0.00,0.00,0.00,Matches,0107757e
1293,Martijn Kaars,nl NED,FW,St Pauli,de Bundesliga,26,1999,29,14,1348,15.0,3,1,4,2,1,1,2,0,0.20,0.07,0.27,0.13,0.20,Matches,8aee2731
1294,Mohamed Kaba,gn GUI,MF,Nantes,fr Ligue 1,23,2001,12,11,918,10.2,0,2,2,0,0,0,2,0,0.00,0.20,0.20,0.00,0.20,Matches,517cfb19
1295,Mohamed Kaba,gn GUI,MF,Lecce,it Serie A,23,2001,15,5,633,7.0,0,0,0,0,0,0,1,0,0.00,0.00,0.00,0.00,0.00,Matches,517cfb19
1296,Ozan Kabak,tr TUR,DF,Hoffenheim,de Bundesliga,25,2000,25,18,1751,19.5,4,0,4,4,0,0,5,0,0.21,0.00,0.21,0.21,0.21,Matches,2d61d13a
1297,Almugera Kabar,de GER,DF,Dortmund,de Bundesliga,19,2006,1,0,16,0.2,0,0,0,0,0,0,0,0,0.00,0.00,0.00,0.00,0.00,Matches,02a10dc0
1298,Christian Kabasele,be BEL,DF,Udinese,it Serie A,34,1991,30,28,2247,25.0,3,0,3,3,0,0,5,1,0.12,0.00,0.12,0.12,0.12,Matches,914ab9a1
1299,Anton Kade,de GER,MFFW,Augsburg,de Bundesliga,21,2004,28,18,1743,19.4,6,0,6,6,0,0,3,0,0.31,0.00,0.31,0.31,0.31,Matches,6d7598d5
1300,Ferdi Kadioglu,tr TUR,DFMF,Brighton,eng Premier League,25,1999,37,34,3133,34.8,1,0,1,1,0,0,6,0,0.03,0.00,0.03,0.03,0.03,Matches,66c52a77
1301,Florian Kainz,at AUT,MF,Köln,de Bundesliga,32,1992,15,2,279,3.1,1,1,2,1,0,0,1,0,0.32,0.32,0.65,0.32,0.65,Matches,94c18565
1302,Saša Kalajdžić,at AUT,FWMF,Wolves,eng Premier League,28,1997,1,0,15,0.2,0,0,0,0,0,0,0,0,0.00,0.00,0.00,0.00,0.00,Matches,15f24fe7
1303,Arnaud Kalimuendo,fr FRA,FW,Nottingham,eng Premier League,23,2002,9,0,96,1.1,0,0,0,0,0,0,0,0,0.00,0.00,0.00,0.00,0.00,Matches,bf4c41f9
1304,Arnaud Kalimuendo,fr FRA,FWMF,Frankfurt,de Bundesliga,23,2002,19,17,1417,15.7,6,1,7,6,0,0,4,0,0.38,0.06,0.44,0.38,0.44,Matches,bf4c41f9
1305,Pierre Kalulu,fr FRA,DFMF,Juventus,it Serie A,25,2000,37,37,3281,36.5,2,4,6,2,0,0,4,1,0.05,0.11,0.16,0.05,0.16,Matches,85f7d1be
1306,Justin-Noël Kalumba,fr FRA,FW,Mallorca,es La Liga,20,2004,3,1,81,0.9,0,0,0,0,0,0,0,0,0.00,0.00,0.00,0.00,0.00,Matches,32e2163d
1307,Justin-Noël Kalumba,fr FRA,FWMF,Angers,fr Ligue 1,20,2004,4,3,224,2.5,0,0,0,0,0,0,0,0,0.00,0.00,0.00,0.00,0.00,Matches,32e2163d
1308,Daichi Kamada,jp JPN,MF,Crystal Palace,eng Premier League,28,1996,28,22,1902,21.1,0,0,0,0,0,0,3,0,0.00,0.00,0.00,0.00,0.00,Matches,15b287da
1309,Warren Kamanzi,no NOR,MF,Toulouse,fr Ligue 1,24,2000,24,7,870,9.7,1,1,2,1,0,0,1,0,0.10,0.10,0.21,0.10,0.21,Matches,a426a912
1310,Abu Kamara,eng ENG,MF,Getafe,es La Liga,22,2003,12,1,256,2.8,0,0,0,0,0,0,1,0,0.00,0.00,0.00,0.00,0.00,Matches,a6fbfa77
1311,Bingourou Kamara,sn SEN,GK,Lorient,fr Ligue 1,28,1996,3,3,270,3.0,0,0,0,0,0,0,0,0,0.00,0.00,0.00,0.00,0.00,Matches,3814120d
1312,Boubacar Kamara,fr FRA,MF,Aston Villa,eng Premier League,25,1999,18,17,1411,15.7,1,3,4,1,0,0,5,0,0.06,0.19,0.26,0.06,0.26,Matches,cc77354e
1313,Glen Kamara,fi FIN,MF,Rennes,fr Ligue 1,29,1995,4,0,61,0.7,0,0,0,0,0,0,0,0,0.00,0.00,0.00,0.00,0.00,Matches,4da9191b
1314,Hassane Kamara,ci CIV,MFDF,Udinese,it Serie A,31,1994,26,22,1861,20.7,0,2,2,0,0,0,5,0,0.00,0.10,0.10,0.00,0.10,Matches,19a12bed
1315,Noham Kamara,fr FRA,DF,Lyon,fr Ligue 1,18,2007,2,0,7,0.1,0,0,0,0,0,0,0,0,0.00,0.00,0.00,0.00,0.00,Matches,1a7cfdea
1316,Willy Kambwala,fr FRA,DF,Villarreal,es La Liga,20,2004,2,1,86,1.0,0,0,0,0,0,0,0,0,0.00,0.00,0.00,0.00,0.00,Matches,6a7353d7
1317,Jakub Kamiński,pl POL,MFFW,Köln,de Bundesliga,23,2002,34,34,3016,33.5,7,3,10,7,0,0,4,0,0.21,0.09,0.30,0.21,0.30,Matches,202b3b68
1318,Nouhoum Kamissoko,ml MLI,MF,Marseille,fr Ligue 1,20,2004,3,0,24,0.3,0,0,0,0,0,0,0,0,0.00,0.00,0.00,0.00,0.00,Matches,aafda472
1319,Kevin Kampl,si SVN,MF,RB Leipzig,de Bundesliga,34,1990,3,0,3,0.0,0,0,0,0,0,0,0,0,0.00,0.00,0.00,0.00,0.00,Matches,b825a650
1320,Harry Kane,eng ENG,FWMF,Bayern Munich,de Bundesliga,32,1993,31,25,2377,26.4,36,5,41,26,10,11,1,0,1.36,0.19,1.55,0.98,1.17,Matches,21a66f6a
1321,Lee Kang-in,kr KOR,MFFW,PSG,fr Ligue 1,24,2001,27,18,1519,16.9,3,4,7,3,0,0,3,0,0.18,0.24,0.41,0.18,0.41,Matches,8455ad90
1322,Steeve Kango,fr FRA,DF,Lyon,fr Ligue 1,18,2006,4,1,80,0.9,0,0,0,0,0,0,0,0,0.00,0.00,0.00,0.00,0.00,Matches,800c04e7
1323,Ibrahim Kanté,fr FRA,MF,Brest,fr Ligue 1,18,2007,1,0,9,0.1,0,0,0,0,0,0,0,0,0.00,0.00,0.00,0.00,0.00,Matches,dcb5e162
1324,Mohamadou Kanté,fr FRA,MF,West Ham,eng Premier League,19,2005,11,0,75,0.8,0,0,0,0,0,0,2,0,0.00,0.00,0.00,0.00,0.00,Matches,0041f3e6
1325,Adam Karabec,cz CZE,MFFW,Lyon,fr Ligue 1,22,2003,21,11,922,10.2,1,0,1,1,0,0,3,0,0.10,0.00,0.10,0.10,0.10,Matches,f80d03ca
1326,Atakan Karazor,tr TUR,MF,Stuttgart,de Bundesliga,28,1996,28,22,1884,20.9,0,1,1,0,0,0,5,1,0.00,0.05,0.05,0.00,0.05,Matches,5762be5c
1327,Dermane Karim,tg TOG,MF,Lorient,fr Ligue 1,21,2003,30,15,1365,15.2,1,2,3,1,0,0,3,0,0.07,0.13,0.20,0.07,0.20,Matches,51afbba4
1328,Lennart Karl,de GER,MF,Bayern Munich,de Bundesliga,17,2008,26,16,1281,14.2,5,5,10,5,0,0,1,0,0.35,0.35,0.70,0.35,0.70,Matches,a0deb1e9
1329,Jesper Karlström,se SWE,MF,Udinese,it Serie A,30,1995,36,36,3146,35.0,1,0,1,1,0,0,6,0,0.03,0.00,0.03,0.03,0.03,Matches,e0a1f4eb
1330,Jon Karrikaburu,es ESP,FW,Real Sociedad,es La Liga,22,2002,7,0,135,1.5,0,0,0,0,0,0,0,0,0.00,0.00,0.00,0.00,0.00,Matches,211589b8
1331,Grigoris Kastanos,cy CYP,MF,Hellas Verona,it Serie A,27,1998,6,0,44,0.5,0,0,0,0,0,0,0,0,0.00,0.00,0.00,0.00,0.00,Matches,2a82aa85
1332,Silas Katompa,cd COD,FW,Mainz 05,de Bundesliga,26,1998,8,4,334,3.7,1,0,1,1,0,0,1,0,0.27,0.00,0.27,0.27,0.27,Matches,de4cac2d
1333,Panos Katseris,gr GRE,MFDF,Lorient,fr Ligue 1,24,2001,16,8,747,8.3,1,2,3,1,0,0,3,0,0.12,0.24,0.36,0.12,0.36,Matches,c1597cf7
1334,Mikkel Kaufmann,dk DEN,FW,Heidenheim,de Bundesliga,24,2001,16,6,537,6.0,1,1,2,1,0,0,2,0,0.17,0.17,0.34,0.17,0.34,Matches,6e269dd3
1335,Sota Kawasaki,jp JPN,MFDF,Mainz 05,de Bundesliga,24,2001,10,3,309,3.4,0,0,0,0,0,0,1,0,0.00,0.00,0.00,0.00,0.00,Matches,447f8a29
1336,Michael Kayode,it ITA,DF,Brentford,eng Premier League,21,2004,37,37,3258,36.2,1,1,2,1,0,0,8,0,0.03,0.03,0.06,0.03,0.06,Matches,e19660a8
1337,Moise Kean,it ITA,FW,Fiorentina,it Serie A,25,2000,26,23,2036,22.6,8,1,9,6,2,2,4,0,0.35,0.04,0.40,0.27,0.31,Matches,3d50bcdb
1338,Michael Keane,eng ENG,DF,Everton,eng Premier League,32,1993,33,29,2591,28.8,3,1,4,3,0,0,1,1,0.10,0.03,0.14,0.10,0.14,Matches,c5b7c315
1339,Ilan Kebbal,dz ALG,MFFW,Paris FC,fr Ligue 1,27,1998,29,26,2222,24.7,9,4,13,6,3,4,7,0,0.36,0.16,0.53,0.24,0.41,Matches,37d04e90
1340,Yassine Kechta,ma MAR,MF,Le Havre,fr Ligue 1,23,2002,30,14,1332,14.8,2,1,3,2,0,0,3,0,0.14,0.07,0.20,0.14,0.20,Matches,abefc3af
1341,Thilo Kehrer,de GER,DF,Monaco,fr Ligue 1,28,1996,28,28,2353,26.1,0,0,0,0,0,0,8,2,0.00,0.00,0.00,0.00,0.00,Matches,51dbeea9
1342,Mandela Keita,be BEL,MF,Parma,it Serie A,23,2002,37,36,2979,33.1,1,1,2,1,0,0,1,0,0.03,0.03,0.06,0.03,0.06,Matches,f5692b25
1343,Yannik Keitel,de GER,MFDF,Augsburg,de Bundesliga,25,2000,6,2,248,2.8,0,0,0,0,0,0,2,0,0.00,0.00,0.00,0.00,0.00,Matches,d2c580ce
1344,Caoimhín Kelleher,ie IRL,GK,Brentford,eng Premier League,26,1998,37,37,3330,37.0,0,0,0,0,0,0,1,0,0.00,0.00,0.00,0.00,0.00,Matches,62d7ef38
1345,Thomas Keller,de GER,DF,Heidenheim,de Bundesliga,25,1999,4,3,188,2.1,0,0,0,0,0,0,1,0,0.00,0.00,0.00,0.00,0.00,Matches,285c7011
1346,Lloyd Kelly,eng ENG,DF,Juventus,it Serie A,26,1998,35,33,2996,33.3,1,1,2,1,0,0,4,0,0.03,0.03,0.06,0.03,0.06,Matches,f31def1e
1347,Aljoscha Kemlein,de GER,MF,Union Berlin,de Bundesliga,20,2004,30,23,1959,21.8,0,2,2,0,0,0,4,0,0.00,0.09,0.09,0.00,0.09,Matches,4658e309
1348,Marc-Oliver Kempf,de GER,DF,Como,it Serie A,30,1995,34,27,2326,25.8,4,1,5,4,0,0,3,0,0.15,0.04,0.19,0.15,0.19,Matches,815c314f
1349,Luca Kerber,de GER,MF,Heidenheim,de Bundesliga,23,2002,18,8,682,7.6,2,0,2,2,0,0,3,0,0.26,0.00,0.26,0.26,0.26,Matches,c107935c
1350,Milos Kerkez,hu HUN,DF,Liverpool,eng Premier League,21,2003,34,27,2257,25.1,2,1,3,2,0,0,4,0,0.08,0.04,0.12,0.08,0.12,Matches,0ad53bdc
1351,Kevin,br BRA,MF,Fulham,eng Premier League,22,2003,26,9,1041,11.6,1,1,2,1,0,0,1,0,0.09,0.09,0.17,0.09,0.17,Matches,93508980
1352,Reda Khadra,de GER,FW,Le Havre,fr Ligue 1,24,2001,8,1,229,2.5,0,0,0,0,0,0,0,0,0.00,0.00,0.00,0.00,0.00,Matches,88acf83f
1353,Bilal El Khannouss,ma MAR,MFFW,Stuttgart,de Bundesliga,21,2004,25,19,1630,18.1,4,5,9,4,0,0,6,0,0.22,0.28,0.50,0.22,0.50,Matches,f7042636
1354,Rani Khedira,tn TUN,MF,Union Berlin,de Bundesliga,31,1994,32,32,2830,31.4,5,1,6,5,0,0,7,0,0.16,0.03,0.19,0.16,0.19,Matches,59e4b92e
1355,Abdukodir Khusanov,uz UZB,DF,Manchester City,eng Premier League,21,2004,21,15,1432,15.9,0,0,0,0,0,0,2,0,0.00,0.00,0.00,0.00,0.00,Matches,d17ce930
1356,Cassiano Kiala,de GER,DF,Bayern Munich,de Bundesliga,16,2009,1,0,1,0.0,0,0,0,0,0,0,0,0,0.00,0.00,0.00,0.00,0.00,Matches,e37932bb
1357,Kialonda,ao ANG,DF,Lecce,it Serie A,27,1997,23,21,1830,20.3,0,0,0,0,0,0,6,1,0.00,0.00,0.00,0.00,0.00,Matches,34e4dc3b
1358,Kiké,es ESP,FW,Espanyol,es La Liga,35,1989,37,17,1734,19.3,8,1,9,7,1,2,3,0,0.42,0.05,0.47,0.36,0.42,Matches,e897d8ba
1359,Semih Kılıçsoy,tr TUR,FW,Cagliari,it Serie A,19,2005,22,11,975,10.8,4,0,4,4,0,0,1,0,0.37,0.00,0.37,0.37,0.37,Matches,3064f033
1360,Max Kilman,eng ENG,DF,West Ham,eng Premier League,28,1997,21,17,1561,17.3,0,0,0,0,0,0,4,0,0.00,0.00,0.00,0.00,0.00,Matches,d0f72bf1
1361,Joshua Kimmich,de GER,MF,Bayern Munich,de Bundesliga,30,1995,29,24,2280,25.3,2,8,10,2,0,0,4,0,0.08,0.32,0.39,0.08,0.39,Matches,49296448
1362,Joshua King,eng ENG,MF,Fulham,eng Premier League,18,2007,32,15,1308,14.5,1,2,3,1,0,0,4,0,0.07,0.14,0.21,0.07,0.21,Matches,86109b3b
1363,Antonín Kinský,cz CZE,GK,Tottenham,eng Premier League,22,2003,7,7,630,7.0,0,0,0,0,0,0,1,0,0.00,0.00,0.00,0.00,0.00,Matches,b38ac6a4
1364,Carl Klaus,de GER,GK,Union Berlin,de Bundesliga,31,1994,4,3,330,3.7,0,0,0,0,0,0,0,0,0.00,0.00,0.00,0.00,0.00,Matches,8efed461
1365,Tim Kleindienst,de GER,FW,Gladbach,de Bundesliga,29,1995,3,0,7,0.1,0,0,0,0,0,0,0,0,0.00,0.00,0.00,0.00,0.00,Matches,258a6f4d
1366,Lukas Klostermann,de GER,DF,RB Leipzig,de Bundesliga,29,1996,5,1,95,1.1,0,1,1,0,0,0,0,0,0.00,0.95,0.95,0.00,0.95,Matches,ca8033cb
1367,Justin Kluivert,nl NED,MF,Bournemouth,eng Premier League,26,1999,20,10,952,10.6,2,0,2,2,0,0,5,0,0.19,0.00,0.19,0.19,0.19,Matches,4c3a6744
1368,Ruben Kluivert,nl NED,DF,Lyon,fr Ligue 1,24,2001,16,9,772,8.6,1,2,3,1,0,0,4,0,0.12,0.23,0.35,0.12,0.35,Matches,a8dccedc
1369,Ansgar Knauff,de GER,MFFW,Frankfurt,de Bundesliga,23,2002,28,12,1326,14.7,4,1,5,4,0,0,3,0,0.27,0.07,0.34,0.27,0.34,Matches,19a967ab
1370,Joe Knight,eng ENG,MF,Brighton,eng Premier League,19,2005,1,0,1,0.0,0,0,0,0,0,0,0,0,0.00,0.00,0.00,0.00,0.00,Matches,16168a0f
1371,Gregor Kobel,ch SUI,GK,Dortmund,de Bundesliga,27,1997,34,34,3060,34.0,0,0,0,0,0,0,3,0,0.00,0.00,0.00,0.00,0.00,Matches,cd59b9df
1372,Robin Koch,de GER,DF,Frankfurt,de Bundesliga,29,1996,32,32,2833,31.5,3,1,4,3,0,0,3,1,0.10,0.03,0.13,0.10,0.13,Matches,ea6bc03a
1373,Christian Kofane,cm CMR,FW,Leverkusen,de Bundesliga,19,2006,29,12,1239,13.8,5,4,9,5,0,0,3,0,0.36,0.29,0.65,0.36,0.65,Matches,dc160de3
1374,Hervé Koffi,bf BFA,GK,Angers,fr Ligue 1,28,1996,30,30,2658,29.5,0,0,0,0,0,0,1,0,0.00,0.00,0.00,0.00,0.00,Matches,faf873a7
1375,Enzo Koffi Vinette,fr FRA,DF,Le Havre,fr Ligue 1,19,2006,14,4,385,4.3,0,0,0,0,0,0,2,0,0.00,0.00,0.00,0.00,0.00,Matches,f0edb2a7
1376,Derrick Köhn,gh GHA,MFDF,Union Berlin,de Bundesliga,26,1999,29,21,1899,21.1,1,2,3,0,1,1,5,1,0.05,0.09,0.14,0.00,0.09,Matches,b735b590
1377,Philipp Köhn,ch SUI,GK,Monaco,fr Ligue 1,27,1998,19,17,1621,18.0,0,0,0,0,0,0,1,0,0.00,0.00,0.00,0.00,0.00,Matches,ff74841d
1378,Dominik Kohr,de GER,DF,Mainz 05,de Bundesliga,31,1994,29,28,2338,26.0,2,0,2,2,0,0,11,2,0.08,0.00,0.08,0.08,0.08,Matches,0fbecd11
1379,Koke,es ESP,MF,Atlético Madrid,es La Liga,33,1992,34,24,2219,24.7,2,2,4,2,0,0,6,0,0.08,0.08,0.16,0.08,0.16,Matches,55126f3b
1380,Sead Kolašinac,ba BIH,DF,Atalanta,it Serie A,32,1993,19,15,1212,13.5,0,0,0,0,0,0,3,0,0.00,0.00,0.00,0.00,0.00,Matches,3935e52e
1381,Luca Koleosho,it ITA,MF,Paris FC,fr Ligue 1,20,2004,16,3,554,6.2,3,1,4,3,0,0,0,0,0.49,0.16,0.65,0.49,0.65,Matches,fc076f78
1382,Luca Koleosho,it ITA,MF,Espanyol,es La Liga,20,2004,3,0,63,0.7,0,0,0,0,0,0,0,0,0.00,0.00,0.00,0.00,0.00,Matches,fc076f78
1383,Adam Kölle,de GER,DF,Heidenheim,de Bundesliga,19,2006,6,0,93,1.0,1,0,1,1,0,0,1,0,0.97,0.00,0.97,0.97,0.97,Matches,86857234
1384,Randal Kolo Muani,fr FRA,FWMF,Tottenham,eng Premier League,26,1998,30,21,1664,18.5,1,1,2,1,0,0,3,0,0.05,0.05,0.11,0.05,0.11,Matches,c0b3669f
1385,Timothée Kolodziejczak,fr FRA,DF,Paris FC,fr Ligue 1,33,1991,11,7,662,7.4,0,0,0,0,0,0,2,0,0.00,0.00,0.00,0.00,0.00,Matches,ab096c6f
1386,Mert Kömür,de GER,MFFW,Augsburg,de Bundesliga,20,2005,28,17,1464,16.3,2,4,6,2,0,0,1,0,0.12,0.25,0.37,0.12,0.37,Matches,ec68a918
1387,Ibrahima Konaté,fr FRA,DF,Liverpool,eng Premier League,26,1999,36,36,3090,34.3,1,0,1,1,0,0,7,0,0.03,0.00,0.03,0.03,0.03,Matches,5ed9b537
1388,Samba Konaté,fr FRA,FW,RB Leipzig,de Bundesliga,16,2009,1,0,4,0.0,0,0,0,0,0,0,0,0,0.00,0.00,0.00,0.00,0.00,Matches,147e61a1
1389,Geoffrey Kondogbia,cf CTA,MFDF,Marseille,fr Ligue 1,32,1993,10,9,587,6.5,0,0,0,0,0,0,3,0,0.00,0.00,0.00,0.00,0.00,Matches,cce181df
1390,Ismaël Koné,ca CAN,MF,Sassuolo,it Serie A,23,2002,35,33,2737,30.4,6,0,6,6,0,0,5,1,0.20,0.00,0.20,0.20,0.20,Matches,e0220b70
1391,Manu Koné,fr FRA,MF,Roma,it Serie A,24,2001,29,28,2456,27.3,2,3,5,2,0,0,2,0,0.07,0.11,0.18,0.07,0.18,Matches,86574238
1392,Ransford Königsdörffer,gh GHA,FWMF,Hamburger SV,de Bundesliga,23,2001,33,29,2329,25.9,5,1,6,5,0,1,2,0,0.19,0.04,0.23,0.19,0.23,Matches,ab99782e
1393,Ezri Konsa,eng ENG,DF,Aston Villa,eng Premier League,27,1997,34,34,3035,33.7,0,0,0,0,0,0,0,1,0.00,0.00,0.00,0.00,0.00,Matches,0313a347
1394,Teun Koopmeiners,nl NED,MFDF,Juventus,it Serie A,27,1998,33,18,1827,20.3,0,0,0,0,0,0,5,0,0.00,0.00,0.00,0.00,0.00,Matches,a26fb8aa
1395,Ville Koski,fi FIN,DF,Alavés,es La Liga,23,2002,5,3,282,3.1,0,0,0,0,0,0,0,0,0.00,0.00,0.00,0.00,0.00,Matches,57c151e4
1396,Odilon Kossounou,ci CIV,DF,Atalanta,it Serie A,24,2001,19,10,988,11.0,1,0,1,1,0,0,1,0,0.09,0.00,0.09,0.09,0.09,Matches,1f3afdcb
1397,Filip Kostić,rs SRB,MF,Juventus,it Serie A,32,1992,18,4,479,5.3,3,1,4,3,0,0,1,0,0.56,0.19,0.75,0.56,0.75,Matches,b1cd37e6
1398,Charalampos Kostoulas,gr GRE,FW,Brighton,eng Premier League,18,2007,21,2,369,4.1,2,1,3,2,0,0,2,0,0.49,0.24,0.73,0.49,0.73,Matches,816010c4
1399,Eddy Kouadio,ci CIV,DF,Fiorentina,it Serie A,19,2006,3,0,72,0.8,0,0,0,0,0,0,0,0,0.00,0.00,0.00,0.00,0.00,Matches,7067db90
1400,Christian Kouamé,ci CIV,FWMF,Fiorentina,it Serie A,27,1997,2,0,27,0.3,0,0,0,0,0,0,0,0,0.00,0.00,0.00,0.00,0.00,Matches,58e933d2
1401,Koffi Kouao,ci CIV,DFMF,Metz,fr Ligue 1,27,1998,27,27,2265,25.2,2,1,3,2,0,0,10,0,0.08,0.04,0.12,0.08,0.12,Matches,32100829
1402,Arsène Kouassi,bf BFA,MF,Lorient,fr Ligue 1,20,2004,31,30,2605,28.9,2,6,8,2,0,0,4,0,0.07,0.21,0.28,0.07,0.28,Matches,b1a6326f
1403,Christ-Owen Kouassi,fr FRA,DF,Lecce,it Serie A,22,2003,4,3,228,2.5,0,0,0,0,0,0,0,0,0.00,0.00,0.00,0.00,0.00,Matches,7b494ff3
1404,Konstantinos Koulierakis,gr GRE,DF,Wolfsburg,de Bundesliga,21,2003,29,27,2482,27.6,4,1,5,4,0,0,5,0,0.15,0.04,0.18,0.15,0.18,Matches,cba21b0d
1405,Seny Koumbassa,fr FRA,DF,Toulouse,fr Ligue 1,18,2007,9,4,444,4.9,1,0,1,1,0,0,0,0,0.20,0.00,0.20,0.20,0.20,Matches,2df60792
1406,Jules Koundé,fr FRA,DF,Barcelona,es La Liga,26,1998,30,24,2261,25.1,1,3,4,1,0,0,6,0,0.04,0.12,0.16,0.04,0.16,Matches,4d1666ff
1407,Lancinet Kourouma,gn GUI,FW,Girona,es La Liga,21,2004,5,0,43,0.5,0,0,0,0,0,0,0,1,0.00,0.00,0.00,0.00,0.00,Matches,a8b266ff
1408,Hamza Koutoune,ma MAR,DF,Nice,fr Ligue 1,18,2006,1,0,1,0.0,0,0,0,0,0,0,0,0,0.00,0.00,0.00,0.00,0.00,Matches,39b0a16f
1409,Mateo Kovačić,hr CRO,MF,Manchester City,eng Premier League,31,1994,6,1,130,1.4,0,1,1,0,0,0,0,0,0.00,0.69,0.69,0.00,0.69,Matches,79c0821a
1410,Goduine Koyalipou,cf CTA,FW,Angers,fr Ligue 1,25,2000,13,7,668,7.4,2,1,3,1,1,1,0,0,0.27,0.13,0.40,0.13,0.27,Matches,2659a508
1411,Goduine Koyalipou,cf CTA,FW,Levante,es La Liga,25,2000,11,2,247,2.7,1,0,1,1,0,0,1,0,0.36,0.00,0.36,0.36,0.36,Matches,2659a508
1412,Emil Krafth,se SWE,DF,Newcastle,eng Premier League,30,1994,1,1,45,0.5,0,0,0,0,0,0,0,0,0.00,0.00,0.00,0.00,0.00,Matches,77cf6852
1413,Alex Král,cz CZE,MF,Union Berlin,de Bundesliga,27,1998,20,2,459,5.1,0,0,0,0,0,0,1,0,0.00,0.00,0.00,0.00,0.00,Matches,e717705a
1414,Andrej Kramarić,hr CRO,MFFW,Hoffenheim,de Bundesliga,34,1991,34,26,2207,24.5,14,6,20,9,5,5,2,0,0.57,0.24,0.82,0.37,0.61,Matches,603cb947
1415,Vladyslav Krapyvtsov,ua UKR,GK,Girona,es La Liga,20,2005,2,1,136,1.5,0,0,0,0,0,0,0,0,0.00,0.00,0.00,0.00,0.00,Matches,66daeaf7
1416,Jean-Philippe Krasso,ci CIV,FW,Paris FC,fr Ligue 1,28,1997,25,12,1092,12.1,2,2,4,1,1,1,0,0,0.16,0.16,0.33,0.08,0.25,Matches,037f2523
1417,Tom Krauß,de GER,MFDF,Köln,de Bundesliga,24,2001,26,19,1780,19.8,0,2,2,0,0,0,4,0,0.00,0.10,0.10,0.00,0.10,Matches,9f77012e
1418,Ladislav Krejčí,cz CZE,DFMF,Wolves,eng Premier League,26,1999,28,27,2356,26.2,2,1,3,2,0,0,5,1,0.08,0.04,0.11,0.08,0.11,Matches,5b5c2228
1419,Ladislav Krejčí,cz CZE,DF,Girona,es La Liga,26,1999,2,2,180,2.0,0,0,0,0,0,0,1,0,0.00,0.00,0.00,0.00,0.00,Matches,5b5c2228
1420,Rasmus Kristensen,dk DEN,DFMF,Frankfurt,de Bundesliga,28,1997,22,19,1538,17.1,2,0,2,2,0,0,6,1,0.12,0.00,0.12,0.12,0.12,Matches,39769cff
1421,Thomas Kristensen,dk DEN,DF,Udinese,it Serie A,23,2002,28,28,2472,27.5,3,0,3,3,0,0,4,0,0.11,0.00,0.11,0.11,0.11,Matches,fadf9a05
1422,Nikola Krstović,me MNE,FW,Atalanta,it Serie A,25,2000,33,18,1791,19.9,10,5,15,10,0,0,4,0,0.50,0.25,0.75,0.50,0.75,Matches,473803c9
1423,Lukas Kübler,de GER,DF,Freiburg,de Bundesliga,32,1992,23,19,1587,17.6,2,2,4,2,0,0,3,0,0.11,0.11,0.23,0.11,0.23,Matches,2a29eb9b
1424,Takefusa Kubo,jp JPN,MF,Real Sociedad,es La Liga,24,2001,24,17,1503,16.7,2,4,6,2,0,0,2,0,0.12,0.24,0.36,0.12,0.36,Matches,16aa3654
1425,Mohammed Kudus,gh GHA,MFFW,Tottenham,eng Premier League,24,2000,19,19,1535,17.1,2,5,7,2,0,0,3,0,0.12,0.29,0.41,0.12,0.41,Matches,b62878a5
1426,Nicolas-Gerrit Kühn,de GER,MF,Como,it Serie A,25,2000,23,6,665,7.4,1,1,2,1,0,0,0,0,0.14,0.14,0.27,0.14,0.27,Matches,1e70c324
1427,Sandro Kulenović,hr CRO,FW,Torino,it Serie A,25,1999,13,3,300,3.3,0,1,1,0,0,0,2,0,0.00,0.30,0.30,0.00,0.30,Matches,981e1bee
1428,Sael Kumbedi,fr FRA,DFMF,Wolfsburg,de Bundesliga,20,2005,24,20,1804,20.0,0,5,5,0,0,0,2,0,0.00,0.25,0.25,0.00,0.25,Matches,c385bf49
1429,Sael Kumbedi,fr FRA,DF,Lyon,fr Ligue 1,20,2005,1,1,65,0.7,0,0,0,0,0,0,1,0,0.00,0.00,0.00,0.00,0.00,Matches,c385bf49
1430,Marash Kumbulla,al ALB,DF,Mallorca,es La Liga,25,2000,8,5,439,4.9,0,0,0,0,0,0,1,0,0.00,0.00,0.00,0.00,0.00,Matches,a40819d9
1431,Jonah Kusi-Asare,se SWE,FW,Bayern Munich,de Bundesliga,18,2007,1,0,5,0.1,0,0,0,0,0,0,0,0,0.00,0.00,0.00,0.00,0.00,Matches,c7c26e61
1432,Jonah Kusi-Asare,se SWE,FW,Fulham,eng Premier League,18,2007,7,0,55,0.6,0,0,0,0,0,0,1,0,0.00,0.00,0.00,0.00,0.00,Matches,c7c26e61
1433,Khvicha Kvaratskhelia,ge GEO,FW,PSG,fr Ligue 1,24,2001,28,18,1479,16.4,8,4,12,7,1,1,1,0,0.49,0.24,0.73,0.43,0.67,Matches,dea88efd
1434,Giorgi Kvilitaia,ge GEO,FW,Metz,fr Ligue 1,31,1993,10,5,495,5.5,2,0,2,2,0,0,1,0,0.36,0.00,0.36,0.36,0.36,Matches,c758cdaf
1435,Godson Kyeremeh,fr FRA,FW,Le Havre,fr Ligue 1,25,2000,13,3,381,4.2,1,1,2,1,0,0,0,0,0.24,0.24,0.47,0.24,0.47,Matches,d7b19b21
1436,Adrián de la Fuente,es ESP,DF,Levante,es La Liga,26,1999,33,30,2711,30.1,3,1,4,2,1,3,5,0,0.10,0.03,0.13,0.07,0.10,Matches,5932c94a
1437,Rémy Labeau Lascary,gp GLP,MFFW,Brest,fr Ligue 1,22,2003,27,12,1200,13.3,5,1,6,5,0,0,2,0,0.37,0.07,0.45,0.37,0.45,Matches,c90f380c
1438,Shea Lacey,eng ENG,FW,Manchester Utd,eng Premier League,18,2007,3,0,43,0.5,0,0,0,0,0,0,0,0,0.00,0.00,0.00,0.00,0.00,Matches,3160e952
1439,Maxence Lacroix,fr FRA,DF,Crystal Palace,eng Premier League,25,2000,35,35,3085,34.3,1,2,3,1,0,0,4,1,0.03,0.06,0.09,0.03,0.09,Matches,277c49ed
1440,Gael Lafont,fr FRA,FW,Genoa,it Serie A,19,2006,1,0,8,0.1,0,0,0,0,0,0,0,0,0.00,0.00,0.00,0.00,0.00,Matches,4f5a4218
1441,Emmanuel Lago,ci CIV,FW,Marseille,fr Ligue 1,20,2004,2,0,49,0.5,0,0,0,0,0,0,1,0,0.00,0.00,0.00,0.00,0.00,Matches,f14f630f
1442,Yoel Lago,es ESP,DF,Celta Vigo,es La Liga,21,2004,12,11,938,10.4,0,0,0,0,0,0,4,0,0.00,0.00,0.00,0.00,0.00,Matches,edd4e7a5
1443,Mayckel Lahdo,se SWE,FWMF,Nantes,fr Ligue 1,22,2002,8,5,415,4.6,1,1,2,1,0,0,0,0,0.22,0.22,0.43,0.22,0.43,Matches,6b390f32
1444,Konrad Laimer,at AUT,DF,Bayern Munich,de Bundesliga,28,1997,29,22,1994,22.2,3,9,12,3,0,0,9,0,0.14,0.41,0.54,0.14,0.54,Matches,c1b7847c
1445,Kenny Lala,mg MAD,DF,Brest,fr Ligue 1,33,1991,32,31,2791,31.0,0,3,3,0,0,0,4,0,0.00,0.10,0.10,0.00,0.10,Matches,770d7eb8
1446,Ugo Lamare,fr FRA,FW,Marseille,fr Ligue 1,18,2007,3,0,17,0.2,0,0,0,0,0,0,0,0,0.00,0.00,0.00,0.00,0.00,Matches,a9388a3c
1447,Senne Lammens,be BEL,GK,Manchester Utd,eng Premier League,23,2002,32,32,2880,32.0,0,0,0,0,0,0,0,0,0.00,0.00,0.00,0.00,0.00,Matches,8e6d2fcd
1448,Tariq Lamptey,gh GHA,MF,Fiorentina,it Serie A,24,2000,2,1,25,0.3,0,0,0,0,0,0,0,0,0.00,0.00,0.00,0.00,0.00,Matches,f4e433d4
1449,Noa Lang,nl NED,FWMF,Napoli,it Serie A,26,1999,18,7,666,7.4,1,2,3,1,0,0,2,0,0.14,0.27,0.41,0.14,0.41,Matches,8e034340
1450,Aymeric Laporte,es ESP,DF,Athletic Club,es La Liga,31,1994,25,24,2058,22.9,0,1,1,0,0,0,4,0,0.00,0.04,0.04,0.00,0.04,Matches,119b9a8e
1451,Hugo Larsson,se SWE,MF,Frankfurt,de Bundesliga,21,2004,25,21,1812,20.1,2,2,4,2,0,0,0,0,0.10,0.10,0.20,0.10,0.20,Matches,00c9a283
1452,Jamaal Lascelles,eng ENG,DF,Newcastle,eng Premier League,31,1993,2,0,21,0.2,0,0,0,0,0,0,0,0,0.00,0.00,0.00,0.00,0.00,Matches,450ab6fc
1453,Toni Lato,es ESP,DFMF,Mallorca,es La Liga,27,1997,12,7,583,6.5,0,1,1,0,0,0,3,0,0.00,0.15,0.15,0.00,0.15,Matches,8e088e04
1454,Josh Laurent,eng ENG,DFMF,Burnley,eng Premier League,30,1995,33,18,1764,19.6,1,0,1,1,0,0,7,1,0.05,0.00,0.05,0.05,0.05,Matches,f0068e0f
1455,Armand Lauriente,fr FRA,FW,Sassuolo,it Serie A,26,1998,38,33,2592,28.8,7,9,16,7,0,0,4,0,0.24,0.31,0.56,0.24,0.56,Matches,2d22cea7
1456,Matteo Lavelli,it ITA,FW,Inter,it Serie A,18,2006,1,0,8,0.1,0,0,0,0,0,0,0,0,0.00,0.00,0.00,0.00,0.00,Matches,07107203
1457,Roméo Lavia,be BEL,MF,Chelsea,eng Premier League,21,2004,12,4,382,4.2,0,0,0,0,0,0,0,0,0.00,0.00,0.00,0.00,0.00,Matches,ecad9aa5
1458,Valentino Lazaro,at AUT,MF,Torino,it Serie A,29,1996,31,26,2252,25.0,0,2,2,0,0,0,4,0,0.00,0.08,0.08,0.00,0.08,Matches,016ff750
1459,Manuel Lazzari,it ITA,DF,Lazio,it Serie A,31,1993,23,9,938,10.4,0,0,0,0,0,0,2,0,0.00,0.00,0.00,0.00,0.00,Matches,02caf6e0
1460,Andréa Le Borgne,fr FRA,MF,Como,it Serie A,19,2006,1,0,1,0.0,0,0,0,0,0,0,0,0,0.00,0.00,0.00,0.00,0.00,Matches,04949089
1461,Théo Le Bris,fr FRA,MF,Lorient,fr Ligue 1,22,2002,28,22,1893,21.0,2,2,4,2,0,0,0,0,0.10,0.10,0.19,0.10,0.19,Matches,afe39ca8
1462,Julien Le Cardinal,fr FRA,DF,Brest,fr Ligue 1,27,1997,5,3,328,3.6,1,0,1,1,0,0,1,0,0.27,0.00,0.27,0.27,0.27,Matches,547a72ad
1463,Enzo Le Fée,fr FRA,MFFW,Sunderland,eng Premier League,25,2000,36,33,2930,32.6,5,6,11,2,3,4,5,0,0.15,0.18,0.34,0.06,0.25,Matches,6f806d99
1464,Raphael Le Guen,fr FRA,DF,Brest,fr Ligue 1,18,2006,6,4,375,4.2,0,0,0,0,0,0,0,0,0.00,0.00,0.00,0.00,0.00,Matches,d97144ea
1465,Robin Le Normand,es ESP,DF,Atlético Madrid,es La Liga,28,1996,28,17,1789,19.9,1,1,2,1,0,0,5,0,0.05,0.05,0.10,0.05,0.10,Matches,9a64e67e
1466,Nicola Leali,it ITA,GK,Genoa,it Serie A,32,1993,22,21,1847,20.5,0,0,0,0,0,0,2,1,0.00,0.00,0.00,0.00,0.00,Matches,5f9970a0
1467,Rafael Leão,pt POR,FW,Milan,it Serie A,26,1999,29,23,1851,20.6,9,3,12,7,2,2,5,0,0.44,0.15,0.58,0.34,0.49,Matches,20730eae
1468,Pierre Lees-Melou,fr FRA,MF,Paris FC,fr Ligue 1,32,1993,22,20,1782,19.8,1,3,4,1,0,0,7,1,0.05,0.15,0.20,0.05,0.20,Matches,f5044e54
1469,Pierre Lees-Melou,fr FRA,MF,Brest,fr Ligue 1,32,1993,2,2,180,2.0,0,0,0,0,0,0,0,0,0.00,0.00,0.00,0.00,0.00,Matches,f5044e54
1470,Jordan Lefort,mr MTN,DF,Angers,fr Ligue 1,31,1993,34,34,3060,34.0,0,2,2,0,0,0,2,0,0.00,0.06,0.06,0.00,0.06,Matches,c3e4ecbb
1471,Alexander Legendre,ec ECU,MF,Rennes,fr Ligue 1,17,2008,6,0,45,0.5,0,0,0,0,0,0,0,0,0.00,0.00,0.00,0.00,0.00,Matches,d336b1c4
1472,Diogo Leite,pt POR,DF,Union Berlin,de Bundesliga,26,1999,23,23,1963,21.8,0,0,0,0,0,0,4,0,0.00,0.00,0.00,0.00,0.00,Matches,c4987edc
1473,Maxim Leitsch,de GER,DF,Mainz 05,de Bundesliga,27,1998,3,2,162,1.8,0,0,0,0,0,0,0,0,0.00,0.00,0.00,0.00,0.00,Matches,7e12a98d
1474,Álvaro Leiva,es ESP,FW,Real Madrid,es La Liga,22,2002,1,0,4,0.0,0,0,0,0,0,0,0,0,0.00,0.00,0.00,0.00,0.00,Matches,7922d256
1475,Florian Lejeune,fr FRA,DF,Rayo Vallecano,es La Liga,34,1991,36,36,3230,35.9,2,1,3,2,0,0,7,0,0.06,0.03,0.08,0.06,0.08,Matches,6eaed4eb
1476,Youssef Lekhedim,es ESP,DFMF,Alavés,es La Liga,19,2005,25,13,1335,14.8,0,1,1,0,0,0,7,0,0.00,0.07,0.07,0.00,0.07,Matches,8f6272c2
1477,Iñigo Lekue,es ESP,DF,Athletic Club,es La Liga,32,1993,11,8,600,6.7,0,0,0,0,0,0,2,2,0.00,0.00,0.00,0.00,0.00,Matches,59b7d823
1478,Thomas Lemar,fr FRA,MF,Girona,es La Liga,29,1995,27,14,1258,14.0,3,1,4,3,0,0,4,0,0.21,0.07,0.29,0.21,0.29,Matches,4dbd0916
1479,Félix Lemaréchal,fr FRA,MFFW,Strasbourg,fr Ligue 1,21,2003,11,7,555,6.2,0,2,2,0,0,0,1,0,0.00,0.32,0.32,0.00,0.32,Matches,8ca9415f
1480,Louis Lemke,de GER,DF,Hamburger SV,de Bundesliga,15,2009,1,0,1,0.0,0,0,0,0,0,0,0,0,0.00,0.00,0.00,0.00,0.00,Matches,b67cbfb1
1481,Tim Lemperle,de GER,FW,Hoffenheim,de Bundesliga,23,2002,29,24,1944,21.6,8,2,10,7,1,1,3,1,0.37,0.09,0.46,0.32,0.42,Matches,792ffa71
1482,Ruben Lendinez,es ESP,DF,Valencia,es La Liga,22,2003,1,0,4,0.0,0,0,0,0,0,0,0,0,0.00,0.00,0.00,0.00,0.00,Matches,755da865
1483,Clément Lenglet,fr FRA,DF,Atlético Madrid,es La Liga,30,1995,19,17,1391,15.5,0,1,1,0,0,0,6,1,0.00,0.06,0.06,0.00,0.06,Matches,4f28a6ff
1484,Bernd Leno,de GER,GK,Fulham,eng Premier League,33,1992,38,38,3420,38.0,0,0,0,0,0,0,3,0,0.00,0.00,0.00,0.00,0.00,Matches,2628fd2b
1485,Donovan Léon,gf GUF,GK,Auxerre,fr Ligue 1,32,1992,29,29,2460,27.3,0,0,0,0,0,0,1,2,0.00,0.00,0.00,0.00,0.00,Matches,51c83a90
1486,Esteban Lepaul,fr FRA,FW,Angers,fr Ligue 1,25,2000,2,2,174,1.9,1,0,1,1,0,0,0,0,0.52,0.00,0.52,0.52,0.52,Matches,85ce1949
1487,Esteban Lepaul,fr FRA,FW,Rennes,fr Ligue 1,25,2000,32,31,2511,27.9,20,5,25,17,3,4,3,0,0.72,0.18,0.90,0.61,0.79,Matches,85ce1949
1488,Johann Lepenant,fr FRA,MF,Nantes,fr Ligue 1,22,2002,27,23,2173,24.1,0,1,1,0,0,0,4,0,0.00,0.04,0.04,0.00,0.04,Matches,1e52971c
1489,Mehdi Léris,dz ALG,MF,Pisa,it Serie A,27,1998,34,21,1900,21.1,2,3,5,2,0,0,2,0,0.09,0.14,0.24,0.09,0.24,Matches,7d3cbc67
1490,Jefferson Lerma,co COL,MFDF,Crystal Palace,eng Premier League,30,1994,31,18,1733,19.3,0,2,2,0,0,0,7,0,0.00,0.10,0.10,0.00,0.10,Matches,9b5ce51a
1491,Louis Leroux,fr FRA,MFDF,Nantes,fr Ligue 1,19,2006,23,16,1441,16.0,1,1,2,1,0,0,2,0,0.06,0.06,0.12,0.06,0.12,Matches,88972aa9
1492,Robert Lewandowski,pl POL,FW,Barcelona,es La Liga,36,1988,31,17,1664,18.5,14,2,16,13,1,3,2,0,0.76,0.11,0.87,0.70,0.81,Matches,8d78e732
1493,Jamie Leweling,de GER,MF,Stuttgart,de Bundesliga,24,2001,32,26,2367,26.3,7,9,16,7,0,0,4,0,0.27,0.34,0.61,0.27,0.61,Matches,13fe7b69
1494,Rico Lewis,eng ENG,DF,Manchester City,eng Premier League,20,2004,11,4,407,4.5,0,1,1,0,0,0,2,0,0.00,0.22,0.22,0.00,0.22,Matches,b57e066e
1495,Keane Lewis-Potter,eng ENG,DFMF,Brentford,eng Premier League,24,2001,36,22,1972,21.9,3,3,6,3,0,0,1,0,0.14,0.14,0.27,0.14,0.27,Matches,41f08ac8
1496,Myles Lewis-Skelly,eng ENG,MFDF,Arsenal,eng Premier League,18,2006,20,5,709,7.9,0,0,0,0,0,0,3,0,0.00,0.00,0.00,0.00,0.00,Matches,5dff6c28
1497,Luca Lezzerini,it ITA,GK,Fiorentina,it Serie A,30,1995,1,0,4,0.0,0,0,0,0,0,0,0,0,0.00,0.00,0.00,0.00,0.00,Matches,c9c32262
1498,Philipp Lienhart,at AUT,DF,Freiburg,de Bundesliga,29,1996,20,14,1302,14.5,1,0,1,1,0,0,4,1,0.07,0.00,0.07,0.07,0.07,Matches,302527b2
1499,Matthijs de Ligt,nl NED,DF,Manchester Utd,eng Premier League,25,1999,13,13,1170,13.0,1,0,1,1,0,0,0,0,0.08,0.00,0.08,0.08,0.08,Matches,d6e53a3a
1500,Pedro Lima,br BRA,MF,Wolves,eng Premier League,19,2006,9,3,260,2.9,0,0,0,0,0,0,0,0,0.00,0.00,0.00,0.00,0.00,Matches,b2f4cad5
1501,Victor Lindelöf,se SWE,DFMF,Aston Villa,eng Premier League,31,1994,17,11,948,10.5,0,1,1,0,0,0,0,0,0.00,0.09,0.09,0.00,0.09,Matches,f5deef4c
1502,Jesper Lindstrøm,dk DEN,MF,Wolfsburg,de Bundesliga,25,2000,13,4,379,4.2,0,0,0,0,0,0,2,0,0.00,0.00,0.00,0.00,0.00,Matches,37dc1a48
1503,Luca Lipani,it ITA,MF,Sassuolo,it Serie A,20,2005,24,10,1034,11.5,0,1,1,0,0,0,3,0,0.00,0.09,0.09,0.00,0.09,Matches,1dc5a029
1504,Pol Lirola,es ESP,MF,Hellas Verona,it Serie A,27,1997,6,3,305,3.4,0,0,0,0,0,0,1,0,0.00,0.00,0.00,0.00,0.00,Matches,ff800ed8
1505,Pol Lirola,es ESP,DFMF,Marseille,fr Ligue 1,27,1997,3,0,34,0.4,0,0,0,0,0,0,0,0,0.00,0.00,0.00,0.00,0.00,Matches,ff800ed8
1506,Adrián Liso,es ESP,FWMF,Getafe,es La Liga,20,2005,28,21,1702,18.9,3,0,3,3,0,0,5,1,0.16,0.00,0.16,0.16,0.16,Matches,26615dea
1507,Joseph Liteta,zm ZAM,MF,Cagliari,it Serie A,19,2006,4,4,264,2.9,0,0,0,0,0,0,0,0,0.00,0.00,0.00,0.00,0.00,Matches,319eb631
1508,Tino Livramento,eng ENG,DF,Newcastle,eng Premier League,22,2002,17,14,1328,14.8,0,1,1,0,0,0,1,0,0.00,0.07,0.07,0.00,0.07,Matches,afed6722
1509,Marin Ljubicic,hr CRO,FW,Union Berlin,de Bundesliga,23,2002,2,0,22,0.2,2,0,2,2,0,0,0,0,8.18,0.00,8.18,8.18,8.18,Matches,774b7f08
1510,Javier Llabrés,es ESP,MF,Mallorca,es La Liga,22,2002,16,1,187,2.1,0,0,0,0,0,0,0,0,0.00,0.00,0.00,0.00,0.00,Matches,38b0cf42
1511,Diego Llorente,es ESP,DF,Real Betis,es La Liga,31,1993,18,14,1229,13.7,1,0,1,1,0,0,5,0,0.07,0.00,0.07,0.07,0.07,Matches,bba30585
1512,Marcos Llorente,es ESP,DFMF,Atlético Madrid,es La Liga,30,1995,29,25,2181,24.2,0,4,4,0,0,0,7,1,0.00,0.17,0.17,0.00,0.17,Matches,02c15616
1513,Gautier Lloris,fr FRA,DF,Le Havre,fr Ligue 1,30,1995,29,28,2398,26.6,1,1,2,1,0,0,2,1,0.04,0.04,0.08,0.04,0.08,Matches,ac89503b
1514,Giovani Lo Celso,ar ARG,MF,Real Betis,es La Liga,29,1996,24,15,1393,15.5,2,3,5,2,0,0,4,0,0.13,0.19,0.32,0.13,0.32,Matches,d7553721
1515,Danny Loader,cm CMR,MFFW,Auxerre,fr Ligue 1,24,2000,30,29,2517,28.0,3,3,6,3,0,0,9,0,0.11,0.11,0.21,0.11,0.21,Matches,e9fda01d
1516,Stanislav Lobotka,sk SVK,MF,Napoli,it Serie A,30,1994,32,29,2431,27.0,1,1,2,1,0,0,3,0,0.04,0.04,0.07,0.04,0.07,Matches,e1cbb531
1517,Manuel Locatelli,it ITA,MF,Juventus,it Serie A,27,1998,36,36,2994,33.3,1,2,3,1,0,1,9,0,0.03,0.06,0.09,0.03,0.09,Matches,a8a874f1
1518,Bradley Locko,fr FRA,DF,Brest,fr Ligue 1,23,2002,21,14,1286,14.3,0,2,2,0,0,0,0,0,0.00,0.14,0.14,0.00,0.14,Matches,40221fa7
1519,Ruben Loftus-Cheek,eng ENG,MFFW,Milan,it Serie A,29,1996,28,12,1133,12.6,3,1,4,3,0,0,2,0,0.24,0.08,0.32,0.24,0.32,Matches,e97fd090
1520,Sean Longstaff,eng ENG,MF,Leeds United,eng Premier League,27,1997,23,10,1011,11.2,2,2,4,2,0,0,2,0,0.18,0.18,0.36,0.18,0.36,Matches,a2b105e0
1521,Ademola Lookman,ng NGA,FWMF,Atalanta,it Serie A,27,1997,12,9,795,8.8,2,0,2,2,0,0,0,0,0.23,0.00,0.23,0.23,0.23,Matches,7c104bb7
1522,Ademola Lookman,ng NGA,FWMF,Atlético Madrid,es La Liga,27,1997,12,9,617,6.9,4,0,4,3,1,1,1,0,0.58,0.00,0.58,0.44,0.44,Matches,7c104bb7
1523,Anthony Lopes,pt POR,GK,Nantes,fr Ligue 1,34,1990,31,31,2788,31.0,0,0,0,0,0,0,4,0,0.00,0.00,0.00,0.00,0.00,Matches,f00de885
1524,David López,es ESP,DF,Girona,es La Liga,35,1989,6,3,293,3.3,0,0,0,0,0,0,0,0,0.00,0.00,0.00,0.00,0.00,Matches,f03f284b
1525,David López,es ESP,DF,Mallorca,es La Liga,22,2003,14,9,837,9.3,0,0,0,0,0,0,2,0,0.00,0.00,0.00,0.00,0.00,Matches,0924357d
1526,Diego López,es ESP,MFFW,Valencia,es La Liga,23,2002,34,20,1762,19.6,4,1,5,4,0,0,2,0,0.20,0.05,0.26,0.20,0.26,Matches,c487901c
1527,Fer López,es ESP,MF,Wolves,eng Premier League,21,2004,9,2,235,2.6,0,1,1,0,0,0,1,0,0.00,0.38,0.38,0.00,0.38,Matches,675cacff
1528,Fer López,es ESP,MFFW,Celta Vigo,es La Liga,21,2004,17,13,1170,13.0,1,1,2,1,0,0,3,0,0.08,0.08,0.15,0.08,0.15,Matches,675cacff
1529,Fermin López,es ESP,MF,Barcelona,es La Liga,22,2003,30,19,1797,20.0,6,9,15,6,0,0,3,0,0.30,0.45,0.75,0.30,0.75,Matches,c1fe5f0b
1530,Hugo López,es ESP,MF,Villarreal,es La Liga,18,2007,2,1,56,0.6,0,0,0,0,0,0,0,0,0.00,0.00,0.00,0.00,0.00,Matches,96ba6d3b
1531,Javi López,es ESP,DF,Oviedo,es La Liga,23,2002,25,20,1711,19.0,0,1,1,0,0,0,3,1,0.00,0.05,0.05,0.00,0.05,Matches,e9ada8cf
1532,Julien López,dz ALG,FWMF,Paris FC,fr Ligue 1,33,1992,5,0,45,0.5,0,0,0,0,0,0,0,0,0.00,0.00,0.00,0.00,0.00,Matches,bb288dae
1533,Maxime Lopez,fr FRA,MF,Paris FC,fr Ligue 1,27,1997,26,22,1960,21.8,0,3,3,0,0,0,11,0,0.00,0.14,0.14,0.00,0.14,Matches,20094685
1534,Pau López,es ESP,GK,Real Betis,es La Liga,30,1994,9,9,810,9.0,0,0,0,0,0,0,1,0,0.00,0.00,0.00,0.00,0.00,Matches,20b9f052
1535,Unai López,es ESP,MF,Rayo Vallecano,es La Liga,29,1995,28,19,1612,17.9,0,4,4,0,0,0,8,1,0.00,0.22,0.22,0.00,0.22,Matches,88050721
1536,Dachi Lordkipanidze,ge GEO,MF,Cremonese,it Serie A,20,2005,1,0,29,0.3,0,0,0,0,0,0,0,0,0.00,0.00,0.00,0.00,0.00,Matches,c7332349
1537,Lorran,br BRA,FW,Pisa,it Serie A,19,2006,9,0,122,1.4,1,0,1,1,0,0,0,0,0.74,0.00,0.74,0.74,0.74,Matches,f87b8eed
1538,Iker Losada,es ESP,MF,Levante,es La Liga,23,2001,23,10,902,10.0,3,1,4,3,0,0,1,0,0.30,0.10,0.40,0.30,0.40,Matches,41521385
1539,Simone Lottici Tessadri,it ITA,MF,Cremonese,it Serie A,19,2006,1,0,6,0.1,0,0,0,0,0,0,0,0,0.00,0.00,0.00,0.00,0.00,Matches,9b30e7a5
1540,Tom Louchet,fr FRA,MF,Nice,fr Ligue 1,22,2003,27,14,1367,15.2,3,2,5,3,0,0,1,1,0.20,0.13,0.33,0.20,0.33,Matches,f999e9be
1541,Marius Louer,fr FRA,DF,Angers,fr Ligue 1,18,2007,9,6,543,6.0,0,0,0,0,0,0,1,0,0.00,0.00,0.00,0.00,0.00,Matches,a9066eb6
1542,Sandi Lovrić,si SVN,MF,Udinese,it Serie A,27,1998,6,1,161,1.8,0,1,1,0,0,0,1,0,0.00,0.56,0.56,0.00,0.56,Matches,966eea58
1543,Sandi Lovrić,si SVN,MF,Hellas Verona,it Serie A,27,1998,7,3,309,3.4,0,0,0,0,0,0,1,0,0.00,0.00,0.00,0.00,0.00,Matches,966eea58
1544,Felipe Loyola,cl CHI,MF,Pisa,it Serie A,24,2000,11,6,538,6.0,1,0,1,1,0,0,0,1,0.17,0.00,0.17,0.17,0.17,Matches,ff749703
1545,Pol Lozano,es ESP,MF,Espanyol,es La Liga,25,1999,33,28,2157,24.0,2,1,3,2,0,0,12,1,0.08,0.04,0.13,0.08,0.13,Matches,ea610f00
1546,Sergio Lozano,es ESP,MF,Levante,es La Liga,26,1999,1,0,12,0.1,0,0,0,0,0,0,0,0,0.00,0.00,0.00,0.00,0.00,Matches,3dfc70ed
1547,Lucas,br BRA,MFDF,Burnley,eng Premier League,24,2001,20,15,1409,15.7,0,0,0,0,0,0,1,1,0.00,0.00,0.00,0.00,0.00,Matches,5d68f5b2
1548,Lorenzo Lucca,it ITA,FW,Napoli,it Serie A,24,2000,16,4,408,4.5,1,0,1,1,0,0,1,0,0.22,0.00,0.22,0.22,0.22,Matches,83c06f3a
1549,Lorenzo Lucca,it ITA,FW,Nottingham,eng Premier League,24,2000,4,1,129,1.4,1,0,1,1,0,0,0,0,0.70,0.00,0.70,0.70,0.70,Matches,83c06f3a
1550,Dimitri Lucea,fr FRA,DF,PSG,fr Ligue 1,18,2007,2,1,60,0.7,0,0,0,0,0,0,0,0,0.00,0.00,0.00,0.00,0.00,Matches,932bbc6a
1551,Jhon Lucumí,co COL,DF,Bologna,it Serie A,27,1998,29,26,2287,25.4,1,0,1,1,0,0,5,0,0.04,0.00,0.04,0.04,0.04,Matches,80490d7f
1552,Oier Luengo,es ESP,DF,Oviedo,es La Liga,27,1997,3,3,225,2.5,0,1,1,0,0,0,1,0,0.00,0.40,0.40,0.00,0.40,Matches,8648c59f
1553,Florentino Luís,pt POR,MF,Burnley,eng Premier League,25,1999,31,25,2105,23.4,0,2,2,0,0,0,6,0,0.00,0.09,0.09,0.00,0.09,Matches,881cd6be
1554,José Luis Gayà,es ESP,DF,Valencia,es La Liga,30,1995,32,31,2448,27.2,1,2,3,1,0,0,6,1,0.04,0.07,0.11,0.04,0.11,Matches,b05e2dbd
1555,José Luis Morales,es ESP,MF,Levante,es La Liga,38,1987,20,1,363,4.0,1,1,2,0,1,1,1,0,0.25,0.25,0.50,0.00,0.25,Matches,4a478107
1556,Douglas Luiz,br BRA,MF,Aston Villa,eng Premier League,27,1998,13,7,604,6.7,1,0,1,1,0,0,1,0,0.15,0.00,0.15,0.15,0.15,Matches,6f7d826d
1557,Douglas Luiz,br BRA,MF,Nottingham,eng Premier League,27,1998,8,5,315,3.5,0,0,0,0,0,0,2,0,0.00,0.00,0.00,0.00,0.00,Matches,6f7d826d
1558,Romelu Lukaku,be BEL,FW,Napoli,it Serie A,32,1993,5,0,44,0.5,1,0,1,1,0,0,1,0,2.05,0.00,2.05,2.05,2.05,Matches,5eae500a
1559,Castello Lukeba,fr FRA,DF,RB Leipzig,de Bundesliga,22,2002,26,24,2176,24.2,1,0,1,1,0,0,3,0,0.04,0.00,0.04,0.04,0.04,Matches,5b9512c5
1560,Dodi Lukebakio,be BEL,MF,Sevilla,es La Liga,27,1997,2,2,180,2.0,1,0,1,1,0,0,0,0,0.50,0.00,0.50,0.50,0.50,Matches,0c61c77c
1561,Saša Lukić,rs SRB,MF,Fulham,eng Premier League,28,1996,26,20,1734,19.3,1,2,3,1,0,0,9,0,0.05,0.10,0.16,0.05,0.16,Matches,c6e8cf1f
1562,Kristoffer Lund,us USA,DFMF,Köln,de Bundesliga,23,2002,33,26,2276,25.3,0,2,2,0,0,0,2,0,0.00,0.08,0.08,0.00,0.08,Matches,9e3e5d05
1563,Andriy Lunin,ua UKR,GK,Real Madrid,es La Liga,26,1999,6,6,540,6.0,0,0,0,0,0,0,0,1,0.00,0.00,0.00,0.00,0.00,Matches,3061e1ec
1564,Sebastiano Luperto,it ITA,DF,Cremonese,it Serie A,28,1996,15,15,1307,14.5,0,1,1,0,0,0,1,0,0.00,0.07,0.07,0.00,0.07,Matches,997fff07
1565,Sebastiano Luperto,it ITA,DF,Cagliari,it Serie A,28,1996,19,19,1706,19.0,1,0,1,1,0,0,3,0,0.05,0.00,0.05,0.05,0.05,Matches,997fff07
1566,Iker Luque,es ESP,DF,Atlético Madrid,es La Liga,20,2005,1,0,28,0.3,1,0,1,1,0,0,0,0,3.21,0.00,3.21,3.21,3.21,Matches,c78a10b8
1567,Mateus Lusuardi,br BRA,DF,Pisa,it Serie A,21,2004,3,3,198,2.2,0,0,0,0,0,0,1,0,0.00,0.00,0.00,0.00,0.00,Matches,0704d719
1568,Zito Luvumbo,ao ANG,FWMF,Mallorca,es La Liga,23,2002,10,6,508,5.6,0,2,2,0,0,0,2,0,0.00,0.35,0.35,0.00,0.35,Matches,b09e0873
1569,Zito Luvumbo,ao ANG,MFFW,Cagliari,it Serie A,23,2002,12,2,329,3.7,0,0,0,0,0,0,0,0,0.00,0.00,0.00,0.00,0.00,Matches,b09e0873
1570,Babis Lykogiannis,gr GRE,DF,Bologna,it Serie A,31,1993,10,7,627,7.0,0,1,1,0,0,0,3,0,0.00,0.14,0.14,0.00,0.14,Matches,5efc5389
1571,Senne Lynen,be BEL,MF,Werder Bremen,de Bundesliga,26,1999,31,31,2752,30.6,0,0,0,0,0,0,4,0,0.00,0.00,0.00,0.00,0.00,Matches,0ed60738
1572,Mathias Løvik,no NOR,MF,Parma,it Serie A,21,2003,9,5,471,5.2,0,0,0,0,0,0,0,0,0.00,0.00,0.00,0.00,0.00,Matches,f17aa65c
1573,Ian Maatsen,nl NED,DF,Aston Villa,eng Premier League,23,2002,30,17,1605,17.8,0,1,1,0,0,0,2,0,0.00,0.06,0.06,0.00,0.06,Matches,cab9634e
1574,Alexis Mac Allister,ar ARG,MF,Liverpool,eng Premier League,26,1998,37,31,2658,29.5,2,4,6,2,0,0,7,0,0.07,0.14,0.20,0.07,0.20,Matches,83d074ff
1575,Tommaso Macchioni,it ITA,DF,Sassuolo,it Serie A,19,2006,1,1,90,1.0,0,0,0,0,0,0,1,0,0.00,0.00,0.00,0.00,0.00,Matches,78c5642e
1576,Deiver Machado,co COL,DFMF,Nantes,fr Ligue 1,31,1993,14,12,907,10.1,0,1,1,0,0,0,2,0,0.00,0.10,0.10,0.00,0.10,Matches,b3f8bdef
1577,Deiver Machado,co COL,MF,Lens,fr Ligue 1,31,1993,5,4,273,3.0,0,0,0,0,0,0,1,0,0.00,0.00,0.00,0.00,0.00,Matches,b3f8bdef
1578,Koki Machida,jp JPN,DF,Hoffenheim,de Bundesliga,27,1997,1,1,44,0.5,0,0,0,0,0,0,1,0,0.00,0.00,0.00,0.00,0.00,Matches,958ede06
1579,Lanroy Machine,fr FRA,FW,Angers,fr Ligue 1,19,2005,22,3,519,5.8,1,0,1,1,0,0,1,0,0.17,0.00,0.17,0.17,0.17,Matches,e7cf1d4c
1580,Shuto Machino,jp JPN,FWMF,Gladbach,de Bundesliga,25,1999,32,9,1076,12.0,3,1,4,3,0,0,2,0,0.25,0.08,0.33,0.25,0.33,Matches,964dde35
1581,Carlos Macià,es ESP,MF,Villarreal,es La Liga,16,2008,5,0,83,0.9,0,0,0,0,0,0,1,0,0.00,0.00,0.00,0.00,0.00,Matches,afac51f0
1582,James Maddison,eng ENG,FWMF,Tottenham,eng Premier League,28,1996,3,0,37,0.4,0,0,0,0,0,0,0,0,0.00,0.00,0.00,0.00,0.00,Matches,ee38d9c5
1583,Brian Madjo,lu LUX,FW,Metz,fr Ligue 1,16,2009,5,2,157,1.7,0,0,0,0,0,0,0,0,0.00,0.00,0.00,0.00,0.00,Matches,2a376f12
1584,Noni Madueke,eng ENG,FWMF,Arsenal,eng Premier League,23,2002,26,16,1211,13.5,3,1,4,3,0,0,0,0,0.22,0.07,0.30,0.22,0.30,Matches,bf34eebd
1585,Pablo Maffeo,es ESP,DF,Mallorca,es La Liga,28,1997,31,30,2662,29.6,1,2,3,1,0,0,11,0,0.03,0.07,0.10,0.03,0.10,Matches,5db04597
1586,Gabriel Magalhães,br BRA,DF,Arsenal,eng Premier League,27,1997,32,30,2751,30.6,3,4,7,3,0,0,4,0,0.10,0.13,0.23,0.10,0.23,Matches,67ac5bb8
1587,Soungoutou Magassa,fr FRA,MF,West Ham,eng Premier League,21,2003,22,11,981,10.9,1,0,1,1,0,0,4,0,0.09,0.00,0.09,0.09,0.09,Matches,dfc5d4fa
1588,Hugo Magnetti,fr FRA,MF,Brest,fr Ligue 1,27,1998,33,31,2688,29.9,1,1,2,1,0,0,4,1,0.03,0.03,0.07,0.03,0.07,Matches,d4d35152
1589,Frank Magri,cm CMR,FWMF,Toulouse,fr Ligue 1,25,1999,17,16,1253,13.9,5,1,6,5,0,1,3,0,0.36,0.07,0.43,0.36,0.43,Matches,42fdb11d
1590,Harry Maguire,eng ENG,DF,Manchester Utd,eng Premier League,32,1993,23,19,1653,18.4,1,2,3,1,0,0,3,1,0.05,0.11,0.16,0.05,0.16,Matches,d8931174
1591,Arne Maier,de GER,MF,Augsburg,de Bundesliga,26,1999,1,0,4,0.0,0,0,0,0,0,0,0,0,0.00,0.00,0.00,0.00,0.00,Matches,ab700320
1592,Mike Maignan,fr FRA,GK,Milan,it Serie A,30,1995,37,37,3295,36.6,0,0,0,0,0,0,4,0,0.00,0.00,0.00,0.00,0.00,Matches,fcb38f57
1593,Linton Maina,de GER,MFFW,Köln,de Bundesliga,26,1999,24,9,1023,11.4,2,0,2,2,0,0,0,0,0.18,0.00,0.18,0.18,0.18,Matches,e5d85da8
1594,Patrick Mainka,de GER,DF,Heidenheim,de Bundesliga,30,1994,34,34,3060,34.0,2,2,4,2,0,0,1,0,0.06,0.06,0.12,0.06,0.12,Matches,dd9caa07
1595,Kobbie Mainoo,eng ENG,MF,Manchester Utd,eng Premier League,20,2005,28,16,1662,18.5,1,2,3,1,0,0,2,0,0.05,0.11,0.16,0.05,0.16,Matches,c6220452
1596,Ainsley Maitland-Niles,eng ENG,DFMF,Lyon,fr Ligue 1,27,1997,30,28,2483,27.6,1,4,5,1,0,1,7,1,0.04,0.14,0.18,0.04,0.18,Matches,e3a5814e
1597,Radosław Majecki,pl POL,GK,Brest,fr Ligue 1,25,1999,10,10,864,9.6,0,0,0,0,0,0,0,1,0.00,0.00,0.00,0.00,0.00,Matches,20de219a
1598,Lovro Majer,hr CRO,MF,Wolfsburg,de Bundesliga,27,1998,28,16,1371,15.2,2,3,5,2,0,0,5,0,0.13,0.20,0.33,0.13,0.33,Matches,fc46aab1
1599,Hamidou Makalou,ml MLI,MF,Brest,fr Ligue 1,19,2006,17,2,341,3.8,0,0,0,0,0,0,0,0,0.00,0.00,0.00,0.00,0.00,Matches,8fe2fb2a
1600,Jean-Victor Makengo,fr FRA,MF,Lorient,fr Ligue 1,27,1998,31,23,1800,20.0,4,2,6,4,0,0,2,0,0.20,0.10,0.30,0.20,0.30,Matches,22bfb57e
1601,Jordy Makengo,fr FRA,DF,Freiburg,de Bundesliga,23,2001,20,12,1178,13.1,0,1,1,0,0,0,1,0,0.00,0.08,0.08,0.00,0.08,Matches,14b09c41
1602,Andrija Maksimović,rs SRB,FW,RB Leipzig,de Bundesliga,18,2007,8,0,93,1.0,0,0,0,0,0,0,0,0,0.00,0.00,0.00,0.00,0.00,Matches,fa5116fa
1603,Said El Mala,de GER,FWMF,Köln,de Bundesliga,18,2006,34,20,1956,21.7,13,4,17,12,1,1,4,0,0.60,0.18,0.78,0.55,0.74,Matches,9db21d7f
1604,Tyrell Malacia,nl NED,DF,Manchester Utd,eng Premier League,25,1999,3,0,18,0.2,0,0,0,0,0,0,0,0,0.00,0.00,0.00,0.00,0.00,Matches,6b6c793c
1605,Julián Malatini,ar ARG,DF,Werder Bremen,de Bundesliga,24,2001,11,5,516,5.7,0,0,0,0,0,0,3,0,0.00,0.00,0.00,0.00,0.00,Matches,8b84b707
1606,Daniel Maldini,it ITA,FW,Lazio,it Serie A,23,2001,12,9,687,7.6,2,1,3,2,0,0,0,0,0.26,0.13,0.39,0.26,0.39,Matches,801831fe
1607,Daniel Maldini,it ITA,MF,Atalanta,it Serie A,23,2001,9,3,264,2.9,0,0,0,0,0,0,1,0,0.00,0.00,0.00,0.00,0.00,Matches,801831fe
1608,Youssef Maleh,ma MAR,MF,Cremonese,it Serie A,26,1998,14,14,1100,12.2,1,0,1,1,0,0,2,1,0.08,0.00,0.08,0.08,0.08,Matches,4c8845f7
1609,Youssef Maleh,ma MAR,MF,Lecce,it Serie A,26,1998,9,5,460,5.1,0,0,0,0,0,0,2,0,0.00,0.00,0.00,0.00,0.00,Matches,4c8845f7
1610,Donyell Malen,nl NED,FWMF,Aston Villa,eng Premier League,26,1999,21,5,656,7.3,4,1,5,4,0,0,0,0,0.55,0.14,0.69,0.55,0.69,Matches,116c35df
1611,Donyell Malen,nl NED,FW,Roma,it Serie A,26,1999,18,18,1467,16.3,14,2,16,11,3,4,1,0,0.86,0.12,0.98,0.67,0.80,Matches,116c35df
1612,Ruslan Malinovskyi,ua UKR,MF,Genoa,it Serie A,32,1993,34,28,2235,24.8,6,3,9,3,3,3,10,0,0.24,0.12,0.36,0.12,0.24,Matches,48d5bd33
1613,Lennard Maloney,us USA,DFMF,Mainz 05,de Bundesliga,25,1999,21,4,485,5.4,0,0,0,0,0,0,1,0,0.00,0.00,0.00,0.00,0.00,Matches,75402e99
1614,Pape Mamadou Sy,sn SEN,GK,Metz,fr Ligue 1,28,1997,8,8,706,7.8,0,0,0,0,0,0,0,0,0.00,0.00,0.00,0.00,0.00,Matches,9a5619c5
1615,Giorgi Mamardashvili,ge GEO,GK,Liverpool,eng Premier League,24,2000,10,10,867,9.6,0,0,0,0,0,0,0,0,0.00,0.00,0.00,0.00,0.00,Matches,d4b73232
1616,Felix Mambimbi,ch SUI,FWMF,Le Havre,fr Ligue 1,24,2001,17,7,530,5.9,1,0,1,1,0,0,1,0,0.17,0.00,0.17,0.17,0.17,Matches,1b81794d
1617,Aitor Mañas,es ESP,FW,Alavés,es La Liga,22,2003,9,0,122,1.4,0,0,0,0,0,0,0,0,0.00,0.00,0.00,0.00,0.00,Matches,a105826d
1618,Gianluca Mancini,it ITA,DF,Roma,it Serie A,29,1996,36,36,3059,34.0,4,2,6,4,0,0,9,0,0.12,0.06,0.18,0.12,0.18,Matches,5aa53281
1619,Reinildo Mandava,mz MOZ,DF,Sunderland,eng Premier League,31,1994,25,23,1966,21.8,0,1,1,0,0,0,7,1,0.00,0.05,0.05,0.00,0.05,Matches,c20bdcd7
1620,Aïssa Mandi,dz ALG,DF,Lille,fr Ligue 1,33,1991,29,28,2424,26.9,1,0,1,1,0,0,8,0,0.04,0.00,0.04,0.04,0.04,Matches,fbd6378b
1621,Rolando Mandragora,it ITA,MF,Fiorentina,it Serie A,28,1997,34,30,2421,26.9,7,3,10,6,1,1,7,0,0.26,0.11,0.37,0.22,0.33,Matches,c7259b83
1622,Filippo Mane,it ITA,DF,Dortmund,de Bundesliga,20,2005,4,2,131,1.5,0,0,0,0,0,0,0,1,0.00,0.00,0.00,0.00,0.00,Matches,66642968
1623,Mateus Mane,pt POR,MF,Wolves,eng Premier League,17,2007,27,19,1795,19.9,3,1,4,3,0,0,0,0,0.15,0.05,0.20,0.15,0.20,Matches,c15cb409
1624,Orel Mangala,be BEL,MF,Lyon,fr Ligue 1,27,1998,9,5,414,4.6,0,0,0,0,0,0,0,0,0.00,0.00,0.00,0.00,0.00,Matches,a572e291
1625,Bendito Mantato,eng ENG,MF,Manchester Utd,eng Premier League,17,2008,1,0,16,0.2,0,0,0,0,0,0,0,0,0.00,0.00,0.00,0.00,0.00,Matches,e8a55b80
1626,Brad Mantsounga,cg CGO,DF,Nice,fr Ligue 1,17,2007,1,1,90,1.0,0,0,0,0,0,0,0,0,0.00,0.00,0.00,0.00,0.00,Matches,b7db8013
1627,Johan Manzambi,ch SUI,MF,Freiburg,de Bundesliga,19,2005,27,26,2077,23.1,5,4,9,5,0,0,4,2,0.22,0.17,0.39,0.22,0.39,Matches,8fcf0e12
1628,Sekou Mara,fr FRA,FW,Auxerre,fr Ligue 1,23,2002,27,14,1226,13.6,3,2,5,3,0,0,0,0,0.22,0.15,0.37,0.22,0.37,Matches,3544641e
1629,Alessandro Marcandalli,it ITA,DF,Genoa,it Serie A,22,2002,32,29,2597,28.9,0,2,2,0,0,0,4,0,0.00,0.07,0.07,0.00,0.07,Matches,d3225ad1
1630,Marcão,br BRA,DF,Sevilla,es La Liga,29,1996,13,11,938,10.4,1,0,1,1,0,0,5,1,0.10,0.00,0.10,0.10,0.10,Matches,133faa84
1631,Solly March,eng ENG,MF,Brighton,eng Premier League,31,1994,4,0,41,0.5,0,0,0,0,0,0,0,0,0.00,0.00,0.00,0.00,0.00,Matches,bb5fbd2b
1632,Vincent Marchetti,fr FRA,MF,Paris FC,fr Ligue 1,28,1997,23,9,825,9.2,2,1,3,2,0,0,1,0,0.22,0.11,0.33,0.22,0.33,Matches,740f00ac
1633,Pablo Marí,es ESP,DF,Fiorentina,it Serie A,31,1993,11,9,808,9.0,0,0,0,0,0,0,3,0,0.00,0.00,0.00,0.00,0.00,Matches,aa54ec6f
1634,José María Giménez,uy URU,DF,Atlético Madrid,es La Liga,30,1995,16,13,1178,13.1,0,1,1,0,0,0,3,0,0.00,0.08,0.08,0.00,0.08,Matches,f0da930c
1635,Mariano,do DOM,FW,Alavés,es La Liga,31,1993,10,3,288,3.2,0,0,0,0,0,0,1,0,0.00,0.00,0.00,0.00,0.00,Matches,5c4dc0ff
1636,Luca Marianucci,it ITA,DF,Torino,it Serie A,21,2004,10,6,575,6.4,0,0,0,0,0,0,2,0,0.00,0.00,0.00,0.00,0.00,Matches,64e6778a
1637,Luca Marianucci,it ITA,DF,Napoli,it Serie A,21,2004,2,1,119,1.3,0,1,1,0,0,0,0,0,0.00,0.76,0.76,0.00,0.76,Matches,64e6778a
1638,Arkaitz Mariezkurrena,es ESP,FW,Real Sociedad,es La Liga,20,2005,1,0,1,0.0,0,0,0,0,0,0,0,0,0.00,0.00,0.00,0.00,0.00,Matches,7c2c671c
1639,Marius Marin,ro ROU,MF,Pisa,it Serie A,26,1998,23,18,1281,14.2,0,0,0,0,0,0,7,0,0.00,0.00,0.00,0.00,0.00,Matches,a5106847
1640,Pablo Marín,es ESP,MF,Real Sociedad,es La Liga,22,2003,34,15,1502,16.7,0,1,1,0,0,0,2,0,0.00,0.06,0.06,0.00,0.06,Matches,a83c19cf
1641,Rafa Marín,es ESP,DF,Villarreal,es La Liga,23,2002,23,21,1979,22.0,1,0,1,1,0,0,1,0,0.05,0.00,0.05,0.05,0.05,Matches,3239a8ed
1642,Renato Marin,it ITA,GK,PSG,fr Ligue 1,19,2006,2,2,180,2.0,0,0,0,0,0,0,0,0,0.00,0.00,0.00,0.00,0.00,Matches,6db4e0b4
1643,João Mário Lopes,pt POR,DFMF,Bologna,it Serie A,25,2000,10,10,735,8.2,1,0,1,1,0,0,1,0,0.12,0.00,0.12,0.12,0.12,Matches,82a39b66
1644,João Mário Lopes,pt POR,MF,Juventus,it Serie A,25,2000,10,2,258,2.9,0,0,0,0,0,0,1,0,0.00,0.00,0.00,0.00,0.00,Matches,82a39b66
1645,Guillermo Maripán,cl CHI,DF,Torino,it Serie A,31,1994,27,24,2145,23.8,2,0,2,2,0,0,4,0,0.08,0.00,0.08,0.08,0.08,Matches,d9764034
1646,Omar Marmoush,eg EGY,FWMF,Manchester City,eng Premier League,26,1999,21,8,700,7.8,3,3,6,3,0,0,3,0,0.39,0.39,0.77,0.39,0.77,Matches,0e0102eb
1647,Tomas Marques,es ESP,MF,Barcelona,es La Liga,18,2006,2,0,11,0.1,0,0,0,0,0,0,0,0,0.00,0.00,0.00,0.00,0.00,Matches,b1a99d24
1648,Marquinhos,br BRA,DF,PSG,fr Ligue 1,31,1994,14,11,1052,11.7,0,0,0,0,0,0,0,0,0.00,0.00,0.00,0.00,0.00,Matches,d5f2f82b
1649,Unai Marrero,es ESP,GK,Real Sociedad,es La Liga,23,2001,1,1,90,1.0,0,0,0,0,0,0,1,0,0.00,0.00,0.00,0.00,0.00,Matches,f0fe87dc
1650,Callum Marshall,nir NIR,FW,West Ham,eng Premier League,20,2004,2,0,60,0.7,0,0,0,0,0,0,0,0,0.00,0.00,0.00,0.00,0.00,Matches,3a27f1bf
1651,Eric Martel,de GER,MFDF,Köln,de Bundesliga,23,2002,31,30,2559,28.4,2,2,4,2,0,0,12,1,0.07,0.07,0.14,0.07,0.14,Matches,92a16062
1652,Aarón Martín,es ESP,MFDF,Genoa,it Serie A,28,1997,33,26,2156,24.0,1,5,6,1,0,1,2,0,0.04,0.21,0.25,0.04,0.25,Matches,2f3e911a
1653,Carlos Martín,es ESP,MFFW,Rayo Vallecano,es La Liga,23,2002,11,7,450,5.0,0,0,0,0,0,0,1,0,0.00,0.00,0.00,0.00,0.00,Matches,64035864
1654,Gerard Martín,es ESP,DF,Barcelona,es La Liga,23,2002,32,26,2119,23.5,0,0,0,0,0,0,6,0,0.00,0.00,0.00,0.00,0.00,Matches,b792c59d
1655,Iván Martín,es ESP,MF,Girona,es La Liga,26,1999,35,29,2532,28.1,0,1,1,0,0,0,5,1,0.00,0.04,0.04,0.00,0.04,Matches,ae48c5cb
1656,Jon Martin,es ESP,DF,Real Sociedad,es La Liga,19,2006,25,25,2250,25.0,2,0,2,2,0,0,6,0,0.08,0.00,0.08,0.08,0.08,Matches,df33ecb5
1657,Mario Martín,es ESP,MFFW,Getafe,es La Liga,21,2004,35,26,2125,23.6,2,1,3,2,0,0,11,0,0.08,0.04,0.13,0.08,0.13,Matches,a9aff11a
1658,Gabriel Martinelli,br BRA,FWMF,Arsenal,eng Premier League,24,2001,30,11,1081,12.0,1,4,5,1,0,0,3,0,0.08,0.33,0.42,0.08,0.42,Matches,48a5a5d6
1659,Arnau Martinez,es ESP,DFMF,Girona,es La Liga,22,2003,35,33,2666,29.6,2,3,5,2,0,0,6,0,0.07,0.10,0.17,0.07,0.17,Matches,c3e66ffe
1660,Daniel Martinez,es ESP,DF,Atlético Madrid,es La Liga,21,2004,1,1,90,1.0,0,0,0,0,0,0,0,0,0.00,0.00,0.00,0.00,0.00,Matches,819dc7ba
1661,Emiliano Martínez,ar ARG,GK,Aston Villa,eng Premier League,32,1992,32,32,2835,31.5,0,1,1,0,0,0,2,0,0.00,0.03,0.03,0.00,0.03,Matches,7956236f
1662,Joaquín Martínez Gauna,es ESP,MFDF,Sevilla,es La Liga,22,2003,21,14,1408,15.6,2,3,5,2,0,0,1,0,0.13,0.19,0.32,0.13,0.32,Matches,cd8b99a7
1663,Josep Martinez,es ESP,GK,Inter,it Serie A,27,1998,5,5,450,5.0,0,0,0,0,0,0,0,0,0.00,0.00,0.00,0.00,0.00,Matches,11d8aff0
1664,Lautaro Martínez,ar ARG,FW,Inter,it Serie A,27,1997,30,27,2159,24.0,17,6,23,17,0,0,4,0,0.71,0.25,0.96,0.71,0.96,Matches,f7036e1c
1665,Lisandro Martínez,ar ARG,DF,Manchester Utd,eng Premier League,27,1998,18,13,1233,13.7,0,0,0,0,0,0,0,1,0.00,0.00,0.00,0.00,0.00,Matches,bac46a10
1666,Pablo Martínez,es ESP,MF,Levante,es La Liga,27,1998,27,21,1857,20.6,1,5,6,1,0,0,3,0,0.05,0.24,0.29,0.05,0.29,Matches,ecc77652
1667,Ramón Martínez,es ESP,DF,Sevilla,es La Liga,22,2002,2,0,102,1.1,0,0,0,0,0,0,0,0,0.00,0.00,0.00,0.00,0.00,Matches,a04f40c8
1668,Toni Martínez,es ESP,FW,Alavés,es La Liga,28,1997,37,32,2714,30.2,14,3,17,13,1,1,2,0,0.46,0.10,0.56,0.43,0.53,Matches,f3945e07
1669,Adam Marušić,me MNE,DF,Lazio,it Serie A,32,1992,33,32,2778,30.9,1,2,3,1,0,0,1,1,0.03,0.06,0.10,0.03,0.10,Matches,d4535821
1670,Omar Mascarell,gq EQG,MFDF,Mallorca,es La Liga,32,1993,30,26,2239,24.9,2,2,4,2,0,0,5,0,0.08,0.08,0.16,0.08,0.16,Matches,11fd2b75
1671,Adam Masina,ma MAR,DF,Torino,it Serie A,31,1994,5,2,235,2.6,0,1,1,0,0,0,0,0,0.00,0.38,0.38,0.00,0.38,Matches,de0f152c
1672,Patrizio Masini,it ITA,MF,Genoa,it Serie A,24,2001,28,13,1413,15.7,0,1,1,0,0,0,5,0,0.00,0.06,0.06,0.00,0.06,Matches,151354b8
1673,Han-Noah Massengo,fr FRA,MF,Augsburg,de Bundesliga,24,2001,33,29,2427,27.0,2,1,3,2,0,0,5,0,0.07,0.04,0.11,0.07,0.11,Matches,eba1e557
1674,Franco Mastantuono,ar ARG,MFFW,Real Madrid,es La Liga,17,2007,23,11,1037,11.5,1,0,1,1,0,0,5,1,0.09,0.00,0.09,0.09,0.09,Matches,633b2b1f
1675,Arthur Masuaku,cd COD,DF,Sunderland,eng Premier League,31,1993,3,2,126,1.4,0,0,0,0,0,0,1,0,0.00,0.00,0.00,0.00,0.00,Matches,57df7a11
1676,Arthur Masuaku,cd COD,DFMF,Lens,fr Ligue 1,31,1993,4,3,227,2.5,0,0,0,0,0,0,1,0,0.00,0.00,0.00,0.00,0.00,Matches,57df7a11
1677,Clinton Mata,ao ANG,DF,Lyon,fr Ligue 1,32,1992,32,32,2833,31.5,0,0,0,0,0,0,5,0,0.00,0.00,0.00,0.00,0.00,Matches,55abe554
1678,Igor Matanović,hr CRO,FW,Freiburg,de Bundesliga,22,2003,31,14,1571,17.5,11,2,13,10,1,2,0,0,0.63,0.11,0.74,0.57,0.69,Matches,948e1292
1679,Pape Matar Sarr,sn SEN,MF,Tottenham,eng Premier League,22,2002,26,13,1398,15.5,2,4,6,2,0,0,3,0,0.13,0.26,0.39,0.13,0.39,Matches,feb5d972
1680,Jean-Philippe Mateta,fr FRA,FW,Crystal Palace,eng Premier League,28,1997,32,25,2218,24.6,12,0,12,8,4,4,2,0,0.49,0.00,0.49,0.32,0.32,Matches,50e6dc35
1681,Nemanja Matić,rs SRB,MF,Sassuolo,it Serie A,36,1988,34,31,2660,29.6,1,1,2,1,0,0,7,1,0.03,0.03,0.07,0.03,0.07,Matches,eb7822d7
1682,Rudy Matondo,fr FRA,MF,Paris FC,fr Ligue 1,17,2008,11,8,743,8.3,2,0,2,2,0,0,1,1,0.24,0.00,0.24,0.24,0.24,Matches,64b170af
1683,Rudy Matondo,fr FRA,MF,Auxerre,fr Ligue 1,17,2008,16,6,614,6.8,0,0,0,0,0,0,3,0,0.00,0.00,0.00,0.00,0.00,Matches,64b170af
1684,Chrislain Matsima,fr FRA,DF,Augsburg,de Bundesliga,23,2002,18,17,1489,16.5,1,1,2,1,0,0,5,0,0.06,0.06,0.12,0.06,0.12,Matches,cf1ef7ec
1685,Jean Mattéo Bahoya,fr FRA,MFFW,Frankfurt,de Bundesliga,20,2005,27,15,1331,14.8,3,4,7,3,0,0,2,0,0.20,0.27,0.47,0.20,0.47,Matches,70d4c949
1686,Alan Matturro,uy URU,DF,Levante,es La Liga,20,2004,19,10,947,10.5,1,1,2,1,0,0,0,1,0.10,0.10,0.19,0.10,0.19,Matches,547c0119
1687,Neal Maupay,fr FRA,FWMF,Marseille,fr Ligue 1,28,1996,1,0,2,0.0,0,0,0,0,0,0,0,0,0.00,0.00,0.00,0.00,0.00,Matches,4bcf39f6
1688,Neal Maupay,fr FRA,FW,Sevilla,es La Liga,28,1996,12,10,865,9.6,2,1,3,2,0,0,2,0,0.21,0.10,0.31,0.21,0.31,Matches,4bcf39f6
1689,Konstantinos Mavropanos,gr GRE,DF,West Ham,eng Premier League,27,1997,31,27,2534,28.2,3,0,3,3,0,0,2,0,0.11,0.00,0.11,0.11,0.11,Matches,00963611
1690,Christian Mawissa,fr FRA,DFMF,Monaco,fr Ligue 1,20,2005,18,13,1191,13.2,0,0,0,0,0,0,4,0,0.00,0.00,0.00,0.00,0.00,Matches,2c70d915
1691,Eliezer Mayenda,es ESP,FWMF,Sunderland,eng Premier League,20,2005,20,8,759,8.4,2,0,2,2,0,0,0,0,0.24,0.00,0.24,0.24,0.24,Matches,6a021e43
1692,Ezra Mayers,bb BRB,DF,West Ham,eng Premier League,18,2007,6,0,117,1.3,0,0,0,0,0,0,0,0,0.00,0.00,0.00,0.00,0.00,Matches,9a85a651
1693,Borja Mayoral,es ESP,FW,Getafe,es La Liga,28,1997,16,12,1058,11.8,4,1,5,4,0,1,0,0,0.34,0.09,0.43,0.34,0.43,Matches,64e8ed6d
1694,Senny Mayulu,fr FRA,MFFW,PSG,fr Ligue 1,19,2006,26,21,1672,18.6,4,4,8,4,0,0,3,0,0.22,0.22,0.43,0.22,0.43,Matches,bac89b96
1695,Ibrahim Maza,dz ALG,MF,Leverkusen,de Bundesliga,19,2005,28,20,1849,20.5,3,4,7,3,0,0,2,0,0.15,0.19,0.34,0.15,0.34,Matches,89b3bc5e
1696,Noussair Mazraoui,ma MAR,DFMF,Manchester Utd,eng Premier League,27,1997,20,11,985,10.9,0,0,0,0,0,0,3,0,0.00,0.00,0.00,0.00,0.00,Matches,b74277a0
1697,Luca Mazzitelli,it ITA,MF,Cagliari,it Serie A,29,1995,18,9,767,8.5,2,2,4,2,0,0,3,0,0.23,0.23,0.47,0.23,0.47,Matches,dc61b402
1698,Pasquale Mazzocchi,it ITA,MF,Napoli,it Serie A,30,1995,16,2,310,3.4,0,1,1,0,0,0,0,1,0.00,0.29,0.29,0.00,0.29,Matches,eb0ec070
1699,Nathan Mbala,,MFFW,Metz,fr Ligue 1,17,2008,13,4,441,4.9,2,2,4,2,0,0,0,0,0.41,0.41,0.82,0.41,0.82,Matches,42754695
1700,Samuel Mbangula,be BEL,MFFW,Werder Bremen,de Bundesliga,21,2004,26,12,1171,13.0,3,2,5,3,0,0,0,0,0.23,0.15,0.38,0.23,0.38,Matches,3e25e70c
1701,Ethan Mbappé,fr FRA,MFFW,Lille,fr Ligue 1,18,2006,18,4,567,6.3,3,1,4,3,0,0,1,0,0.48,0.16,0.63,0.48,0.63,Matches,d595de71
1702,Kylian Mbappé,fr FRA,FW,Real Madrid,es La Liga,26,1998,31,29,2599,28.9,25,5,30,17,8,9,4,0,0.87,0.17,1.04,0.59,0.76,Matches,42fd9c7f
1703,Ibrahim Mbaye,sn SEN,FWMF,PSG,fr Ligue 1,17,2008,24,10,1006,11.2,3,2,5,3,0,0,0,0,0.27,0.18,0.45,0.27,0.45,Matches,201b4ee4
1704,Malick Mbaye,sn SEN,MF,Metz,fr Ligue 1,21,2004,5,3,300,3.3,0,0,0,0,0,0,1,0,0.00,0.00,0.00,0.00,0.00,Matches,6d2b0ada
1705,Chancel Mbemba,cd COD,DF,Lille,fr Ligue 1,30,1994,13,9,954,10.6,0,0,0,0,0,0,3,0,0.00,0.00,0.00,0.00,0.00,Matches,e76cb9cc
1706,Bryan Mbeumo,cm CMR,MFFW,Manchester Utd,eng Premier League,25,1999,33,31,2609,29.0,11,3,14,11,0,0,4,0,0.38,0.10,0.48,0.38,0.48,Matches,6afaebf2
1707,Michel Mboula,ga GAB,DFMF,Metz,fr Ligue 1,22,2003,14,10,746,8.3,0,0,0,0,0,0,2,0,0.00,0.00,0.00,0.00,0.00,Matches,676ef6b6
1708,Pathé Mboup,sn SEN,MF,Brest,fr Ligue 1,21,2003,28,9,1054,11.7,1,0,1,1,0,0,6,0,0.09,0.00,0.09,0.09,0.09,Matches,a9fcdd09
1709,Moustapha Mbow,sn SEN,DF,Paris FC,fr Ligue 1,25,2000,31,30,2717,30.2,0,1,1,0,0,0,5,0,0.00,0.03,0.03,0.00,0.03,Matches,3f3a2cba
1710,James Mcatee,eng ENG,MF,Nottingham,eng Premier League,22,2002,14,2,298,3.3,0,1,1,0,0,0,1,0,0.00,0.30,0.30,0.00,0.30,Matches,96593e89
1711,John McGinn,sct SCO,MF,Aston Villa,eng Premier League,30,1994,30,28,2137,23.7,5,4,9,5,0,0,5,0,0.21,0.17,0.38,0.21,0.38,Matches,90f91999
1712,Weston McKennie,us USA,MF,Juventus,it Serie A,26,1998,36,32,2835,31.5,5,5,10,5,0,0,5,0,0.16,0.16,0.32,0.16,0.32,Matches,01c3aff5
1713,Mark McKenzie,us USA,DF,Toulouse,fr Ligue 1,26,1999,29,27,2404,26.7,0,2,2,0,0,0,7,1,0.00,0.07,0.07,0.00,0.07,Matches,a5f5d094
1714,Dwight McNeil,eng ENG,MF,Everton,eng Premier League,25,1999,22,14,1168,13.0,0,1,1,0,0,0,1,0,0.00,0.08,0.08,0.00,0.08,Matches,fc15fb84
1715,Scott McTominay,sct SCO,MF,Napoli,it Serie A,28,1996,33,31,2791,31.0,10,3,13,10,0,1,1,0,0.32,0.10,0.42,0.32,0.42,Matches,d93c2511
1716,Facundo Medina,ar ARG,DF,Marseille,fr Ligue 1,26,1999,17,16,1365,15.2,0,1,1,0,0,0,7,0,0.00,0.07,0.07,0.00,0.07,Matches,6f5ec8bb
1717,Jonas Meffert,de GER,MF,Hamburger SV,de Bundesliga,30,1994,4,1,145,1.6,0,0,0,0,0,0,0,0,0.00,0.00,0.00,0.00,0.00,Matches,8ede6a9e
1718,Henrik Meister,dk DEN,FW,Pisa,it Serie A,21,2003,28,15,1515,16.8,2,0,2,2,0,0,2,0,0.12,0.00,0.12,0.12,0.12,Matches,e1a873eb
1719,Bamo Meïté,ci CIV,DF,Lorient,fr Ligue 1,23,2001,25,22,1979,22.0,0,3,3,0,0,0,5,0,0.00,0.14,0.14,0.00,0.14,Matches,04ac78d2
1720,Kader Meïté,fr FRA,FW,Rennes,fr Ligue 1,17,2007,17,6,535,5.9,3,2,5,3,0,0,0,0,0.50,0.34,0.84,0.50,0.84,Matches,424cbbb3
1721,Hannibal Mejbri,tn TUN,MF,Burnley,eng Premier League,22,2003,27,15,1229,13.7,1,4,5,1,0,0,10,0,0.07,0.29,0.37,0.07,0.37,Matches,ca22ccb0
1722,Cléo Melieres,fr FRA,FW,Metz,fr Ligue 1,20,2005,2,0,31,0.3,0,0,0,0,0,0,1,0,0.00,0.00,0.00,0.00,0.00,Matches,0313e47b
1723,Nuno Mendes,pt POR,DF,PSG,fr Ligue 1,23,2002,20,13,1256,14.0,4,5,9,3,1,1,1,0,0.29,0.36,0.64,0.21,0.57,Matches,f20e4cc9
1724,Brais Méndez,es ESP,MFFW,Real Sociedad,es La Liga,28,1997,29,21,1660,18.4,6,2,8,5,1,2,4,1,0.33,0.11,0.43,0.27,0.38,Matches,c9e39d91
1725,Rodrigo Mendoza,es ESP,MFFW,Elche,es La Liga,20,2005,16,6,794,8.8,1,0,1,1,0,0,4,0,0.11,0.00,0.11,0.11,0.11,Matches,d70a000f
1726,Rodrigo Mendoza,es ESP,MF,Atlético Madrid,es La Liga,20,2005,8,8,434,4.8,0,1,1,0,0,0,2,0,0.00,0.21,0.21,0.00,0.21,Matches,d70a000f
1727,Antoine Mendy,sn SEN,DF,Nice,fr Ligue 1,21,2004,25,24,2097,23.3,1,0,1,1,0,0,5,0,0.04,0.00,0.04,0.04,0.04,Matches,3322e296
1728,Batista Mendy,fr FRA,MF,Sevilla,es La Liga,25,2000,27,19,1617,18.0,1,0,1,1,0,0,6,0,0.06,0.00,0.06,0.06,0.06,Matches,e472a6f6
1729,Ferland Mendy,fr FRA,DF,Real Madrid,es La Liga,30,1995,5,3,207,2.3,0,0,0,0,0,0,0,0,0.00,0.00,0.00,0.00,0.00,Matches,3cefcaef
1730,Formose Mendy,sn SEN,DF,Lorient,fr Ligue 1,24,2001,2,2,135,1.5,0,0,0,0,0,0,1,0,0.00,0.00,0.00,0.00,0.00,Matches,c21983bf
1731,Nobel Mendy,sn SEN,DF,Rayo Vallecano,es La Liga,20,2004,24,22,1797,20.0,2,0,2,2,0,0,9,2,0.10,0.00,0.10,0.10,0.10,Matches,7e64e657
1732,Paul Mendy,sn SEN,FW,Cagliari,it Serie A,18,2007,9,3,335,3.7,2,0,2,2,0,0,1,0,0.54,0.00,0.54,0.54,0.54,Matches,2bf26d08
1733,Gideon Mensah,gh GHA,DF,Auxerre,fr Ligue 1,27,1998,30,26,2327,25.9,0,2,2,0,0,0,8,0,0.00,0.08,0.08,0.00,0.08,Matches,9bdd8118
1734,Khalis Merah,fr FRA,MFFW,Lyon,fr Ligue 1,18,2007,22,15,1130,12.6,0,1,1,0,0,0,2,0,0.00,0.08,0.08,0.00,0.08,Matches,27c24a39
1735,Alex Meret,it ITA,GK,Napoli,it Serie A,28,1997,11,11,979,10.9,0,1,1,0,0,0,1,0,0.00,0.09,0.09,0.00,0.09,Matches,9413b19f
1736,Mikel Merino,es ESP,MFFW,Arsenal,eng Premier League,29,1996,22,10,1036,11.5,4,3,7,4,0,0,1,0,0.35,0.26,0.61,0.35,0.61,Matches,d080ed5e
1737,Quentin Merlin,fr FRA,DFMF,Rennes,fr Ligue 1,23,2002,33,27,2533,28.1,1,5,6,1,0,0,2,0,0.04,0.18,0.21,0.04,0.21,Matches,0bfca6a1
1738,Rafik Messali,fr FRA,MF,Toulouse,fr Ligue 1,22,2003,12,5,502,5.6,0,0,0,0,0,0,2,0,0.00,0.00,0.00,0.00,0.00,Matches,bbc86fc4
1739,Junior Messias,br BRA,MF,Genoa,it Serie A,34,1991,20,5,685,7.6,3,1,4,2,1,1,1,0,0.39,0.13,0.53,0.26,0.39,Matches,f49c4ae9
1740,Alejandro Mestanza,es ESP,MF,Getafe,es La Liga,20,2004,3,1,71,0.8,0,0,0,0,0,0,0,0,0.00,0.00,0.00,0.00,0.00,Matches,cbaf9378
1741,Connor Metcalfe,au AUS,MFFW,St Pauli,de Bundesliga,25,1999,25,3,592,6.6,0,2,2,0,0,0,2,0,0.00,0.30,0.30,0.00,0.30,Matches,73ce4d7d
1742,Dayann Methalie,fr FRA,MF,Toulouse,fr Ligue 1,19,2006,27,22,1871,20.8,2,1,3,2,0,0,9,0,0.10,0.05,0.14,0.10,0.14,Matches,2016b059
1743,Karol Mets,ee EST,DF,St Pauli,de Bundesliga,32,1993,23,22,1932,21.5,1,0,1,1,0,0,3,0,0.05,0.00,0.05,0.05,0.05,Matches,ef2ad14e
1744,Thomas Meunier,be BEL,DF,Lille,fr Ligue 1,33,1991,25,21,1909,21.2,2,2,4,2,0,0,3,0,0.09,0.09,0.19,0.09,0.19,Matches,e162b013
1745,Shumaira Mheuka,eng ENG,FW,Chelsea,eng Premier League,17,2007,1,0,2,0.0,0,0,0,0,0,0,0,0,0.00,0.00,0.00,0.00,0.00,Matches,43d0b694
1746,Lucas Michal,fr FRA,MF,Metz,fr Ligue 1,20,2005,9,2,212,2.4,0,0,0,0,0,0,1,0,0.00,0.00,0.00,0.00,0.00,Matches,0c7b1c91
1747,Lucas Michal,fr FRA,FW,Monaco,fr Ligue 1,20,2005,2,0,59,0.7,0,0,0,0,0,0,0,0,0.00,0.00,0.00,0.00,0.00,Matches,0c7b1c91
1748,Georges Mikautadze,ge GEO,FW,Villarreal,es La Liga,24,2000,32,23,2109,23.4,13,6,19,13,0,0,1,0,0.55,0.26,0.81,0.55,0.81,Matches,4788cb6b
1749,Georges Mikautadze,ge GEO,FW,Lyon,fr Ligue 1,24,2000,2,2,179,2.0,1,0,1,1,0,0,0,0,0.50,0.00,0.50,0.50,0.50,Matches,4788cb6b
1750,Wisdom Mike,de GER,FW,Bayern Munich,de Bundesliga,16,2008,4,0,30,0.3,0,0,0,0,0,0,0,0,0.00,0.00,0.00,0.00,0.00,Matches,f6c57f0c
1751,William Mikelbrencis,fr FRA,MFDF,Hamburger SV,de Bundesliga,21,2004,26,15,1372,15.2,0,4,4,0,0,0,3,0,0.00,0.26,0.26,0.00,0.26,Matches,14df1d7f
1752,Daniel Mikołajewski,pl POL,FW,Parma,it Serie A,19,2006,3,1,70,0.8,0,0,0,0,0,0,0,0,0.00,0.00,0.00,0.00,0.00,Matches,e72fa318
1753,Antoni Milambo,nl NED,MF,Brentford,eng Premier League,20,2005,1,1,45,0.5,0,0,0,0,0,0,0,0,0.00,0.00,0.00,0.00,0.00,Matches,b05f4787
1754,Nikola Milenković,rs SRB,DF,Nottingham,eng Premier League,27,1997,38,37,3375,37.5,0,0,0,0,0,0,6,0,0.00,0.00,0.00,0.00,0.00,Matches,bee704fc
1755,Lewis Miley,eng ENG,MFDF,Newcastle,eng Premier League,19,2006,23,15,1496,16.6,1,4,5,1,0,0,0,0,0.06,0.24,0.30,0.06,0.30,Matches,2c6835e5
1756,Arkadiusz Milik,pl POL,FW,Juventus,it Serie A,31,1994,2,0,36,0.4,0,0,0,0,0,0,0,0,0.00,0.00,0.00,0.00,0.00,Matches,85613cf0
1757,Vanja Milinković-Savić,rs SRB,GK,Napoli,it Serie A,28,1997,27,27,2430,27.0,0,1,1,0,0,0,0,0,0.00,0.04,0.04,0.00,0.04,Matches,9fa26bc2
1758,Éder Militão,br BRA,DF,Real Madrid,es La Liga,27,1998,16,14,1139,12.7,2,1,3,2,0,0,2,0,0.16,0.08,0.24,0.16,0.24,Matches,2784f898
1759,Luis Milla,es ESP,MF,Getafe,es La Liga,30,1994,37,37,3271,36.3,1,10,11,1,0,0,5,1,0.03,0.28,0.30,0.03,0.30,Matches,19c36442
1760,Pere Milla,es ESP,MFFW,Espanyol,es La Liga,32,1992,33,24,1973,21.9,7,1,8,7,0,0,6,1,0.32,0.05,0.36,0.32,0.36,Matches,335039a2
1761,Lennon Miller,sct SCO,MF,Udinese,it Serie A,18,2006,24,9,996,11.1,0,2,2,0,0,0,4,0,0.00,0.18,0.18,0.00,0.18,Matches,38d7f638
1762,James Milner,eng ENG,MF,Brighton,eng Premier League,39,1986,20,7,784,8.7,1,1,2,0,1,1,2,0,0.11,0.11,0.23,0.00,0.11,Matches,2f90f6b8
1763,Veljko Milosavljević,rs SRB,DF,Bournemouth,eng Premier League,18,2007,7,4,368,4.1,0,0,0,0,0,0,0,0,0.00,0.00,0.00,0.00,0.00,Matches,c478319d
1764,Jovan Milošević,rs SRB,FW,Werder Bremen,de Bundesliga,20,2005,13,5,488,5.4,3,1,4,3,0,0,2,0,0.55,0.18,0.74,0.55,0.74,Matches,fdbe14c8
1765,Kim Min-jae,kr KOR,DF,Bayern Munich,de Bundesliga,28,1996,25,19,1602,17.8,1,1,2,1,0,0,1,0,0.06,0.06,0.11,0.06,0.11,Matches,e0f8151c
1766,Yerry Mina,co COL,DF,Cagliari,it Serie A,30,1994,26,26,2150,23.9,2,0,2,2,0,0,5,1,0.08,0.00,0.08,0.08,0.08,Matches,6d5701f2
1767,Takumi Minamino,jp JPN,MF,Monaco,fr Ligue 1,30,1995,15,11,944,10.5,3,2,5,3,0,0,4,0,0.29,0.19,0.48,0.29,0.48,Matches,f833a830
1768,Tyrone Mings,eng ENG,DF,Aston Villa,eng Premier League,32,1993,17,15,1324,14.7,0,0,0,0,0,0,1,0,0.00,0.00,0.00,0.00,0.00,Matches,8397a50c
1769,Óscar Mingueza,es ESP,MF,Celta Vigo,es La Liga,26,1999,34,21,1968,21.9,1,4,5,1,0,0,4,0,0.05,0.18,0.23,0.05,0.23,Matches,056269d7
1770,Yankuba Minteh,gm GAM,MF,Brighton,eng Premier League,21,2004,34,26,2391,26.6,3,4,7,3,0,0,3,0,0.11,0.15,0.26,0.11,0.26,Matches,c3cf087d
1771,Bojan Miovski,mk MKD,FW,Girona,es La Liga,26,1999,1,1,44,0.5,0,0,0,0,0,0,0,0,0.00,0.00,0.00,0.00,0.00,Matches,72e442c5
1772,Rafa Mir,es ESP,FWMF,Elche,es La Liga,28,1997,27,21,1803,20.0,8,0,8,7,1,2,4,0,0.40,0.00,0.40,0.35,0.35,Matches,bbf5c11b
1773,Juan Miranda,es ESP,DF,Bologna,it Serie A,25,2000,32,29,2573,28.6,1,3,4,1,0,0,6,0,0.03,0.10,0.14,0.03,0.14,Matches,ead61f73
1774,Fabio Miretti,it ITA,MF,Juventus,it Serie A,21,2003,23,5,617,6.9,1,2,3,1,0,0,1,0,0.15,0.29,0.44,0.15,0.44,Matches,34693494
1775,Tyrick Mitchell,eng ENG,MF,Crystal Palace,eng Premier League,25,1999,38,36,3251,36.1,1,2,3,1,0,0,6,0,0.03,0.06,0.08,0.03,0.08,Matches,5cbd1eb0
1776,Kaoru Mitoma,jp JPN,MFFW,Brighton,eng Premier League,28,1997,25,19,1721,19.1,3,1,4,3,0,0,5,0,0.16,0.05,0.21,0.16,0.21,Matches,74618572
1777,Maximilian Mittelstädt,de GER,DFMF,Stuttgart,de Bundesliga,28,1997,32,24,2186,24.3,6,4,10,2,4,4,4,0,0.25,0.16,0.41,0.08,0.25,Matches,88d4144a
1778,Henrikh Mkhitaryan,am ARM,MF,Inter,it Serie A,36,1989,30,16,1560,17.3,4,1,5,4,0,0,5,0,0.23,0.06,0.29,0.23,0.29,Matches,dd0daf32
1779,Branimir Mlacic,hr CRO,DF,Udinese,it Serie A,18,2007,7,2,166,1.8,0,0,0,0,0,0,2,0,0.00,0.00,0.00,0.00,0.00,Matches,170cadab
1780,Tadjidine Mmadi,fr FRA,FW,Marseille,fr Ligue 1,18,2007,3,0,45,0.5,0,0,0,0,0,0,0,0,0.00,0.00,0.00,0.00,0.00,Matches,61666aa6
1781,Rui Modesto,ao ANG,MF,Udinese,it Serie A,25,1999,3,0,119,1.3,0,1,1,0,0,0,0,0,0.00,0.76,0.76,0.00,0.76,Matches,4f9c2d8c
1782,Luka Modrić,hr CRO,MF,Milan,it Serie A,39,1985,34,32,2811,31.2,2,3,5,2,0,0,4,0,0.06,0.10,0.16,0.06,0.16,Matches,6025fab1
1783,Max Moerstedt,de GER,FW,Hoffenheim,de Bundesliga,19,2006,22,1,420,4.7,2,0,2,2,0,0,2,0,0.43,0.00,0.43,0.43,0.43,Matches,710045fb
1784,Terem Moffi,ng NGA,FW,Nice,fr Ligue 1,26,1999,10,6,488,5.4,2,0,2,2,0,0,0,0,0.37,0.00,0.37,0.37,0.37,Matches,065dc209
1785,Mostafa Mohamed,eg EGY,FW,Nantes,fr Ligue 1,27,1997,24,13,1152,12.8,4,0,4,4,0,0,1,0,0.31,0.00,0.31,0.31,0.31,Matches,595e6f3e
1786,Wael Mohya,de GER,MFFW,Gladbach,de Bundesliga,16,2008,15,6,552,6.1,2,1,3,2,0,0,1,0,0.33,0.16,0.49,0.33,0.49,Matches,c9c9fcda
1787,Johan Mojica,co COL,DF,Mallorca,es La Liga,32,1992,35,30,2724,30.3,0,4,4,0,0,0,6,1,0.00,0.13,0.13,0.00,0.13,Matches,608f2092
1788,Horaţiu Moldovan,ro ROU,GK,Oviedo,es La Liga,27,1998,2,2,180,2.0,0,0,0,0,0,0,0,0,0.00,0.00,0.00,0.00,0.00,Matches,771ded26
1789,Enzo Molebe,fr FRA,FW,Lyon,fr Ligue 1,17,2007,1,0,10,0.1,0,0,0,0,0,0,0,0,0.00,0.00,0.00,0.00,0.00,Matches,a452d263
1790,Alberto Moleiro,es ESP,MF,Villarreal,es La Liga,21,2003,37,30,2478,27.5,10,5,15,10,0,0,4,0,0.36,0.18,0.54,0.36,0.54,Matches,c2c8897d
1791,Nahuel Molina,ar ARG,DFMF,Atlético Madrid,es La Liga,27,1998,26,13,1331,14.8,2,2,4,2,0,0,4,0,0.14,0.14,0.27,0.14,0.27,Matches,23610943
1792,Jon Moncayola,es ESP,MF,Osasuna,es La Liga,27,1998,36,35,3016,33.5,0,4,4,0,0,0,9,0,0.00,0.12,0.12,0.00,0.12,Matches,9939e168
1793,Jano Monserrate,es ESP,MF,Atlético Madrid,es La Liga,19,2006,2,0,23,0.3,0,0,0,0,0,0,0,0,0.00,0.00,0.00,0.00,0.00,Matches,4d4b15c2
1794,Jorge Montes,es ESP,DF,Getafe,es La Liga,21,2004,1,0,27,0.3,0,0,0,0,0,0,0,0,0.00,0.00,0.00,0.00,0.00,Matches,7ae695cc
1795,Lorenzo Montipò,it ITA,GK,Hellas Verona,it Serie A,29,1996,35,35,3150,35.0,0,1,1,0,0,0,0,0,0.00,0.03,0.03,0.00,0.03,Matches,c1d95617
1796,Álvaro Morata,es ESP,FW,Como,it Serie A,32,1992,26,9,930,10.3,0,1,1,0,0,1,4,1,0.00,0.10,0.10,0.00,0.10,Matches,129af0db
1797,Morato,br BRA,DF,Nottingham,eng Premier League,24,2001,21,14,1345,14.9,1,0,1,1,0,0,5,0,0.07,0.00,0.07,0.07,0.07,Matches,0f41e2ee
1798,Diego Morcillo,es ESP,FW,Alavés,es La Liga,22,2003,1,0,10,0.1,0,0,0,0,0,0,0,0,0.00,0.00,0.00,0.00,0.00,Matches,e44be5b9
1799,Javi Morcillo,es ESP,MF,Atlético Madrid,es La Liga,19,2006,5,1,172,1.9,0,0,0,0,0,0,2,0,0.00,0.00,0.00,0.00,0.00,Matches,34611416
1800,Afonso Moreira,pt POR,MFFW,Lyon,fr Ligue 1,20,2005,27,18,1722,19.1,4,7,11,4,0,0,3,0,0.21,0.37,0.57,0.21,0.57,Matches,7f3f5aa6
1801,Diego Moreira,be BEL,MF,Strasbourg,fr Ligue 1,20,2004,27,23,2034,22.6,4,6,10,4,0,0,4,0,0.18,0.27,0.44,0.18,0.44,Matches,12de1b0d
1802,Alberto Moreno,es ESP,DF,Como,it Serie A,33,1992,19,13,1233,13.7,2,1,3,2,0,0,4,0,0.15,0.07,0.22,0.15,0.22,Matches,11b9265b
1803,Álex Moreno,es ESP,DF,Girona,es La Liga,32,1993,31,28,2559,28.4,0,3,3,0,0,0,5,0,0.00,0.11,0.11,0.00,0.11,Matches,16e9d0ea
1804,Fabio Moreno Fell,de GER,FW,Mainz 05,de Bundesliga,25,2000,2,1,77,0.9,0,0,0,0,0,0,0,0,0.00,0.00,0.00,0.00,0.00,Matches,95150cd8
1805,Gerard Moreno,es ESP,FW,Villarreal,es La Liga,33,1992,22,16,1343,14.9,10,0,10,7,3,3,0,0,0.67,0.00,0.67,0.47,0.47,Matches,81f0781e
1806,Matias Moreno,ar ARG,DF,Levante,es La Liga,21,2003,28,27,2252,25.0,0,0,0,0,0,0,8,0,0.00,0.00,0.00,0.00,0.00,Matches,4637e608
1807,Tete Morente,es ESP,MF,Elche,es La Liga,28,1996,13,11,929,10.3,1,1,2,1,0,0,1,0,0.10,0.10,0.19,0.10,0.19,Matches,004d185e
1808,Tete Morente,es ESP,FWMF,Lecce,it Serie A,28,1996,16,9,859,9.5,0,0,0,0,0,0,2,0,0.00,0.00,0.00,0.00,0.00,Matches,004d185e
1809,Stefano Moreo,it ITA,FWMF,Pisa,it Serie A,32,1993,37,29,2307,25.6,7,1,8,5,2,2,2,0,0.27,0.04,0.31,0.20,0.23,Matches,7c52943c
1810,Mateu Morey,es ESP,DFMF,Mallorca,es La Liga,25,2000,18,9,704,7.8,1,0,1,1,0,0,2,0,0.13,0.00,0.13,0.13,0.13,Matches,5fd5e542
1811,Ilaix Moriba,gn GUI,MF,Celta Vigo,es La Liga,22,2003,36,26,2495,27.7,2,3,5,2,0,0,8,0,0.07,0.11,0.18,0.07,0.18,Matches,f4c69aa6
1812,Manu Morlanes,es ESP,MF,Mallorca,es La Liga,26,1999,32,22,1765,19.6,3,0,3,3,0,0,5,1,0.15,0.00,0.15,0.15,0.15,Matches,a0255c67
1813,Luca Moro,it ITA,FW,Sassuolo,it Serie A,24,2001,14,1,211,2.3,0,0,0,0,0,0,1,0,0.00,0.00,0.00,0.00,0.00,Matches,96281a90
1814,Nikola Moro,hr CRO,MF,Bologna,it Serie A,27,1998,30,19,1799,20.0,2,0,2,2,0,0,1,0,0.10,0.00,0.10,0.10,0.10,Matches,ff579c7e
1815,Raúl Moro,es ESP,MF,Osasuna,es La Liga,22,2002,14,7,625,6.9,0,2,2,0,0,0,0,0,0.00,0.29,0.29,0.00,0.29,Matches,919dd4b1
1816,Tyler Morton,eng ENG,MF,Lyon,fr Ligue 1,22,2002,29,29,2517,28.0,2,2,4,2,0,0,6,1,0.07,0.07,0.14,0.07,0.14,Matches,2bc28bb9
1817,Mattia Mosconi,it ITA,FW,Inter,it Serie A,18,2007,2,0,27,0.3,0,0,0,0,0,0,0,0,0.00,0.00,0.00,0.00,0.00,Matches,509f2e6f
1818,Daren Mosengo,fr FRA,MF,Le Havre,fr Ligue 1,18,2006,7,0,108,1.2,0,0,0,0,0,0,0,0,0.00,0.00,0.00,0.00,0.00,Matches,88da7192
1819,Cristhian Mosquera,es ESP,DF,Arsenal,eng Premier League,21,2004,20,9,994,11.0,0,0,0,0,0,0,4,0,0.00,0.00,0.00,0.00,0.00,Matches,dc1ce4f5
1820,Daniel Mosquera,co COL,FW,Hellas Verona,it Serie A,25,1999,22,5,597,6.6,0,2,2,0,0,0,1,0,0.00,0.30,0.30,0.00,0.30,Matches,091b9eb8
1821,Yerson Mosquera,co COL,DF,Wolves,eng Premier League,24,2001,27,24,2136,23.7,0,0,0,0,0,0,12,0,0.00,0.00,0.00,0.00,0.00,Matches,1e159d70
1822,Edoardo Motta,it ITA,GK,Lazio,it Serie A,20,2005,9,9,810,9.0,0,0,0,0,0,0,1,0,0.00,0.00,0.00,0.00,0.00,Matches,35dfd6b5
1823,Pierre Mounguengue,fr FRA,FW,PSG,fr Ligue 1,17,2008,1,0,16,0.2,0,0,0,0,0,0,0,0,0.00,0.00,0.00,0.00,0.00,Matches,d1aa6670
1824,Mason Mount,eng ENG,MF,Manchester Utd,eng Premier League,26,1999,23,12,1017,11.3,3,0,3,3,0,0,2,0,0.27,0.00,0.27,0.27,0.27,Matches,9674002f
1825,Samir El Mourabet,ma MAR,MF,Strasbourg,fr Ligue 1,19,2005,33,25,2128,23.6,1,2,3,1,0,0,4,0,0.04,0.08,0.13,0.04,0.13,Matches,1a03d055
1826,Santiago Mouriño,uy URU,DF,Villarreal,es La Liga,23,2002,28,27,2377,26.4,1,2,3,1,0,0,11,1,0.04,0.08,0.11,0.04,0.11,Matches,91ee5785
1827,Louis Mouton,fr FRA,MF,Angers,fr Ligue 1,23,2002,32,24,1891,21.0,2,1,3,2,0,0,2,1,0.10,0.05,0.14,0.10,0.14,Matches,c37823fe
1828,Lionel Mpasi,cd COD,GK,Le Havre,fr Ligue 1,30,1994,4,3,315,3.5,0,0,0,0,0,0,1,0,0.00,0.00,0.00,0.00,0.00,Matches,5c6b0637
1829,Tarik Muharemovic,ba BIH,DF,Sassuolo,it Serie A,22,2003,32,32,2835,31.5,2,2,4,2,0,0,7,0,0.06,0.06,0.13,0.06,0.13,Matches,426dda23
1830,Miro Muheim,ch SUI,MFDF,Hamburger SV,de Bundesliga,27,1998,29,27,2435,27.1,0,4,4,0,0,0,7,1,0.00,0.15,0.15,0.00,0.15,Matches,844c6a91
1831,Divine Mukasa,eng ENG,MF,Manchester City,eng Premier League,17,2007,2,0,27,0.3,0,0,0,0,0,0,0,0,0.00,0.00,0.00,0.00,0.00,Matches,ce7ae86a
1832,Ngal'Ayel Mukau,cd COD,MF,Lille,fr Ligue 1,20,2004,30,19,1534,17.0,1,0,1,1,0,0,3,0,0.06,0.00,0.06,0.06,0.06,Matches,bb461b8a
1833,Nordan Mukiele,fr FRA,MF,Rennes,fr Ligue 1,19,2006,8,0,96,1.1,1,0,1,1,0,0,0,0,0.94,0.00,0.94,0.94,0.94,Matches,97a1c50a
1834,Nordi Mukiele,fr FRA,DF,Sunderland,eng Premier League,27,1997,32,32,2784,30.9,3,3,6,3,0,0,5,0,0.10,0.10,0.19,0.10,0.19,Matches,ac73ec79
1835,Abdul Mumin,gh GHA,DF,Rayo Vallecano,es La Liga,27,1998,3,1,79,0.9,0,0,0,0,0,0,0,0,0.00,0.00,0.00,0.00,0.00,Matches,5487adcd
1836,Romaine Mundle,eng ENG,MF,Sunderland,eng Premier League,22,2003,14,2,411,4.6,0,0,0,0,0,0,1,0,0.00,0.00,0.00,0.00,0.00,Matches,597610cd
1837,Marshall Munetsi,zw ZIM,MF,Paris FC,fr Ligue 1,29,1996,15,11,975,10.8,4,1,5,4,0,0,0,0,0.37,0.09,0.46,0.37,0.46,Matches,2acf0cd7
1838,Marshall Munetsi,zw ZIM,MFFW,Wolves,eng Premier League,29,1996,13,9,875,9.7,1,1,2,1,0,0,2,0,0.10,0.10,0.21,0.10,0.21,Matches,2acf0cd7
1839,Rodrigo Muniz,br BRA,FW,Fulham,eng Premier League,24,2001,21,10,1000,11.1,1,1,2,1,0,0,2,0,0.09,0.09,0.18,0.09,0.18,Matches,a755db8c
1840,Believe Munongo,fr FRA,MF,Metz,fr Ligue 1,15,2009,11,5,431,4.8,0,0,0,0,0,0,1,0,0.00,0.00,0.00,0.00,0.00,Matches,3b3ce142
1841,Aihen Muñoz,es ESP,DF,Real Sociedad,es La Liga,27,1997,21,9,848,9.4,1,0,1,1,0,0,1,0,0.11,0.00,0.11,0.11,0.11,Matches,228b0d9d
1842,Daniel Muñoz,co COL,MF,Crystal Palace,eng Premier League,29,1996,29,29,2399,26.7,4,3,7,4,0,0,7,0,0.15,0.11,0.26,0.15,0.26,Matches,778ef829
1843,Iker Muñoz,es ESP,MF,Osasuna,es La Liga,22,2002,19,8,952,10.6,0,0,0,0,0,0,5,0,0.00,0.00,0.00,0.00,0.00,Matches,175ece4c
1844,Javier Muñoz,es ESP,MFFW,Getafe,es La Liga,30,1995,17,4,551,6.1,0,0,0,0,0,0,0,0,0.00,0.00,0.00,0.00,0.00,Matches,ec7c84c2
1845,Víctor Muñoz,es ESP,MFFW,Osasuna,es La Liga,22,2003,34,31,2656,29.5,6,2,8,6,0,0,3,0,0.20,0.07,0.27,0.20,0.27,Matches,f8b5680f
1846,Arijanet Muric,xk KVX,GK,Sassuolo,it Serie A,26,1998,32,32,2880,32.0,0,0,0,0,0,0,4,0,0.00,0.00,0.00,0.00,0.00,Matches,99aa1a84
1847,Murillo,br BRA,DF,Nottingham,eng Premier League,23,2002,25,25,2130,23.7,1,0,1,1,0,0,5,0,0.04,0.00,0.04,0.04,0.04,Matches,1704b0b8
1848,Vedat Muriqi,xk KVX,FW,Mallorca,es La Liga,31,1994,37,36,3128,34.8,23,1,24,18,5,7,4,1,0.66,0.03,0.69,0.52,0.55,Matches,0cadc46d
1849,Alex Murphy,ie IRL,DF,Newcastle,eng Premier League,21,2004,2,0,9,0.1,0,0,0,0,0,0,0,0,0.00,0.00,0.00,0.00,0.00,Matches,f1c42eb3
1850,Jacob Murphy,eng ENG,FWMF,Newcastle,eng Premier League,30,1995,33,19,1617,18.0,3,2,5,3,0,0,2,0,0.17,0.11,0.28,0.17,0.28,Matches,de112b84
1851,Salim Musah,de GER,FW,Werder Bremen,de Bundesliga,19,2006,8,2,198,2.2,1,0,1,1,0,0,0,0,0.45,0.00,0.45,0.45,0.45,Matches,9f44e3bb
1852,Yunus Musah,us USA,MF,Atalanta,it Serie A,22,2002,19,4,574,6.4,1,0,1,1,0,0,1,0,0.16,0.00,0.16,0.16,0.16,Matches,b51b1b9c
1853,Yunus Musah,us USA,MF,Milan,it Serie A,22,2002,1,1,90,1.0,0,0,0,0,0,0,0,0,0.00,0.00,0.00,0.00,0.00,Matches,b51b1b9c
1854,Jamal Musiala,de GER,MFFW,Bayern Munich,de Bundesliga,22,2003,15,7,683,7.6,3,4,7,2,1,1,1,0,0.40,0.53,0.92,0.26,0.79,Matches,2c0558b8
1855,Juan Musso,ar ARG,GK,Atlético Madrid,es La Liga,31,1994,8,8,720,8.0,0,0,0,0,0,0,2,0,0.00,0.00,0.00,0.00,0.00,Matches,a111cf41
1856,Cheveyo Muy,nl NED,FW,Milan,it Serie A,18,2006,2,0,5,0.1,0,0,0,0,0,0,0,0,0.00,0.00,0.00,0.00,0.00,Matches,92b6e30a
1857,Yvon Mvogo,ch SUI,GK,Lorient,fr Ligue 1,31,1994,31,31,2790,31.0,0,0,0,0,0,0,0,0,0.00,0.00,0.00,0.00,0.00,Matches,dc29b608
1858,Joel Mvuka,no NOR,MFDF,Lorient,fr Ligue 1,22,2002,15,5,560,6.2,0,0,0,0,0,0,0,0,0.00,0.00,0.00,0.00,0.00,Matches,cc704d9c
1859,Junior Mwanga,fr FRA,DFMF,Strasbourg,fr Ligue 1,22,2003,5,5,377,4.2,0,0,0,0,0,0,0,0,0.00,0.00,0.00,0.00,0.00,Matches,ee158be5
1860,Junior Mwanga,fr FRA,MF,Nantes,fr Ligue 1,22,2003,15,15,1260,14.0,1,1,2,1,0,0,2,1,0.07,0.07,0.14,0.07,0.14,Matches,ee158be5
1861,Phillipp Mwene,at AUT,MF,Mainz 05,de Bundesliga,31,1994,29,24,2069,23.0,1,2,3,1,0,0,4,0,0.04,0.09,0.13,0.04,0.13,Matches,2ff76adc
1862,Vitaliy Mykolenko,ua UKR,DF,Everton,eng Premier League,26,1999,33,33,2958,32.9,0,1,1,0,0,0,6,0,0.00,0.03,0.03,0.00,0.03,Matches,30d4a2e5
1863,Joakim Mæhle,dk DEN,MFDF,Wolfsburg,de Bundesliga,28,1997,16,14,1222,13.6,1,2,3,1,0,0,1,0,0.07,0.15,0.22,0.07,0.22,Matches,c459a650
1864,David Møller Wolfe,no NOR,MFDF,Wolves,eng Premier League,23,2002,22,11,1049,11.7,0,2,2,0,0,0,1,0,0.00,0.17,0.17,0.00,0.17,Matches,9affc5f2
1865,Obite N'Dicka,ci CIV,DF,Roma,it Serie A,25,1999,31,31,2680,29.8,3,0,3,3,0,0,5,0,0.10,0.00,0.10,0.10,0.10,Matches,441197b8
1866,Konan N'dri,ne NIG,MF,Lecce,it Serie A,24,2000,27,1,544,6.0,2,0,2,2,0,0,3,0,0.33,0.00,0.33,0.33,0.33,Matches,17329380
1867,Stanley N'Soki,fr FRA,DFMF,Union Berlin,de Bundesliga,26,1999,13,10,816,9.1,1,2,3,1,0,0,2,0,0.11,0.22,0.33,0.11,0.33,Matches,61590953
1868,Bilal Nadir,ma MAR,MF,Marseille,fr Ligue 1,21,2003,20,5,598,6.6,0,4,4,0,0,0,6,1,0.00,0.60,0.60,0.00,0.60,Matches,226673c2
1869,Mahamadou Nagida,cm CMR,DF,Rennes,fr Ligue 1,20,2005,19,7,805,8.9,0,0,0,0,0,0,2,0,0.00,0.00,0.00,0.00,0.00,Matches,8bfbf257
1870,Younes Namli,dk DEN,FWMF,Le Havre,fr Ligue 1,31,1994,12,3,327,3.6,0,1,1,0,0,0,2,0,0.00,0.28,0.28,0.00,0.28,Matches,1a672e2d
1871,Sebastian Nanasi,se SWE,MF,Strasbourg,fr Ligue 1,23,2002,19,11,1050,11.7,7,2,9,7,0,0,0,0,0.60,0.17,0.77,0.60,0.77,Matches,ce747d2a
1872,Shafiq Nandja,de GER,DF,Hamburger SV,de Bundesliga,18,2007,2,0,15,0.2,0,0,0,0,0,0,0,0,0.00,0.00,0.00,0.00,0.00,Matches,751b38d2
1873,Nikolas Nartey,dk DEN,MF,Stuttgart,de Bundesliga,25,2000,28,14,1256,14.0,4,3,7,4,0,0,2,0,0.29,0.21,0.50,0.29,0.50,Matches,30261ba1
1874,Noah Nartey,dk DEN,MFFW,Lyon,fr Ligue 1,19,2005,11,5,545,6.1,2,0,2,2,0,0,0,0,0.33,0.00,0.33,0.33,0.33,Matches,4c90fabc
1875,Natan,br BRA,DF,Real Betis,es La Liga,24,2001,33,32,2807,31.2,0,0,0,0,0,0,8,0,0.00,0.00,0.00,0.00,0.00,Matches,94bccc82
1876,Pau Navarro,es ESP,DF,Villarreal,es La Liga,20,2005,23,23,1921,21.3,0,0,0,0,0,0,4,0,0.00,0.00,0.00,0.00,0.00,Matches,3171351c
1877,Roberto Navarro,es ESP,MF,Athletic Club,es La Liga,23,2002,32,10,1307,14.5,6,1,7,6,0,0,1,0,0.41,0.07,0.48,0.41,0.48,Matches,c997b942
1878,Corrie Ndaba,ie IRL,DF,Lecce,it Serie A,25,1999,14,6,543,6.0,0,0,0,0,0,0,0,0,0.00,0.00,0.00,0.00,0.00,Matches,4db55657
1879,Michel Ndary Adopo,fr FRA,MF,Cagliari,it Serie A,25,2000,38,33,3050,33.9,1,2,3,1,0,0,4,0,0.03,0.06,0.09,0.03,0.09,Matches,599d91d0
1880,Youssouf Ndayishimiye,bi BDI,MF,Nice,fr Ligue 1,26,1998,2,1,72,0.8,0,0,0,0,0,0,0,1,0.00,0.00,0.00,0.00,0.00,Matches,65c55288
1881,Abdoulaye Ndiaye,sn SEN,DF,Parma,it Serie A,23,2002,11,9,780,8.7,0,0,0,0,0,0,5,1,0.00,0.00,0.00,0.00,0.00,Matches,b8cd2ae4
1882,Iliman Ndiaye,sn SEN,MF,Everton,eng Premier League,25,2000,32,32,2778,30.9,6,3,9,4,2,2,2,0,0.19,0.10,0.29,0.13,0.23,Matches,5ed97752
1883,Rassoul Ndiaye,sn SEN,MF,Le Havre,fr Ligue 1,23,2001,33,30,2566,28.5,4,4,8,4,0,0,2,0,0.14,0.14,0.28,0.14,0.28,Matches,36f65bdf
1884,Quentin Ndjantou,fr FRA,MF,PSG,fr Ligue 1,18,2007,10,3,360,4.0,1,1,2,1,0,0,1,0,0.25,0.25,0.50,0.25,0.50,Matches,57e30346
1885,Tanguy Ndombele,fr FRA,MF,Nice,fr Ligue 1,28,1996,8,3,275,3.1,0,1,1,0,0,0,0,0,0.00,0.33,0.33,0.00,0.33,Matches,5cdddffa
1886,Cher Ndour,it ITA,MF,Fiorentina,it Serie A,21,2004,33,20,1876,20.8,3,0,3,3,0,0,2,0,0.14,0.00,0.14,0.14,0.14,Matches,3b88609d
1887,Dan Ndoye,ch SUI,MF,Nottingham,eng Premier League,24,2000,24,14,1173,13.0,1,1,2,1,0,0,1,0,0.08,0.08,0.15,0.08,0.15,Matches,8e697a8f
1888,Joseph Nduquidi,fr FRA,MF,Metz,fr Ligue 1,20,2004,1,0,7,0.1,0,0,0,0,0,0,0,0,0.00,0.00,0.00,0.00,0.00,Matches,f365b837
1889,Sean Neave,eng ENG,FW,Newcastle,eng Premier League,18,2007,1,0,14,0.2,0,0,0,0,0,0,0,0,0.00,0.00,0.00,0.00,0.00,Matches,ff392864
1890,Paul Nebel,de GER,MF,Mainz 05,de Bundesliga,22,2002,30,24,2073,23.0,5,2,7,5,0,0,2,2,0.22,0.09,0.30,0.22,0.30,Matches,1b6d8083
1891,Kosta Nedeljković,rs SRB,DF,RB Leipzig,de Bundesliga,19,2005,5,3,251,2.8,0,0,0,0,0,0,0,0,0.00,0.00,0.00,0.00,0.00,Matches,c70be9cf
1892,Loïc Nego,hu HUN,DFMF,Le Havre,fr Ligue 1,34,1991,30,26,2339,26.0,0,0,0,0,0,0,3,0,0.00,0.00,0.00,0.00,0.00,Matches,c3b6fa1e
1893,Dan Neil,eng ENG,MF,Sunderland,eng Premier League,23,2001,3,0,14,0.2,0,0,0,0,0,0,0,0,0.00,0.00,0.00,0.00,0.00,Matches,a47ad0f5
1894,Reiss Nelson,eng ENG,FWMF,Brentford,eng Premier League,25,1999,10,0,126,1.4,0,1,1,0,0,0,0,0,0.00,0.71,0.71,0.00,0.71,Matches,c5bdb6e3
1895,Victor Nelsson,dk DEN,DF,Hellas Verona,it Serie A,26,1998,38,37,3315,36.8,0,0,0,0,0,0,4,0,0.00,0.00,0.00,0.00,0.00,Matches,e53b5534
1896,David Neres,br BRA,FWMF,Napoli,it Serie A,28,1997,16,10,922,10.2,3,3,6,3,0,0,3,0,0.29,0.29,0.59,0.29,0.59,Matches,4f1e6a0b
1897,Martim Neto,pt POR,MF,Elche,es La Liga,22,2003,25,15,1347,15.0,2,5,7,2,0,0,3,0,0.13,0.33,0.47,0.13,0.47,Matches,f98c4f0a
1898,Pedro Neto,pt POR,MFFW,Chelsea,eng Premier League,25,2000,34,30,2631,29.2,5,6,11,5,0,0,4,1,0.17,0.21,0.38,0.17,0.38,Matches,7ba2eaa9
1899,Luca Netz,de GER,MFDF,Gladbach,de Bundesliga,22,2003,15,10,940,10.4,0,2,2,0,0,0,1,0,0.00,0.19,0.19,0.00,0.19,Matches,e79269bd
1900,Luca Netz,de GER,DFMF,Nottingham,eng Premier League,22,2003,7,3,357,4.0,0,0,0,0,0,0,0,0,0.00,0.00,0.00,0.00,0.00,Matches,e79269bd
1901,Manuel Neuer,de GER,GK,Bayern Munich,de Bundesliga,39,1986,22,22,1859,20.7,0,0,0,0,0,0,0,0,0.00,0.00,0.00,0.00,0.00,Matches,8778c910
1902,Florian Neuhaus,de GER,MFFW,Gladbach,de Bundesliga,28,1997,17,11,930,10.3,0,1,1,0,0,0,0,0,0.00,0.10,0.10,0.00,0.10,Matches,36a59ba4
1903,Cenny Neumann,de GER,DF,Köln,de Bundesliga,18,2007,2,1,74,0.8,0,0,0,0,0,0,0,0,0.00,0.00,0.00,0.00,0.00,Matches,761a4d75
1904,João Neves,pt POR,MF,PSG,fr Ligue 1,20,2004,21,13,1287,14.3,5,1,6,5,0,0,0,0,0.35,0.07,0.42,0.35,0.42,Matches,c2a15a27
1905,Yvan Neyou,cm CMR,MF,Getafe,es La Liga,28,1997,5,0,67,0.7,0,0,0,0,0,0,2,0,0.00,0.00,0.00,0.00,0.00,Matches,0ad37003
1906,Jessic Ngankam,de GER,FW,Frankfurt,de Bundesliga,25,2000,3,0,62,0.7,0,0,0,0,0,0,0,0,0.00,0.00,0.00,0.00,0.00,Matches,bc249af8
1907,Oumar Ngom,mr MTN,MF,Lecce,it Serie A,21,2004,15,10,842,9.4,0,0,0,0,0,0,1,0,0.00,0.00,0.00,0.00,0.00,Matches,2fd5aca2
1908,Cyril Ngonge,be BEL,FW,Torino,it Serie A,25,2000,20,11,994,11.0,1,1,2,1,0,0,2,0,0.09,0.09,0.18,0.09,0.18,Matches,2b8360f1
1909,Cyril Ngonge,be BEL,MF,Espanyol,es La Liga,25,2000,9,6,424,4.7,0,2,2,0,0,0,4,0,0.00,0.42,0.42,0.00,0.42,Matches,2b8360f1
1910,Mikayil Ngor Faye,sn SEN,MFDF,Cremonese,it Serie A,21,2004,8,2,254,2.8,0,0,0,0,0,0,1,0,0.00,0.00,0.00,0.00,0.00,Matches,b37ae816
1911,Mikayil Ngor Faye,sn SEN,MF,Rennes,fr Ligue 1,21,2004,1,0,8,0.1,0,0,0,0,0,0,0,0,0.00,0.00,0.00,0.00,0.00,Matches,b37ae816
1912,Nathan Ngoy,be BEL,DF,Lille,fr Ligue 1,22,2003,29,27,2405,26.7,1,2,3,1,0,0,10,1,0.04,0.07,0.11,0.04,0.11,Matches,eb7abf2e
1913,Bernard Nguene,cm CMR,FW,Nice,fr Ligue 1,18,2006,6,0,138,1.5,0,0,0,0,0,0,1,0,0.00,0.00,0.00,0.00,0.00,Matches,95915bb5
1914,Rio Ngumoha,eng ENG,MF,Liverpool,eng Premier League,16,2008,19,5,560,6.2,2,1,3,2,0,0,0,0,0.32,0.16,0.48,0.32,0.48,Matches,022eca88
1915,Moussa Niakhaté,sn SEN,DF,Lyon,fr Ligue 1,29,1996,32,30,2759,30.7,0,2,2,0,0,0,3,0,0.00,0.07,0.07,0.00,0.07,Matches,00242715
1916,Youssoupha Niang,de GER,MF,Köln,de Bundesliga,19,2006,10,2,194,2.2,0,0,0,0,0,0,0,0,0.00,0.00,0.00,0.00,0.00,Matches,d797035d
1917,Tanguy Nianzou,fr FRA,DF,Sevilla,es La Liga,23,2002,12,8,655,7.3,0,0,0,0,0,0,5,1,0.00,0.00,0.00,0.00,0.00,Matches,5853ac44
1918,Cheikh Niasse,sn SEN,MF,Hellas Verona,it Serie A,25,2000,19,11,970,10.8,0,1,1,0,0,0,1,0,0.00,0.09,0.09,0.00,0.09,Matches,ff20acfe
1919,Samuel Nibombé,be BEL,DF,Monaco,fr Ligue 1,17,2007,1,0,1,0.0,0,0,0,0,0,0,0,0,0.00,0.00,0.00,0.00,0.00,Matches,d4a5642b
1920,Rasmus Nicolaisen,dk DEN,DF,Toulouse,fr Ligue 1,28,1997,32,30,2564,28.5,1,0,1,1,0,0,4,0,0.04,0.00,0.04,0.04,0.04,Matches,3f319bb9
1921,Moritz Nicolas,de GER,GK,Gladbach,de Bundesliga,27,1997,34,34,3060,34.0,0,0,0,0,0,0,1,0,0.00,0.00,0.00,0.00,0.00,Matches,226ddf9d
1922,Hans Nicolussi Caviglia,it ITA,MF,Fiorentina,it Serie A,25,2000,11,7,585,6.5,0,1,1,0,0,0,4,0,0.00,0.15,0.15,0.00,0.15,Matches,b136c945
1923,Hans Nicolussi Caviglia,it ITA,MF,Parma,it Serie A,25,2000,15,10,869,9.7,0,3,3,0,0,0,0,0,0.00,0.31,0.31,0.00,0.31,Matches,b136c945
1924,Julian Niehues,de GER,MF,Heidenheim,de Bundesliga,24,2001,24,17,1383,15.4,3,0,3,3,0,0,1,0,0.20,0.00,0.20,0.20,0.20,Matches,5bc27912
1925,Oliver Nielsen,dk DEN,DF,Lazio,it Serie A,22,2003,26,13,1536,17.1,0,0,0,0,0,0,3,0,0.00,0.00,0.00,0.00,0.00,Matches,e97adead
1926,Alieu Njie,se SWE,MFFW,Torino,it Serie A,20,2005,15,2,299,3.3,1,1,2,1,0,0,2,0,0.30,0.30,0.60,0.30,0.60,Matches,15918c9c
1927,Justin Njinmah,de GER,FWMF,Werder Bremen,de Bundesliga,24,2000,33,22,1947,21.6,5,0,5,5,0,0,2,0,0.23,0.00,0.23,0.23,0.23,Matches,a45241d5
1928,Obed Nkambadio,fr FRA,GK,Paris FC,fr Ligue 1,22,2003,12,12,1080,12.0,0,0,0,0,0,0,0,0,0.00,0.00,0.00,0.00,0.00,Matches,c15e8d9e
1929,Eddie Nketiah,eng ENG,MF,Crystal Palace,eng Premier League,26,1999,12,2,424,4.7,2,0,2,2,0,0,2,0,0.42,0.00,0.42,0.42,0.42,Matches,a53649b7
1930,Niels Nkounkou,fr FRA,MFDF,Torino,it Serie A,24,2000,11,3,355,3.9,0,1,1,0,0,0,3,0,0.00,0.25,0.25,0.00,0.25,Matches,f5b281e7
1931,Christopher Nkunku,fr FRA,FW,Milan,it Serie A,27,1997,32,15,1356,15.1,7,3,10,2,5,5,0,0,0.46,0.20,0.66,0.13,0.33,Matches,7c56da38
1932,Felix Nmecha,de GER,MF,Dortmund,de Bundesliga,24,2000,29,25,2176,24.2,2,3,5,2,0,1,0,0,0.08,0.12,0.21,0.08,0.21,Matches,091c86e2
1933,Lukas Nmecha,de GER,FW,Leeds United,eng Premier League,26,1998,31,10,1083,12.0,6,1,7,4,2,3,0,0,0.50,0.08,0.58,0.33,0.42,Matches,0cc5f4a5
1934,Tochukwu Nnadi,ng NGA,MFDF,Marseille,fr Ligue 1,22,2003,8,4,351,3.9,0,1,1,0,0,0,1,0,0.00,0.26,0.26,0.00,0.26,Matches,23c7594c
1935,Martin Nogoto Bley,bf BFA,MF,Lorient,fr Ligue 1,19,2006,1,0,1,0.0,0,0,0,0,0,0,0,0,0.00,0.00,0.00,0.00,0.00,Matches,a8677b8c
1936,Arnaud Nordin,fr FRA,MFFW,Mainz 05,de Bundesliga,27,1998,13,5,469,5.2,0,0,0,0,0,0,0,0,0.00,0.00,0.00,0.00,0.00,Matches,7b9a9e25
1937,Arnaud Nordin,fr FRA,FWMF,Rennes,fr Ligue 1,27,1998,10,7,570,6.3,1,2,3,1,0,0,1,0,0.16,0.32,0.47,0.16,0.47,Matches,7b9a9e25
1938,Brooke Norton-Cuffy,eng ENG,MFDF,Genoa,it Serie A,21,2004,27,25,2212,24.6,2,1,3,2,0,0,5,1,0.08,0.04,0.12,0.08,0.12,Matches,54f5b2bd
1939,Tijjani Noslin,nl NED,FW,Lazio,it Serie A,26,1999,29,9,1148,12.8,4,2,6,4,0,0,6,1,0.31,0.16,0.47,0.31,0.47,Matches,2f067cf2
1940,Tyrese Noubissié,fr FRA,MF,Strasbourg,fr Ligue 1,16,2009,4,0,58,0.6,0,0,0,0,0,0,1,0,0.00,0.00,0.00,0.00,0.00,Matches,513118e2
1941,Noah Nsoki,fr FRA,MF,PSG,fr Ligue 1,18,2007,1,0,8,0.1,0,0,0,0,0,0,0,0,0.00,0.00,0.00,0.00,0.00,Matches,3ec5920e
1942,Randy Nteka,ao ANG,FW,Rayo Vallecano,es La Liga,27,1997,13,3,374,4.2,3,0,3,3,0,1,3,0,0.72,0.00,0.72,0.72,0.72,Matches,a6103274
1943,Ernest Nuamah,gh GHA,FWMF,Lyon,fr Ligue 1,21,2003,3,0,35,0.4,0,0,0,0,0,0,0,0,0.00,0.00,0.00,0.00,0.00,Matches,234a703c
1944,Alexander Nübel,de GER,GK,Stuttgart,de Bundesliga,28,1996,34,34,3060,34.0,0,1,1,0,0,0,0,0,0.00,0.03,0.03,0.00,0.03,Matches,afb0c500
1945,Matheus Nunes,pt POR,DF,Manchester City,eng Premier League,26,1998,34,32,2862,31.8,1,5,6,1,0,0,5,0,0.03,0.16,0.19,0.03,0.19,Matches,e6af02e0
1946,Álvaro Núñez,es ESP,DFMF,Elche,es La Liga,25,2000,19,19,1647,18.3,0,2,2,0,0,0,2,0,0.00,0.11,0.11,0.00,0.11,Matches,b7b6ff9b
1947,Álvaro Núñez,es ESP,DFMF,Celta Vigo,es La Liga,25,2000,6,5,328,3.6,0,0,0,0,0,0,0,0,0.00,0.00,0.00,0.00,0.00,Matches,b7b6ff9b
1948,Unai Núñez,es ESP,DF,Hellas Verona,it Serie A,28,1997,17,15,1265,14.1,0,0,0,0,0,0,6,0,0.00,0.00,0.00,0.00,0.00,Matches,be170419
1949,Unai Núñez,es ESP,DF,Valencia,es La Liga,28,1997,13,10,911,10.1,0,0,0,0,0,0,3,0,0.00,0.00,0.00,0.00,0.00,Matches,be170419
1950,Joi Nuredini,al ALB,FW,Genoa,it Serie A,17,2007,1,0,2,0.0,0,0,0,0,0,0,0,0,0.00,0.00,0.00,0.00,0.00,Matches,9c6efdc0
1951,Antonio Nusa,no NOR,FWMF,RB Leipzig,de Bundesliga,20,2005,31,24,2027,22.5,4,3,7,4,0,0,0,0,0.18,0.13,0.31,0.18,0.31,Matches,4ab12002
1952,Ethan Nwaneri,eng ENG,MF,Arsenal,eng Premier League,18,2007,6,0,171,1.9,0,0,0,0,0,0,0,0,0.00,0.00,0.00,0.00,0.00,Matches,7f94982c
1953,Ethan Nwaneri,eng ENG,MF,Marseille,fr Ligue 1,18,2007,9,3,324,3.6,2,1,3,2,0,0,1,0,0.56,0.28,0.83,0.56,0.83,Matches,7f94982c
1954,Ørjan Nyland,no NOR,GK,Sevilla,es La Liga,34,1990,5,5,450,5.0,0,0,0,0,0,0,1,0,0.00,0.00,0.00,0.00,0.00,Matches,bdedffac
1955,Allan Nyom,cm CMR,DF,Getafe,es La Liga,37,1988,15,7,523,5.8,0,1,1,0,0,0,6,1,0.00,0.17,0.17,0.00,0.17,Matches,97572117
1956,Trey Nyoni,eng ENG,MF,Liverpool,eng Premier League,18,2007,6,0,24,0.3,0,0,0,0,0,0,0,0,0.00,0.00,0.00,0.00,0.00,Matches,1d3b3d77
1957,Rabby Nzingoula,fr FRA,MF,Strasbourg,fr Ligue 1,19,2005,4,0,51,0.6,0,0,0,0,0,0,0,1,0.00,0.00,0.00,0.00,0.00,Matches,627c7a3d
1958,M'Bala Nzola,ao ANG,FW,Pisa,it Serie A,28,1996,16,11,1052,11.7,3,0,3,1,2,3,1,1,0.26,0.00,0.26,0.09,0.09,Matches,a4948e67
1959,M'Bala Nzola,ao ANG,FW,Sassuolo,it Serie A,28,1996,14,4,473,5.3,1,1,2,1,0,0,1,0,0.19,0.19,0.38,0.19,0.38,Matches,a4948e67
1960,Christian Nørgaard,dk DEN,MF,Arsenal,eng Premier League,31,1994,7,1,106,1.2,0,0,0,0,0,0,0,0,0.00,0.00,0.00,0.00,0.00,Matches,df0a4c90
1961,Jake O'Brien,ie IRL,DF,Everton,eng Premier League,24,2001,37,35,3120,34.7,1,1,2,1,0,0,6,1,0.03,0.03,0.06,0.03,0.06,Matches,25f2ef01
1962,Luke O'Nien,eng ENG,DF,Sunderland,eng Premier League,30,1994,12,5,569,6.3,0,1,1,0,0,0,1,1,0.00,0.16,0.16,0.00,0.16,Matches,8092d497
1963,Nico O'Reilly,eng ENG,DFMF,Manchester City,eng Premier League,20,2005,34,29,2646,29.4,5,3,8,5,0,0,5,0,0.17,0.10,0.27,0.17,0.27,Matches,91ca4a16
1964,Matt O'Riley,dk DEN,MF,Marseille,fr Ligue 1,24,2000,15,6,741,8.2,1,2,3,1,0,0,2,0,0.12,0.24,0.36,0.12,0.36,Matches,fb495bb8
1965,Matt O'Riley,dk DEN,MF,Brighton,eng Premier League,24,2000,6,2,204,2.3,1,0,1,0,1,1,0,0,0.44,0.00,0.44,0.00,0.00,Matches,fb495bb8
1966,Adam Obert,sk SVK,DFMF,Cagliari,it Serie A,22,2002,35,33,2771,30.8,0,3,3,0,0,0,10,1,0.00,0.10,0.10,0.00,0.10,Matches,aa25ce92
1967,Jan Oblak,si SVN,GK,Atlético Madrid,es La Liga,32,1993,30,30,2700,30.0,0,0,0,0,0,0,0,0,0.00,0.00,0.00,0.00,0.00,Matches,ee8508c0
1968,Noam Obougou Jacquet,fr FRA,FW,Le Havre,fr Ligue 1,19,2006,5,0,104,1.2,1,0,1,1,0,0,0,0,0.87,0.00,0.87,0.87,0.87,Matches,3bad39b2
1969,Rafel Obrador,es ESP,MF,Torino,it Serie A,21,2004,16,14,1116,12.4,1,3,4,1,0,0,1,0,0.08,0.24,0.32,0.08,0.32,Matches,949c3655
1970,Job Ochieng',ke KEN,MF,Real Sociedad,es La Liga,22,2003,2,1,93,1.0,0,0,0,0,0,0,0,0,0.00,0.00,0.00,0.00,0.00,Matches,640ba09f
1971,Cas Odenthal,nl NED,DF,Sassuolo,it Serie A,24,2000,1,0,1,0.0,0,0,0,0,0,0,0,0,0.00,0.00,0.00,0.00,0.00,Matches,e14e10b1
1972,Jens Odgaard,dk DEN,MF,Bologna,it Serie A,26,1999,26,16,1378,15.3,5,1,6,5,0,0,1,0,0.33,0.07,0.39,0.33,0.39,Matches,75374ee7
1973,Wilson Odobert,fr FRA,MFFW,Tottenham,eng Premier League,20,2004,24,10,985,10.9,0,2,2,0,0,0,0,0,0.00,0.18,0.18,0.00,0.18,Matches,35516eac
1974,David Odogu,de GER,DF,Milan,it Serie A,19,2006,2,0,6,0.1,0,0,0,0,0,0,0,0,0.00,0.00,0.00,0.00,0.00,Matches,6a58d68c
1975,Álvaro Odriozola,es ESP,DF,Real Sociedad,es La Liga,29,1995,5,2,201,2.2,1,0,1,1,0,0,0,0,0.45,0.00,0.45,0.45,0.45,Matches,1d1691ad
1976,Tim Oermann,de GER,DF,Leverkusen,de Bundesliga,21,2003,2,0,18,0.2,0,0,0,0,0,0,0,0,0.00,0.00,0.00,0.00,0.00,Matches,57ec75bf
1977,Deniz Ofli,tr TUR,DF,Bayern Munich,de Bundesliga,18,2007,1,0,6,0.1,0,0,0,0,0,0,0,0,0.00,0.00,0.00,0.00,0.00,Matches,8504eeb4
1978,Ifechukwu Ogbus,ch SUI,DF,Freiburg,de Bundesliga,19,2005,18,14,1177,13.1,0,0,0,0,0,0,1,0,0.00,0.00,0.00,0.00,0.00,Matches,d41472b7
1979,Uchenna Ogundu,ng NGA,FW,Augsburg,de Bundesliga,19,2006,5,0,47,0.5,0,0,0,0,0,0,0,0,0.00,0.00,0.00,0.00,0.00,Matches,b80328a9
1980,Noah Okafor,ch SUI,FWMF,Leeds United,eng Premier League,25,2000,28,19,1561,17.3,8,1,9,8,0,0,3,0,0.46,0.06,0.52,0.46,0.52,Matches,ca607d59
1981,David Okereke,ng NGA,FWMF,Cremonese,it Serie A,27,1997,10,3,403,4.5,2,0,2,2,0,0,0,1,0.45,0.00,0.45,0.45,0.45,Matches,d125f22f
1982,Bryan Okoh,ch SUI,DF,Auxerre,fr Ligue 1,22,2003,13,12,1005,11.2,3,0,3,3,0,0,2,0,0.27,0.00,0.27,0.27,0.27,Matches,327fe63e
1983,Maduka Okoye,ng NGA,GK,Udinese,it Serie A,25,1999,30,30,2616,29.1,0,0,0,0,0,0,1,1,0.00,0.00,0.00,0.00,0.00,Matches,ab5c36dd
1984,Javier Olaizola,es ESP,DF,Mallorca,es La Liga,18,2007,2,0,51,0.6,0,0,0,0,0,0,0,0,0.00,0.00,0.00,0.00,0.00,Matches,2aa4a84b
1985,Olasagasti,es ESP,MF,Levante,es La Liga,24,2000,33,18,1734,19.3,1,5,6,1,0,0,2,1,0.05,0.26,0.31,0.05,0.31,Matches,3d99999d
1986,Michael Olise,fr FRA,MF,Bayern Munich,de Bundesliga,23,2001,32,23,2316,25.7,15,19,34,15,0,0,8,0,0.58,0.74,1.32,0.58,1.32,Matches,c4486bac
1987,Mathías Olivera,uy URU,DFMF,Napoli,it Serie A,27,1997,25,15,1370,15.2,0,0,0,0,0,0,3,0,0.00,0.00,0.00,0.00,0.00,Matches,41c12f75
1988,Tuomas Ollila,fi FIN,DF,Paris FC,fr Ligue 1,25,2000,10,3,308,3.4,0,0,0,0,0,0,0,0,0.00,0.00,0.00,0.00,0.00,Matches,3791693f
1989,Dani Olmo,es ESP,MF,Barcelona,es La Liga,27,1998,33,24,2067,23.0,7,8,15,7,0,0,1,0,0.30,0.35,0.65,0.30,0.65,Matches,ae44e8e2
1990,Callum Olusesi,eng ENG,MF,Tottenham,eng Premier League,18,2007,1,0,15,0.2,0,0,0,0,0,0,0,0,0.00,0.00,0.00,0.00,0.00,Matches,d6455444
1991,Tani Oluwaseyi,ca CAN,FW,Villarreal,es La Liga,25,2000,27,9,901,10.0,2,2,4,2,0,0,1,0,0.20,0.20,0.40,0.20,0.40,Matches,950ef017
1992,Warmed Omari,km COM,DF,Hamburger SV,de Bundesliga,25,2000,20,17,1605,17.8,0,1,1,0,0,0,0,0,0.00,0.06,0.06,0.00,0.06,Matches,4534a352
1993,Andrew Omobamidele,ie IRL,DF,Strasbourg,fr Ligue 1,23,2002,25,13,1357,15.1,1,0,1,1,0,0,4,0,0.07,0.00,0.07,0.07,0.07,Matches,c393a6c4
1994,Amadou Onana,be BEL,MF,Aston Villa,eng Premier League,23,2001,25,21,1758,19.5,2,0,2,2,0,0,3,0,0.10,0.00,0.10,0.10,0.10,Matches,828657ff
1995,Jean Onana,cm CMR,MF,Genoa,it Serie A,25,2000,3,0,45,0.5,0,0,0,0,0,0,0,0,0.00,0.00,0.00,0.00,0.00,Matches,b5bb8188
1996,Jacob Ondrejka,se SWE,FWMF,Parma,it Serie A,22,2002,16,9,773,8.6,0,0,0,0,0,0,2,0,0.00,0.00,0.00,0.00,0.00,Matches,752e09ed
1997,Frank Onyeka,ng NGA,MF,Brentford,eng Premier League,27,1998,6,0,92,1.0,0,1,1,0,0,0,0,0,0.00,0.98,0.98,0.00,0.98,Matches,2944f86f
1998,Loïs Openda,be BEL,FW,RB Leipzig,de Bundesliga,25,2000,2,1,51,0.6,0,0,0,0,0,0,0,0,0.00,0.00,0.00,0.00,0.00,Matches,8652a85c
1999,Loïs Openda,be BEL,FWMF,Juventus,it Serie A,25,2000,24,6,666,7.4,1,0,1,1,0,0,0,0,0.14,0.00,0.14,0.14,0.14,Matches,8652a85c
2000,Fredrik Oppegard,no NOR,MFDF,Auxerre,fr Ligue 1,22,2002,23,15,1246,13.8,0,0,0,0,0,0,1,1,0.00,0.00,0.00,0.00,0.00,Matches,c0347e9b
2001,Louis Oppie,de GER,MF,St Pauli,de Bundesliga,23,2002,23,17,1620,18.0,1,0,1,1,0,0,0,0,0.06,0.00,0.06,0.06,0.06,Matches,e3a26cb2
2002,Gift Orban,ng NGA,FW,Hellas Verona,it Serie A,23,2002,28,23,2027,22.5,7,2,9,5,2,2,4,1,0.31,0.09,0.40,0.22,0.31,Matches,de17db90
2003,Willi Orban,hu HUN,DF,RB Leipzig,de Bundesliga,32,1992,33,33,2949,32.8,2,0,2,2,0,0,4,0,0.06,0.00,0.06,0.06,0.06,Matches,20030c06
2004,Christian Ordoñez,ar ARG,MF,Parma,it Serie A,21,2004,28,12,1091,12.1,1,0,1,1,0,0,5,1,0.08,0.00,0.08,0.08,0.08,Matches,0d94b6d9
2005,Luis Orejuela,,DF,Mallorca,es La Liga,,,1,1,90,1.0,0,0,0,0,0,0,0,0,0.00,0.00,0.00,0.00,0.00,Matches,18e70be1
2006,Nehemiah Oriola,eng ENG,MF,Brighton,eng Premier League,18,2007,1,0,1,0.0,0,0,0,0,0,0,0,0,0.00,0.00,0.00,0.00,0.00,Matches,febb2831
2007,Gaetano Oristanio,it ITA,FWMF,Parma,it Serie A,22,2002,20,8,859,9.5,1,0,1,1,0,0,1,0,0.10,0.00,0.10,0.10,0.10,Matches,5cfc74fc
2008,Aimar Oroz,es ESP,MFFW,Osasuna,es La Liga,23,2001,31,26,2139,23.8,0,2,2,0,0,0,6,0,0.00,0.08,0.08,0.00,0.08,Matches,7c363088
2009,Riccardo Orsolini,it ITA,MFFW,Bologna,it Serie A,28,1997,35,26,2111,23.5,10,1,11,6,4,6,2,0,0.43,0.04,0.47,0.26,0.30,Matches,e14ec482
2010,Stefan Ortega,de GER,GK,Nottingham,eng Premier League,32,1992,3,3,270,3.0,0,0,0,0,0,0,0,0,0.00,0.00,0.00,0.00,0.00,Matches,c1242d4e
2011,Ángel Ortíz,es ESP,DF,Real Betis,es La Liga,21,2004,13,7,584,6.5,0,0,0,0,0,0,1,0,0.00,0.00,0.00,0.00,0.00,Matches,a2f3bbb9
2012,Asier Osambela,es ESP,DF,Osasuna,es La Liga,21,2004,17,2,343,3.8,1,0,1,1,0,0,1,1,0.26,0.00,0.26,0.26,0.26,Matches,e87c44a9
2013,Gabriel Osho,ng NGA,DF,Auxerre,fr Ligue 1,26,1998,2,2,134,1.5,0,0,0,0,0,0,0,0,0.00,0.00,0.00,0.00,0.00,Matches,cd889153
2014,Ibrahim Osman,gh GHA,MFFW,Auxerre,fr Ligue 1,20,2004,14,7,625,6.9,0,2,2,0,0,0,0,0,0.00,0.29,0.29,0.00,0.29,Matches,acdfe835
2015,Erblin Osmani,de GER,MF,Bayern Munich,de Bundesliga,16,2009,1,0,4,0.0,0,0,0,0,0,0,0,0,0.00,0.00,0.00,0.00,0.00,Matches,0c32c737
2016,Patrick Osterhage,de GER,MF,Freiburg,de Bundesliga,25,2000,20,13,1189,13.2,1,0,1,1,0,0,4,0,0.08,0.00,0.08,0.08,0.08,Matches,9662c9ec
2017,William Osula,dk DEN,FW,Newcastle,eng Premier League,21,2003,24,8,819,9.1,7,0,7,7,0,0,0,0,0.77,0.00,0.77,0.77,0.77,Matches,7b355808
2018,Philip Otele,ng NGA,MFFW,Hamburger SV,de Bundesliga,26,1999,9,7,471,5.2,1,1,2,1,0,0,3,1,0.19,0.19,0.38,0.19,0.38,Matches,d3655d19
2019,Sebastian Otoa,dk DEN,DF,Genoa,it Serie A,21,2004,13,9,829,9.2,0,0,0,0,0,0,1,0,0.00,0.00,0.00,0.00,0.00,Matches,a214da59
2020,Abdoul Ouattara,fr FRA,MFDF,Strasbourg,fr Ligue 1,19,2005,28,19,1768,19.6,2,0,2,2,0,0,2,0,0.10,0.00,0.10,0.10,0.10,Matches,d028b5e5
2021,Dango Ouattara,bf BFA,MF,Brentford,eng Premier League,23,2002,32,25,2276,25.3,7,3,10,7,0,0,5,0,0.28,0.12,0.40,0.28,0.40,Matches,2f9e4435
2022,Kassoum Ouattara,fr FRA,MFDF,Monaco,fr Ligue 1,20,2004,15,12,967,10.7,0,3,3,0,0,0,3,0,0.00,0.28,0.28,0.00,0.28,Matches,6620c21a
2023,Assan Ouédraogo,de GER,MF,RB Leipzig,de Bundesliga,19,2006,19,13,948,10.5,4,3,7,4,0,0,0,0,0.38,0.28,0.66,0.38,0.66,Matches,75e6fc2f
2024,Latif Ouedraogo,bf BFA,DF,Genoa,it Serie A,17,2007,2,0,51,0.6,0,0,0,0,0,0,0,0,0.00,0.00,0.00,0.00,0.00,Matches,0fc9b341
2025,Azzedine Ounahi,ma MAR,MF,Girona,es La Liga,25,2000,24,20,1760,19.6,5,2,7,4,1,1,6,0,0.26,0.10,0.36,0.20,0.31,Matches,83299cc0
2026,Elisha Owusu,gh GHA,MF,Auxerre,fr Ligue 1,27,1997,29,27,2344,26.0,0,0,0,0,0,0,7,0,0.00,0.00,0.00,0.00,0.00,Matches,e2781082
2027,Mikel Oyarzabal,es ESP,FW,Real Sociedad,es La Liga,28,1997,34,30,2710,30.1,15,4,19,8,7,7,3,0,0.50,0.13,0.63,0.27,0.40,Matches,8c3c640c
2028,Max Oyedele,pl POL,MFDF,Strasbourg,fr Ligue 1,20,2004,8,6,446,5.0,1,0,1,1,0,0,3,0,0.20,0.00,0.20,0.20,0.20,Matches,1c6742d9
2029,Daniel Oyegoke,eng ENG,MFDF,Hellas Verona,it Serie A,22,2003,15,8,594,6.6,0,0,0,0,0,0,2,0,0.00,0.00,0.00,0.00,0.00,Matches,c9866d69
2030,Salih Özcan,tr TUR,MF,Dortmund,de Bundesliga,27,1998,11,0,81,0.9,0,0,0,0,0,0,0,0,0.00,0.00,0.00,0.00,0.00,Matches,15413fa5
2031,Berke Özer,tr TUR,GK,Lille,fr Ligue 1,25,2000,32,32,2834,31.5,0,1,1,0,0,0,5,0,0.00,0.03,0.03,0.00,0.03,Matches,0743d0ec
2032,Cenk Özkacar,tr TUR,DF,Köln,de Bundesliga,24,2000,25,20,1791,19.9,0,0,0,0,0,0,2,0,0.00,0.00,0.00,0.00,0.00,Matches,9a93efc9
2033,Pablo,br BRA,MFFW,West Ham,eng Premier League,21,2004,14,10,823,9.1,0,1,1,0,0,0,0,0,0.00,0.11,0.11,0.00,0.11,Matches,866ba412
2034,Jon Pacheco,es ESP,DF,Alavés,es La Liga,24,2001,22,20,1735,19.3,0,0,0,0,0,0,5,1,0.00,0.00,0.00,0.00,0.00,Matches,44150beb
2035,Willian Pacho,ec ECU,DF,PSG,fr Ligue 1,23,2001,23,21,1914,21.3,0,0,0,0,0,0,0,0,0.00,0.00,0.00,0.00,0.00,Matches,ecbe2839
2036,Daniele Padelli,it ITA,GK,Udinese,it Serie A,39,1985,2,2,180,2.0,0,0,0,0,0,0,0,0,0.00,0.00,0.00,0.00,0.00,Matches,cf1c23d8
2037,Alex Padilla,es ESP,GK,Athletic Club,es La Liga,21,2003,1,1,90,1.0,0,0,0,0,0,0,0,1,0.00,0.00,0.00,0.00,0.00,Matches,a275838a
2038,Kendry Páez,ec ECU,MFFW,Strasbourg,fr Ligue 1,18,2007,15,4,424,4.7,1,0,1,1,0,0,0,0,0.21,0.00,0.21,0.21,0.21,Matches,f3bb9f59
2039,Pablo Pagis,fr FRA,MFFW,Lorient,fr Ligue 1,22,2002,28,22,1756,19.5,10,5,15,8,2,2,1,0,0.51,0.26,0.77,0.41,0.67,Matches,7d827b4f
2040,Igor Paixão,br BRA,MF,Marseille,fr Ligue 1,25,2000,30,22,1975,21.9,6,5,11,6,0,0,3,0,0.27,0.23,0.50,0.27,0.50,Matches,089c7323
2041,César Palacios,es ESP,MF,Real Madrid,es La Liga,20,2004,5,0,86,1.0,0,0,0,0,0,0,0,0,0.00,0.00,0.00,0.00,0.00,Matches,f4d61d12
2042,Exequiel Palacios,ar ARG,MF,Leverkusen,de Bundesliga,26,1998,18,12,1099,12.2,0,1,1,0,0,0,3,0,0.00,0.08,0.08,0.00,0.08,Matches,e82adcab
2043,Isaac Palazón Camacho,es ESP,MFFW,Rayo Vallecano,es La Liga,30,1994,31,27,2248,25.0,3,3,6,1,2,3,10,1,0.12,0.12,0.24,0.04,0.16,Matches,49dbab27
2044,Alberto Paleari,it ITA,GK,Torino,it Serie A,32,1992,29,29,2610,29.0,0,0,0,0,0,0,1,0,0.00,0.00,0.00,0.00,0.00,Matches,94a3606c
2045,Marco Palestra,it ITA,MFDF,Cagliari,it Serie A,20,2005,37,34,3081,34.2,1,4,5,1,0,0,3,0,0.03,0.12,0.15,0.03,0.15,Matches,1f1828dd
2046,João Palhinha,pt POR,MF,Tottenham,eng Premier League,30,1995,33,23,2198,24.4,5,2,7,5,0,0,8,0,0.20,0.08,0.29,0.20,0.29,Matches,a78ff07f
2047,Matteo Palma,de GER,DF,Udinese,it Serie A,17,2008,5,1,120,1.3,0,0,0,0,0,0,0,0,0.00,0.00,0.00,0.00,0.00,Matches,cb2e6751
2048,Cole Palmer,eng ENG,MF,Chelsea,eng Premier League,23,2002,26,24,1955,21.7,10,1,11,5,5,6,5,0,0.46,0.05,0.51,0.23,0.28,Matches,dc7f8a28
2049,Emerson Palmieri,it ITA,DFMF,Marseille,fr Ligue 1,30,1994,28,23,2114,23.5,0,3,3,0,0,0,3,0,0.00,0.13,0.13,0.00,0.13,Matches,e0bc6fdc
2050,Diego Pampín,es ESP,DF,Levante,es La Liga,25,2000,8,6,534,5.9,0,0,0,0,0,0,3,0,0.00,0.00,0.00,0.00,0.00,Matches,c748a0b2
2051,Jahyann Pandore,fr FRA,MF,Metz,fr Ligue 1,17,2007,4,0,88,1.0,1,0,1,1,0,0,0,0,1.02,0.00,1.02,1.02,1.02,Matches,c505547d
2052,Joaquín Panichelli,ar ARG,FW,Strasbourg,fr Ligue 1,22,2002,27,24,2193,24.4,16,1,17,11,5,6,3,0,0.66,0.04,0.70,0.45,0.49,Matches,ae14af56
2053,Leart Paqarada,xk KVX,DF,Heidenheim,de Bundesliga,30,1994,1,1,6,0.1,0,0,0,0,0,0,0,0,0.00,0.00,0.00,0.00,0.00,Matches,82bfc14d
2054,Lucas Paquetá,br BRA,MFFW,West Ham,eng Premier League,27,1997,18,18,1511,16.8,4,1,5,2,2,2,7,1,0.24,0.06,0.30,0.12,0.18,Matches,9b6f7fd5
2055,Victor Parada,es ESP,DF,Alavés,es La Liga,23,2002,30,25,2146,23.8,0,3,3,0,0,0,9,1,0.00,0.13,0.13,0.00,0.13,Matches,8ca358c5
2056,Aitor Paredes,es ESP,DF,Athletic Club,es La Liga,25,2000,19,18,1630,18.1,2,0,2,2,0,0,4,0,0.11,0.00,0.11,0.11,0.11,Matches,b906757a
2057,Kevin Paredes,us USA,MF,Wolfsburg,de Bundesliga,22,2003,6,1,164,1.8,0,0,0,0,0,0,1,0,0.00,0.00,0.00,0.00,0.00,Matches,5c50fdbc
2058,Daniel Parejo,es ESP,MF,Villarreal,es La Liga,36,1989,32,16,1392,15.5,1,0,1,0,1,1,3,0,0.06,0.00,0.06,0.00,0.00,Matches,7460ca0d
2059,Fabiano Parisi,it ITA,MFFW,Fiorentina,it Serie A,24,2000,23,18,1520,16.9,1,1,2,1,0,0,6,0,0.06,0.06,0.12,0.06,0.12,Matches,0967845b
2060,Thomas Partey,gh GHA,MF,Villarreal,es La Liga,32,1993,25,8,934,10.4,0,0,0,0,0,0,1,0,0.00,0.00,0.00,0.00,0.00,Matches,529f49ab
2061,Mario Pašalić,hr CRO,MF,Atalanta,it Serie A,30,1995,33,21,1936,21.5,3,4,7,3,0,0,3,0,0.14,0.19,0.33,0.14,0.33,Matches,e599253a
2062,Patric,es ESP,MFDF,Lazio,it Serie A,32,1993,14,6,667,7.4,0,0,0,0,0,0,2,0,0.00,0.00,0.00,0.00,0.00,Matches,f7223718
2063,Nathan Patterson,sct SCO,DF,Everton,eng Premier League,23,2001,7,3,241,2.7,0,0,0,0,0,0,0,0,0.00,0.00,0.00,0.00,0.00,Matches,230f0471
2064,Benjamin Pavard,fr FRA,DF,Marseille,fr Ligue 1,29,1996,27,22,1928,21.4,1,2,3,1,0,0,6,0,0.05,0.09,0.14,0.05,0.14,Matches,45a03961
2065,Benjamin Pavard,fr FRA,DF,Inter,it Serie A,29,1996,1,1,90,1.0,0,0,0,0,0,0,0,0,0.00,0.00,0.00,0.00,0.00,Matches,45a03961
2066,Aleksandar Pavlovic,de GER,MF,Bayern Munich,de Bundesliga,21,2004,24,16,1462,16.2,3,1,4,3,0,0,2,0,0.18,0.06,0.25,0.18,0.25,Matches,2658c82f
2067,Strahinja Pavlović,rs SRB,DF,Milan,it Serie A,24,2001,34,33,2869,31.9,5,1,6,5,0,0,4,0,0.16,0.03,0.19,0.16,0.19,Matches,25146df0
2068,Leonardo Pavoletti,it ITA,FW,Cagliari,it Serie A,36,1988,13,1,227,2.5,1,1,2,1,0,0,1,0,0.40,0.40,0.79,0.40,0.79,Matches,d37b0350
2069,Martín Payero,ar ARG,MF,Cremonese,it Serie A,26,1998,25,16,1457,16.2,1,0,1,1,0,0,8,0,0.06,0.00,0.06,0.06,0.06,Matches,bdbff2b5
2070,Nicolás Paz,ar ARG,MF,Como,it Serie A,20,2004,35,33,2878,32.0,12,6,18,12,0,2,5,0,0.38,0.19,0.56,0.38,0.56,Matches,01bb93d5
2071,Myles Peart-Harris,eng ENG,MF,Brentford,eng Premier League,22,2002,1,0,1,0.0,0,0,0,0,0,0,0,0,0.00,0.00,0.00,0.00,0.00,Matches,ea1a5662
2072,Mads Pedersen,dk DEN,MF,Augsburg,de Bundesliga,28,1996,7,1,210,2.3,0,0,0,0,0,0,0,0,0.00,0.00,0.00,0.00,0.00,Matches,582a5247
2073,Marcus Pedersen,no NOR,MFDF,Torino,it Serie A,25,2000,29,23,2134,23.7,1,2,3,1,0,0,3,0,0.04,0.08,0.13,0.04,0.13,Matches,596cc50e
2074,Alfonso Pedraza,es ESP,DF,Villarreal,es La Liga,29,1996,27,19,1689,18.8,1,3,4,1,0,0,8,0,0.05,0.16,0.21,0.05,0.21,Matches,63f04c6c
2075,Pedri,es ESP,MF,Barcelona,es La Liga,22,2002,29,23,2104,23.4,2,9,11,2,0,0,2,1,0.09,0.38,0.47,0.09,0.47,Matches,0d9b2d31
2076,Pedro,es ESP,FWMF,Lazio,it Serie A,38,1987,29,9,982,10.9,5,2,7,3,2,2,4,0,0.46,0.18,0.64,0.27,0.46,Matches,3ca7254a
2077,Zé Pedro Figueiredo,pt POR,DF,Cagliari,it Serie A,28,1997,23,20,1699,18.9,0,1,1,0,0,0,6,0,0.00,0.05,0.05,0.00,0.05,Matches,2063e21d
2078,Adrià Pedrosa,es ESP,DFMF,Elche,es La Liga,27,1998,26,8,1090,12.1,1,1,2,1,0,0,4,0,0.08,0.08,0.17,0.08,0.17,Matches,112521d1
2079,Adrià Pedrosa,es ESP,DFMF,Sevilla,es La Liga,27,1998,1,0,6,0.1,0,0,0,0,0,0,0,0,0.00,0.00,0.00,0.00,0.00,Matches,112521d1
2080,Dženan Pejčinović,de GER,FW,Wolfsburg,de Bundesliga,20,2005,30,16,1460,16.2,8,0,8,8,0,0,1,0,0.49,0.00,0.49,0.49,0.49,Matches,80f252f6
2081,Lorenzo Pellegrini,it ITA,MF,Roma,it Serie A,29,1996,24,20,1463,16.3,4,2,6,2,2,2,2,0,0.25,0.12,0.37,0.12,0.25,Matches,4a5a45c7
2082,Luca Pellegrini,it ITA,DF,Lazio,it Serie A,26,1999,24,17,1469,16.3,1,0,1,1,0,0,8,0,0.06,0.00,0.06,0.06,0.06,Matches,3b61c9ec
2083,Mateo Pellegrino,ar ARG,FW,Parma,it Serie A,24,2001,37,34,2984,33.2,9,1,10,8,1,1,5,0,0.27,0.03,0.30,0.24,0.27,Matches,8c9e96c5
2084,Timothee Pembele,fr FRA,MFDF,Le Havre,fr Ligue 1,22,2002,14,2,381,4.2,0,0,0,0,0,0,1,0,0.00,0.00,0.00,0.00,0.00,Matches,f8ce97ca
2085,Faris Pemi Moumbagna,cm CMR,FW,Cremonese,it Serie A,25,2000,5,0,93,1.0,0,0,0,0,0,0,0,0,0.00,0.00,0.00,0.00,0.00,Matches,58aae0a9
2086,Iñaki Peña,es ESP,GK,Elche,es La Liga,26,1999,16,16,1440,16.0,0,0,0,0,0,0,0,0,0.00,0.00,0.00,0.00,0.00,Matches,cc1c5035
2087,Mike Penders,be BEL,GK,Strasbourg,fr Ligue 1,20,2005,33,33,2970,33.0,0,0,0,0,0,0,3,0,0.00,0.00,0.00,0.00,0.00,Matches,074e1710
2088,Nicolas Pépé,ci CIV,MFFW,Villarreal,es La Liga,30,1995,36,26,2393,26.6,8,8,16,7,1,1,4,0,0.30,0.30,0.60,0.26,0.56,Matches,57e3f0c7
2089,Kojo Peprah Oppong,gh GHA,DF,Nice,fr Ligue 1,21,2004,29,28,2425,26.9,1,0,1,1,0,0,4,0,0.04,0.00,0.04,0.04,0.04,Matches,37a6fdb3
2090,Peque,es ESP,MFFW,Sevilla,es La Liga,22,2002,26,12,982,10.9,2,1,3,2,0,0,7,0,0.18,0.09,0.27,0.18,0.27,Matches,cb971b4f
2091,Everton Pereira,fr FRA,MF,Nice,fr Ligue 1,18,2007,3,2,135,1.5,0,0,0,0,0,0,0,0,0.00,0.00,0.00,0.00,0.00,Matches,d441a34d
2092,Mathias Pereira Lage,pt POR,MFFW,St Pauli,de Bundesliga,28,1996,28,25,2018,22.4,2,2,4,2,0,0,3,0,0.09,0.09,0.18,0.09,0.18,Matches,8846a40f
2093,Ángel Pérez,es ESP,MFDF,Alavés,es La Liga,22,2002,16,14,1288,14.3,1,3,4,1,0,0,4,0,0.07,0.21,0.28,0.07,0.28,Matches,8f82ad0b
2094,Ayoze Pérez,es ESP,FW,Villarreal,es La Liga,32,1993,25,12,1124,12.5,5,4,9,4,1,1,4,0,0.40,0.32,0.72,0.32,0.64,Matches,819aa8e7
2095,Francisco Perez,es ESP,MFFW,Rayo Vallecano,es La Liga,22,2002,29,12,1237,13.7,2,1,3,2,0,0,4,0,0.15,0.07,0.22,0.15,0.22,Matches,3d79a68c
2096,Joselu Pérez,es ESP,DF,Getafe,es La Liga,21,2004,2,0,22,0.2,0,0,0,0,0,0,0,0,0.00,0.00,0.00,0.00,0.00,Matches,c4d65529
2097,Matías Pérez,cl CHI,DF,Lecce,it Serie A,20,2005,1,1,31,0.3,0,0,0,0,0,0,0,0,0.00,0.00,0.00,0.00,0.00,Matches,2726054a
2098,Nacho Pérez,es ESP,DF,Levante,es La Liga,16,2008,3,1,148,1.6,0,0,0,0,0,0,1,0,0.00,0.00,0.00,0.00,0.00,Matches,894c9248
2099,Simone Perilli,it ITA,GK,Hellas Verona,it Serie A,30,1995,3,3,270,3.0,0,0,0,0,0,0,0,0,0.00,0.00,0.00,0.00,0.00,Matches,b9e11c1d
2100,Mattia Perin,it ITA,GK,Juventus,it Serie A,32,1992,9,9,765,8.5,0,0,0,0,0,0,0,0,0.00,0.00,0.00,0.00,0.00,Matches,4c62d0c8
2101,Romain Perraud,fr FRA,DF,Lille,fr Ligue 1,27,1997,30,27,2241,24.9,3,4,7,3,0,0,4,1,0.12,0.16,0.28,0.12,0.28,Matches,6dfd8f05
2102,Lucas Perri,br BRA,GK,Leeds United,eng Premier League,27,1997,16,16,1440,16.0,0,0,0,0,0,0,2,0,0.00,0.00,0.00,0.00,0.00,Matches,5dbd461a
2103,Gaëtan Perrin,fr FRA,MFFW,Lille,fr Ligue 1,29,1996,12,3,338,3.8,1,0,1,1,0,0,2,0,0.27,0.00,0.27,0.27,0.27,Matches,10dd88f9
2104,Máximo Perrone,ar ARG,MF,Como,it Serie A,22,2003,36,33,2742,30.5,3,4,7,3,0,0,8,0,0.10,0.13,0.23,0.10,0.23,Matches,53552942
2105,Massimo Pessina,it ITA,GK,Bologna,it Serie A,17,2007,4,3,353,3.9,0,0,0,0,0,0,0,0,0.00,0.00,0.00,0.00,0.00,Matches,085a07e8
2106,Prosper Peter,ng NGA,FW,Angers,fr Ligue 1,17,2007,29,14,1273,14.1,5,0,5,5,0,0,0,0,0.35,0.00,0.35,0.35,0.35,Matches,1bfb331d
2107,Léo Pétrot,fr FRA,DF,Elche,es La Liga,28,1997,32,18,1572,17.5,0,0,0,0,0,0,2,1,0.00,0.00,0.00,0.00,0.00,Matches,00638016
2108,Đorđe Petrović,rs SRB,GK,Bournemouth,eng Premier League,25,1999,38,38,3420,38.0,0,0,0,0,0,0,3,0,0.00,0.00,0.00,0.00,0.00,Matches,0cf321c8
2109,Giuseppe Pezzella,it ITA,MFDF,Cremonese,it Serie A,27,1997,31,30,2585,28.7,0,1,1,0,0,0,8,1,0.00,0.03,0.03,0.00,0.03,Matches,149c5f5d
2110,Immanuel Pherai,sr SUR,FWMF,Hamburger SV,de Bundesliga,24,2001,6,0,35,0.4,0,0,0,0,0,0,2,1,0.00,0.00,0.00,0.00,0.00,Matches,f168d9b9
2111,Maximilian Philipp,de GER,FWMF,Freiburg,de Bundesliga,31,1994,2,0,29,0.3,0,0,0,0,0,0,0,0,0.00,0.00,0.00,0.00,0.00,Matches,061e8e23
2112,Rayan Philippe,fr FRA,FWMF,Hamburger SV,de Bundesliga,24,2000,28,13,1285,14.3,5,0,5,5,0,1,2,0,0.35,0.00,0.35,0.35,0.35,Matches,a046fc35
2113,Gabriele Piccinini,it ITA,MF,Pisa,it Serie A,24,2001,25,5,875,9.7,0,0,0,0,0,0,3,0,0.00,0.00,0.00,0.00,0.00,Matches,92e4465e
2114,Roberto Piccoli,it ITA,FW,Fiorentina,it Serie A,24,2001,32,16,1672,18.6,4,1,5,4,0,0,1,0,0.22,0.05,0.27,0.22,0.27,Matches,1cadaf34
2115,Charles Pickel,cd COD,MF,Espanyol,es La Liga,28,1997,24,4,707,7.9,1,0,1,1,0,0,4,2,0.13,0.00,0.13,0.13,0.13,Matches,f71ad8cb
2116,Jordan Pickford,eng ENG,GK,Everton,eng Premier League,31,1994,38,38,3420,38.0,0,0,0,0,0,0,4,0,0.00,0.00,0.00,0.00,0.00,Matches,4806ec67
2117,Amos Pieper,de GER,DF,Werder Bremen,de Bundesliga,27,1998,19,19,1502,16.7,0,0,0,0,0,0,4,0,0.00,0.00,0.00,0.00,0.00,Matches,526ea7cc
2118,Marvin Pieringer,de GER,FWMF,Heidenheim,de Bundesliga,25,1999,27,20,1650,18.3,4,1,5,3,1,1,2,0,0.22,0.05,0.27,0.16,0.22,Matches,11407d95
2119,Nicholas Pierini,it ITA,FWMF,Sassuolo,it Serie A,26,1998,11,0,142,1.6,0,0,0,0,0,0,1,0,0.00,0.00,0.00,0.00,0.00,Matches,7cc89a5f
2120,Santiago Pierotti,ar ARG,MFFW,Lecce,it Serie A,24,2001,37,31,2597,28.9,1,2,3,1,0,0,4,0,0.03,0.07,0.10,0.03,0.10,Matches,ec315772
2121,Balthazar Pierret,fr FRA,MF,Lecce,it Serie A,25,2000,3,0,27,0.3,0,0,0,0,0,0,0,0,0.00,0.00,0.00,0.00,0.00,Matches,c269463b
2122,Andrea Pinamonti,it ITA,FW,Sassuolo,it Serie A,26,1999,36,32,2552,28.4,9,3,12,9,0,1,2,1,0.32,0.11,0.42,0.32,0.42,Matches,08aa9cd1
2123,Thiago Pinar,es ESP,MF,Real Madrid,es La Liga,17,2007,10,8,592,6.6,0,2,2,0,0,0,2,0,0.00,0.30,0.30,0.00,0.30,Matches,337ef123
2124,Lander Pinillos,es ESP,MF,Alavés,es La Liga,21,2003,1,0,2,0.0,0,0,0,0,0,0,0,0,0.00,0.00,0.00,0.00,0.00,Matches,76b73a4b
2125,Ethan Pinnock,jm JAM,DF,Brentford,eng Premier League,32,1993,4,4,318,3.5,0,0,0,0,0,0,1,0,0.00,0.00,0.00,0.00,0.00,Matches,e541326e
2126,Yéremy Pino,es ESP,MF,Villarreal,es La Liga,22,2002,2,2,159,1.8,0,1,1,0,0,0,0,0,0.00,0.57,0.57,0.00,0.57,Matches,540ec57b
2127,Yéremy Pino,es ESP,MFFW,Crystal Palace,eng Premier League,22,2002,34,26,2080,23.1,2,2,4,2,0,0,4,0,0.09,0.09,0.17,0.09,0.17,Matches,540ec57b
2128,Jakub Piotrowski,pl POL,MF,Udinese,it Serie A,27,1997,33,20,1696,18.8,1,1,2,1,0,0,2,0,0.05,0.05,0.11,0.05,0.11,Matches,af686bed
2129,Joël Piroe,sr SUR,FW,Leeds United,eng Premier League,25,1999,16,2,258,2.9,0,0,0,0,0,0,0,0,0.00,0.00,0.00,0.00,0.00,Matches,1f0072a6
2130,Niccolò Pisilli,it ITA,MF,Roma,it Serie A,20,2004,25,13,1295,14.4,2,4,6,2,0,0,3,0,0.14,0.28,0.42,0.14,0.42,Matches,c84dcc88
2131,Damián Pizarro,cl CHI,FW,Le Havre,fr Ligue 1,20,2005,2,0,28,0.3,0,0,0,0,0,0,0,0,0.00,0.00,0.00,0.00,0.00,Matches,464e03ef
2132,Tommaso Pobega,it ITA,MF,Bologna,it Serie A,26,1999,26,17,1434,15.9,3,1,4,3,0,0,2,1,0.19,0.06,0.25,0.19,0.25,Matches,55a1cac2
2133,Paul Pogba,fr FRA,MF,Monaco,fr Ligue 1,32,1993,6,1,119,1.3,0,0,0,0,0,0,0,0,0.00,0.00,0.00,0.00,0.00,Matches,867239d3
2134,Ernest Poku,nl NED,MF,Leverkusen,de Bundesliga,21,2004,29,16,1482,16.5,5,5,10,5,0,0,0,0,0.30,0.30,0.61,0.30,0.61,Matches,ddc31375
2135,Matteo Politano,it ITA,MFFW,Napoli,it Serie A,31,1993,34,26,2200,24.4,2,5,7,2,0,0,4,0,0.08,0.20,0.29,0.08,0.29,Matches,5e861944
2136,Oumar Pona,fr FRA,GK,Angers,fr Ligue 1,19,2006,2,2,180,2.0,0,0,0,0,0,0,1,0,0.00,0.00,0.00,0.00,0.00,Matches,54a8d227
2137,Marin Pongračić,hr CRO,DF,Fiorentina,it Serie A,27,1997,35,33,2918,32.4,0,0,0,0,0,0,12,0,0.00,0.00,0.00,0.00,0.00,Matches,2a6cd437
2138,Nick Pope,eng ENG,GK,Newcastle,eng Premier League,33,1992,27,27,2416,26.8,0,0,0,0,0,0,2,0,0.00,0.00,0.00,0.00,0.00,Matches,4b40d9ca
2139,Pedro Porro,es ESP,DF,Tottenham,eng Premier League,25,1999,34,32,2796,31.1,1,2,3,1,0,0,10,0,0.03,0.06,0.10,0.03,0.10,Matches,27d0a506
2140,Portu,es ESP,FWMF,Girona,es La Liga,33,1992,10,4,474,5.3,0,0,0,0,0,0,2,0,0.00,0.00,0.00,0.00,0.00,Matches,1bda5842
2141,Stefan Posch,at AUT,DF,Como,it Serie A,28,1997,14,3,393,4.4,1,0,1,1,0,0,1,0,0.23,0.00,0.23,0.23,0.23,Matches,7f609bfc
2142,Stefan Posch,at AUT,DF,Mainz 05,de Bundesliga,28,1997,16,16,1395,15.5,0,0,0,0,0,0,4,0,0.00,0.00,0.00,0.00,0.00,Matches,7f609bfc
2143,Freddie Potts,eng ENG,MF,West Ham,eng Premier League,21,2003,22,12,1171,13.0,0,1,1,0,0,0,1,0,0.00,0.08,0.08,0.00,0.08,Matches,86bf27f0
2144,Kacper Potulski,pl POL,DF,Mainz 05,de Bundesliga,17,2007,15,9,1065,11.8,1,0,1,1,0,0,3,0,0.08,0.00,0.08,0.08,0.08,Matches,5f3fd4c8
2145,Yussuf Poulsen,dk DEN,FW,Hamburger SV,de Bundesliga,31,1994,15,1,334,3.7,1,0,1,1,0,0,4,0,0.27,0.00,0.27,0.27,0.27,Matches,d2416c2e
2146,Beñat Prados,es ESP,MF,Athletic Club,es La Liga,24,2001,2,1,85,0.9,0,0,0,0,0,0,1,0,0.00,0.00,0.00,0.00,0.00,Matches,1f60244a
2147,Alexander Prass,at AUT,MF,Hoffenheim,de Bundesliga,24,2001,32,12,1308,14.5,3,2,5,3,0,0,4,0,0.21,0.14,0.34,0.21,0.34,Matches,6637e6a7
2148,Matteo Prati,it ITA,MF,Torino,it Serie A,21,2003,13,7,614,6.8,0,1,1,0,0,0,2,0,0.00,0.15,0.15,0.00,0.15,Matches,d8363914
2149,Matteo Prati,it ITA,MF,Cagliari,it Serie A,21,2003,20,15,1268,14.1,1,0,1,1,0,0,4,0,0.07,0.00,0.07,0.07,0.07,Matches,d8363914
2150,Abdón Prats,es ESP,FW,Mallorca,es La Liga,32,1992,15,0,143,1.6,0,0,0,0,0,0,0,0,0.00,0.00,0.00,0.00,0.00,Matches,d1b060e2
2151,Grischa Prömel,de GER,MF,Hoffenheim,de Bundesliga,30,1995,33,16,1758,19.5,7,2,9,7,0,0,5,0,0.36,0.10,0.46,0.36,0.46,Matches,924f9191
2152,Ivan Provedel,it ITA,GK,Lazio,it Serie A,31,1994,27,27,2430,27.0,0,0,0,0,0,0,1,0,0.00,0.00,0.00,0.00,0.00,Matches,277da414
2153,Adrian Przyborek,pl POL,MF,Lazio,it Serie A,18,2007,1,0,9,0.1,0,0,0,0,0,0,0,0,0.00,0.00,0.00,0.00,0.00,Matches,8d5d4a98
2154,Javi Puado,es ESP,MFFW,Espanyol,es La Liga,27,1998,10,8,674,7.5,2,0,2,1,1,2,2,0,0.27,0.00,0.27,0.13,0.13,Matches,2683eda7
2155,Marc Pubill,es ESP,DF,Atlético Madrid,es La Liga,22,2003,19,15,1381,15.3,1,1,2,1,0,0,2,0,0.07,0.07,0.13,0.07,0.13,Matches,365113c0
2156,Cameron Puertas,ch SUI,MF,Werder Bremen,de Bundesliga,26,1998,28,22,1846,20.5,1,2,3,1,0,0,6,0,0.05,0.10,0.15,0.05,0.15,Matches,185a2732
2157,Christian Pulisic,us USA,FW,Milan,it Serie A,26,1998,30,18,1609,17.9,8,4,12,8,0,1,0,0,0.45,0.22,0.67,0.45,0.67,Matches,1bf33a9a
2158,Aleksa Puric,rs SRB,DF,Atlético Madrid,es La Liga,22,2003,2,0,46,0.5,0,0,0,0,0,0,0,0,0.00,0.00,0.00,0.00,0.00,Matches,307f40f1
2159,Arkadiusz Pyrka,pl POL,MF,St Pauli,de Bundesliga,22,2002,31,30,2576,28.6,0,1,1,0,0,0,3,0,0.00,0.03,0.03,0.00,0.03,Matches,8ae54a69
2160,Jarell Quansah,eng ENG,DF,Leverkusen,de Bundesliga,22,2003,28,25,2299,25.5,4,0,4,4,0,0,9,0,0.16,0.00,0.16,0.16,0.16,Matches,4125cb98
2161,Leopold Querfeld,at AUT,DF,Union Berlin,de Bundesliga,21,2003,31,30,2705,30.1,3,0,3,1,2,3,7,0,0.10,0.00,0.10,0.03,0.03,Matches,9fd158d6
2162,Kenny Quetant,fr FRA,FW,Le Havre,fr Ligue 1,19,2006,9,4,372,4.1,1,0,1,1,0,0,1,0,0.24,0.00,0.24,0.24,0.24,Matches,1e3311f4
2163,Matheo Raab,de GER,GK,Union Berlin,de Bundesliga,26,1998,1,1,90,1.0,0,0,0,0,0,0,0,0,0.00,0.00,0.00,0.00,0.00,Matches,2f41cca2
2164,Dani Raba,es ESP,FW,Valencia,es La Liga,29,1995,13,3,270,3.0,0,1,1,0,0,0,0,0,0.00,0.33,0.33,0.00,0.33,Matches,ea6a7ab4
2165,Adrien Rabiot,fr FRA,MF,Marseille,fr Ligue 1,30,1995,1,1,90,1.0,0,0,0,0,0,0,1,0,0.00,0.00,0.00,0.00,0.00,Matches,8794e251
2166,Adrien Rabiot,fr FRA,MF,Milan,it Serie A,30,1995,29,28,2550,28.3,6,4,10,6,0,0,6,1,0.21,0.14,0.35,0.21,0.35,Matches,8794e251
2167,Uroš Radaković,rs SRB,DF,Nantes,fr Ligue 1,31,1994,6,1,101,1.1,0,0,0,0,0,0,0,0,0.00,0.00,0.00,0.00,0.00,Matches,ebbd1336
2168,Ionuț Radu,ro ROU,GK,Celta Vigo,es La Liga,28,1997,38,38,3420,38.0,0,0,0,0,0,0,2,0,0.00,0.00,0.00,0.00,0.00,Matches,67f649be
2169,Ugo Raghouber,fr FRA,MF,Levante,es La Liga,22,2003,16,8,706,7.8,0,0,0,0,0,0,1,0,0.00,0.00,0.00,0.00,0.00,Matches,7ab92dd1
2170,Ugo Raghouber,fr FRA,MF,Lille,fr Ligue 1,22,2003,1,0,3,0.0,0,0,0,0,0,0,0,0,0.00,0.00,0.00,0.00,0.00,Matches,7ab92dd1
2171,Antonio Raillo,es ESP,DF,Mallorca,es La Liga,33,1991,24,23,2070,23.0,0,1,1,0,0,0,4,0,0.00,0.04,0.04,0.00,0.04,Matches,b857bd29
2172,Ylber Ramadani,al ALB,MF,Lecce,it Serie A,29,1996,37,37,3203,35.6,1,0,1,1,0,0,10,0,0.03,0.00,0.03,0.03,0.03,Matches,ef3c876b
2173,Diant Ramaj,de GER,GK,Heidenheim,de Bundesliga,23,2001,31,31,2790,31.0,0,1,1,0,0,0,2,0,0.00,0.03,0.03,0.00,0.03,Matches,b90c4a43
2174,Largie Ramazani,be BEL,MFFW,Valencia,es La Liga,24,2001,27,11,1234,13.7,6,1,7,3,3,3,4,0,0.44,0.07,0.51,0.22,0.29,Matches,cc9256ef
2175,Jacobo Ramón,es ESP,DF,Como,it Serie A,20,2005,32,30,2742,30.5,2,0,2,2,0,0,11,1,0.07,0.00,0.07,0.07,0.07,Matches,4772b1d1
2176,Gonçalo Ramos,pt POR,FW,PSG,fr Ligue 1,24,2001,30,13,1318,14.6,6,1,7,5,1,2,4,1,0.41,0.07,0.48,0.34,0.41,Matches,f63cda26
2177,Guilherme Ramos,pt POR,DF,Hamburger SV,de Bundesliga,27,1997,8,0,48,0.5,0,0,0,0,0,0,0,0,0.00,0.00,0.00,0.00,0.00,Matches,df9c3473
2178,Aaron Ramsdale,eng ENG,GK,Newcastle,eng Premier League,27,1998,12,11,1004,11.2,0,0,0,0,0,0,2,0,0.00,0.00,0.00,0.00,0.00,Matches,466fb2c5
2179,Jacob Ramsey,eng ENG,MF,Newcastle,eng Premier League,24,2001,28,15,1450,16.1,2,3,5,2,0,0,5,1,0.12,0.19,0.31,0.12,0.31,Matches,1544f145
2180,Luca Ranieri,it ITA,DF,Fiorentina,it Serie A,26,1999,34,29,2458,27.3,1,0,1,1,0,0,8,1,0.04,0.00,0.04,0.04,0.04,Matches,8c63fae5
2181,Grant Ranos,am ARM,FW,Gladbach,de Bundesliga,22,2003,8,0,119,1.3,1,0,1,1,0,0,1,0,0.76,0.00,0.76,0.76,0.76,Matches,0ee6ea6a
2182,Lilian Raolisoa,fr FRA,MFDF,Angers,fr Ligue 1,25,2000,32,21,1966,21.8,2,4,6,2,0,0,3,0,0.09,0.18,0.27,0.09,0.27,Matches,79a793b7
2183,Raphinha,br BRA,MFFW,Barcelona,es La Liga,28,1996,22,18,1380,15.3,13,3,16,10,3,3,5,0,0.85,0.20,1.04,0.65,0.85,Matches,3423f250
2184,Marcus Rashford,eng ENG,MFFW,Barcelona,es La Liga,27,1997,32,18,1763,19.6,8,7,15,8,0,0,3,0,0.41,0.36,0.77,0.41,0.77,Matches,a1d5bd30
2185,Mathias Rasmussen,no NOR,MF,St Pauli,de Bundesliga,27,1997,13,8,694,7.7,0,0,0,0,0,0,0,0,0.00,0.00,0.00,0.00,0.00,Matches,99549c4b
2186,Giacomo Raspadori,it ITA,MFFW,Atalanta,it Serie A,25,2000,13,7,796,8.8,3,1,4,3,0,0,0,0,0.34,0.11,0.45,0.34,0.45,Matches,6e058f06
2187,Giacomo Raspadori,it ITA,FW,Atlético Madrid,es La Liga,25,2000,12,1,236,2.6,0,1,1,0,0,0,1,0,0.00,0.38,0.38,0.00,0.38,Matches,6e058f06
2188,Othniel Raterink,nl NED,DF,Cagliari,it Serie A,19,2006,1,0,7,0.1,0,0,0,0,0,0,0,0,0.00,0.00,0.00,0.00,0.00,Matches,f3eb2f17
2189,Andrei Ratiu,ro ROU,DF,Rayo Vallecano,es La Liga,27,1998,35,31,2807,31.2,0,4,4,0,0,0,9,0,0.00,0.13,0.13,0.00,0.13,Matches,b1b99435
2190,Petar Ratkov,rs SRB,FW,Lazio,it Serie A,21,2003,8,2,233,2.6,0,0,0,0,0,0,0,0,0.00,0.00,0.00,0.00,0.00,Matches,f446748f
2191,Raúl,es ESP,FW,Osasuna,es La Liga,24,2000,36,6,1041,11.6,7,1,8,7,0,0,2,1,0.61,0.09,0.69,0.61,0.69,Matches,18f0a9f0
2192,David Raum,de GER,DF,RB Leipzig,de Bundesliga,27,1998,30,29,2553,28.4,3,7,10,2,1,1,6,0,0.11,0.25,0.35,0.07,0.32,Matches,7d450ed3
2193,Federico Ravaglia,it ITA,GK,Bologna,it Serie A,25,1999,17,16,1470,16.3,0,0,0,0,0,0,4,0,0.00,0.00,0.00,0.00,0.00,Matches,6662d731
2194,David Raya,es ESP,GK,Arsenal,eng Premier League,29,1995,37,37,3330,37.0,0,0,0,0,0,0,1,0,0.00,0.00,0.00,0.00,0.00,Matches,98ea5115
2195,Rayan,br BRA,MF,Bournemouth,eng Premier League,18,2006,15,13,1111,12.3,5,2,7,5,0,0,1,0,0.41,0.16,0.57,0.41,0.57,Matches,288647fc
2196,Abde Rebbach,dz ALG,MFDF,Alavés,es La Liga,26,1998,30,15,1496,16.6,1,4,5,1,0,0,8,0,0.06,0.24,0.30,0.06,0.30,Matches,9a796115
2197,Federico Redondo,ar ARG,MF,Elche,es La Liga,22,2003,11,1,179,2.0,0,0,0,0,0,0,0,1,0.00,0.00,0.00,0.00,0.00,Matches,b7b9c8ce
2198,Harrison Reed,eng ENG,MF,Fulham,eng Premier League,30,1995,7,1,94,1.0,1,0,1,1,0,0,0,0,0.96,0.00,0.96,0.96,0.96,Matches,803ae100
2199,Luca Reggiani,it ITA,DF,Dortmund,de Bundesliga,17,2008,8,6,511,5.7,1,0,1,1,0,0,2,0,0.18,0.00,0.18,0.18,0.18,Matches,df8ef97b
2200,Alejandro Rego,es ESP,MF,Athletic Club,es La Liga,22,2003,29,11,1279,14.2,1,1,2,1,0,0,6,0,0.07,0.07,0.14,0.07,0.14,Matches,72e0d609
2201,Tijjani Reijnders,nl NED,MF,Manchester City,eng Premier League,27,1998,28,19,1631,18.1,5,2,7,5,0,0,2,0,0.28,0.11,0.39,0.28,0.39,Matches,afb61630
2202,Alberto Reina,es ESP,MF,Oviedo,es La Liga,27,1997,37,31,2462,27.4,4,1,5,4,0,0,6,1,0.15,0.04,0.18,0.15,0.18,Matches,dede3190
2203,Vitor Reis,br BRA,DF,Girona,es La Liga,19,2006,36,35,3138,34.9,1,1,2,1,0,0,9,1,0.03,0.03,0.06,0.03,0.06,Matches,c4ce0ab5
2204,Rocco Reitz,de GER,MF,Gladbach,de Bundesliga,23,2002,31,31,2627,29.2,0,4,4,0,0,0,8,1,0.00,0.14,0.14,0.00,0.14,Matches,cc971106
2205,Nicolai Remberg,de GER,MF,Hamburger SV,de Bundesliga,25,2000,32,32,2880,32.0,0,2,2,0,0,0,11,0,0.00,0.06,0.06,0.00,0.06,Matches,625fd441
2206,Álex Remiro,es ESP,GK,Real Sociedad,es La Liga,30,1995,37,37,3330,37.0,0,0,0,0,0,0,1,0,0.00,0.00,0.00,0.00,0.00,Matches,374ee424
2207,Devyne Rensch,nl NED,MF,Roma,it Serie A,22,2003,24,12,1184,13.2,1,4,5,1,0,0,1,0,0.08,0.30,0.38,0.08,0.38,Matches,c5cbbcff
2208,Guillaume Restes,fr FRA,GK,Toulouse,fr Ligue 1,20,2005,33,33,2939,32.7,0,0,0,0,0,0,3,0,0.00,0.00,0.00,0.00,0.00,Matches,6b91b999
2209,Elvis Rexhbeçaj,xk KVX,MF,Augsburg,de Bundesliga,27,1997,26,10,1118,12.4,2,0,2,2,0,0,4,0,0.16,0.00,0.16,0.16,0.16,Matches,1ae836b1
2210,Oriol Rey,es ESP,MF,Levante,es La Liga,27,1998,20,14,1319,14.7,0,1,1,0,0,0,4,0,0.00,0.07,0.07,0.00,0.07,Matches,e8a0d2f7
2211,Gio Reyna,us USA,MF,Gladbach,de Bundesliga,22,2002,19,4,520,5.8,1,0,1,1,0,0,1,0,0.17,0.00,0.17,0.17,0.17,Matches,7fa4e703
2212,Chadi Riad,ma MAR,DF,Crystal Palace,eng Premier League,22,2003,9,6,552,6.1,0,1,1,0,0,0,2,0,0.00,0.16,0.16,0.00,0.16,Matches,b3b9b8b8
2213,Alexsandro Ribeiro,br BRA,DF,Lille,fr Ligue 1,25,1999,9,7,509,5.7,0,0,0,0,0,0,0,1,0.00,0.00,0.00,0.00,0.00,Matches,102c9665
2214,Rodrigo Ribeiro,pt POR,FW,Augsburg,de Bundesliga,20,2005,14,6,636,7.1,2,0,2,2,0,0,1,0,0.28,0.00,0.28,0.28,0.28,Matches,484a3eae
2215,Samuele Ricci,it ITA,MF,Milan,it Serie A,23,2001,31,11,1312,14.6,1,4,5,1,0,0,3,0,0.07,0.27,0.34,0.07,0.34,Matches,9823be92
2216,Declan Rice,eng ENG,MF,Arsenal,eng Premier League,26,1999,36,35,3094,34.4,4,5,9,4,0,0,3,0,0.12,0.15,0.26,0.12,0.26,Matches,1c7012b8
2217,Chris Richards,us USA,DF,Crystal Palace,eng Premier League,25,2000,33,31,2827,31.4,1,0,1,1,0,0,4,0,0.03,0.00,0.03,0.03,0.03,Matches,0a3d6d2b
2218,Amir Richardson,ma MAR,MF,Fiorentina,it Serie A,23,2002,2,0,42,0.5,0,0,0,0,0,0,0,0,0.00,0.00,0.00,0.00,0.00,Matches,2b7cdb79
2219,Richarlison,br BRA,FWMF,Tottenham,eng Premier League,28,1997,32,20,1964,21.8,11,4,15,11,0,0,5,0,0.50,0.18,0.69,0.50,0.69,Matches,fa031b34
2220,Diego Rico,es ESP,DF,Getafe,es La Liga,32,1993,28,18,1758,19.5,0,0,0,0,0,0,4,0,0.00,0.00,0.00,0.00,0.00,Matches,d9ba39fc
2221,Clemens Riedel,de GER,DF,Espanyol,es La Liga,22,2003,20,16,1396,15.5,0,1,1,0,0,0,5,0,0.00,0.06,0.06,0.00,0.06,Matches,77cfae67
2222,Fabian Rieder,ch SUI,MF,Augsburg,de Bundesliga,23,2002,32,28,2343,26.0,6,3,9,4,2,2,4,0,0.23,0.12,0.35,0.15,0.27,Matches,c2bd8585
2223,Fabian Rieder,ch SUI,MF,Rennes,fr Ligue 1,23,2002,3,2,133,1.5,0,0,0,0,0,0,0,0,0.00,0.00,0.00,0.00,0.00,Matches,c2bd8585
2224,Lasse Rieß,de GER,GK,Mainz 05,de Bundesliga,24,2001,4,3,292,3.2,0,0,0,0,0,0,0,0,0.00,0.00,0.00,0.00,0.00,Matches,25877714
2225,Chris Rigg,eng ENG,MF,Sunderland,eng Premier League,18,2007,18,11,761,8.5,1,1,2,1,0,0,1,0,0.12,0.12,0.24,0.12,0.24,Matches,35741fe2
2226,Filippo Rinaldi,it ITA,GK,Parma,it Serie A,22,2002,1,1,90,1.0,0,0,0,0,0,0,1,0,0.00,0.00,0.00,0.00,0.00,Matches,49124fc6
2227,Hugo Rincón,es ESP,DF,Girona,es La Liga,22,2003,33,16,1750,19.4,1,1,2,1,0,0,4,0,0.05,0.05,0.10,0.05,0.10,Matches,99d98362
2228,Luis Rioja,es ESP,MF,Valencia,es La Liga,31,1993,37,31,2624,29.2,3,6,9,3,0,0,1,0,0.10,0.21,0.31,0.10,0.31,Matches,eb3dd471
2229,Rodrigo Riquelme,es ESP,MF,Real Betis,es La Liga,25,2000,25,7,821,9.1,1,1,2,1,0,0,2,0,0.11,0.11,0.22,0.11,0.22,Matches,65154df0
2230,Robin Risser,fr FRA,GK,Lens,fr Ligue 1,20,2004,33,33,2970,33.0,0,1,1,0,0,0,2,0,0.00,0.03,0.03,0.00,0.03,Matches,56a66faa
2231,Mihailo Ristić,rs SRB,MFDF,Celta Vigo,es La Liga,29,1995,5,4,253,2.8,0,0,0,0,0,0,0,0,0.00,0.00,0.00,0.00,0.00,Matches,ea0aa7e0
2232,Lars Ritzka,de GER,MFDF,St Pauli,de Bundesliga,27,1998,21,12,966,10.7,0,0,0,0,0,0,1,0,0.00,0.00,0.00,0.00,0.00,Matches,35d23b15
2233,Sergi Roberto,es ESP,MF,Como,it Serie A,33,1992,20,5,544,6.0,0,0,0,0,0,0,3,0,0.00,0.00,0.00,0.00,0.00,Matches,335fa267
2234,Patrick Roberts,eng ENG,FWMF,Sunderland,eng Premier League,28,1997,1,0,28,0.3,0,0,0,0,0,0,0,0,0.00,0.00,0.00,0.00,0.00,Matches,59d93937
2235,Andy Robertson,sct SCO,DF,Liverpool,eng Premier League,31,1994,24,11,1176,13.1,1,0,1,1,0,0,0,0,0.08,0.00,0.08,0.08,0.08,Matches,2e4f5f03
2236,Antonee Robinson,us USA,DFMF,Fulham,eng Premier League,27,1997,22,17,1492,16.6,1,0,1,0,1,1,5,0,0.06,0.00,0.06,0.00,0.00,Matches,289601e6
2237,Joel Roca,es ESP,MFFW,Girona,es La Liga,20,2005,32,16,1473,16.4,3,1,4,3,0,0,4,1,0.18,0.06,0.24,0.18,0.24,Matches,5f21b94c
2238,Marc Roca,es ESP,MF,Real Betis,es La Liga,28,1996,29,23,2026,22.5,1,1,2,1,0,0,1,0,0.04,0.04,0.09,0.04,0.09,Matches,da27e268
2239,Ryan Rodin,fr FRA,MF,Auxerre,fr Ligue 1,19,2006,3,0,26,0.3,0,0,0,0,0,0,0,0,0.00,0.00,0.00,0.00,0.00,Matches,30313c86
2240,Kaden Rodney,eng ENG,DFMF,Crystal Palace,eng Premier League,20,2004,1,0,4,0.0,0,0,0,0,0,0,0,0,0.00,0.00,0.00,0.00,0.00,Matches,49375cdd
2241,Joe Rodon,wls WAL,DF,Leeds United,eng Premier League,27,1997,35,33,2951,32.8,2,0,2,2,0,0,3,0,0.06,0.00,0.06,0.06,0.06,Matches,8d62d31a
2242,Rodri,es ESP,MF,Manchester City,eng Premier League,29,1996,21,17,1511,16.8,1,0,1,1,0,0,3,0,0.06,0.00,0.06,0.06,0.06,Matches,6434f10d
2243,Álvaro Rodríguez,uy URU,FW,Elche,es La Liga,21,2004,34,24,2201,24.5,7,5,12,7,0,0,2,0,0.29,0.20,0.49,0.29,0.49,Matches,49a6ecbb
2244,Damián Rodríguez,es ESP,MF,Celta Vigo,es La Liga,22,2003,2,2,150,1.7,0,0,0,0,0,0,1,0,0.00,0.00,0.00,0.00,0.00,Matches,22371dee
2245,Dani Rodríguez,es ESP,FWMF,Mallorca,es La Liga,37,1988,2,0,68,0.8,0,0,0,0,0,0,0,0,0.00,0.00,0.00,0.00,0.00,Matches,70f8e0bd
2246,Guido Rodríguez,ar ARG,MF,West Ham,eng Premier League,31,1994,6,2,180,2.0,0,0,0,0,0,0,1,0,0.00,0.00,0.00,0.00,0.00,Matches,34e393f2
2247,Guido Rodríguez,ar ARG,MF,Valencia,es La Liga,31,1994,16,14,1309,14.5,4,0,4,4,0,0,4,0,0.28,0.00,0.28,0.28,0.28,Matches,34e393f2
2248,Javi Rodríguez,es ESP,DF,Celta Vigo,es La Liga,22,2003,33,28,2558,28.4,0,1,1,0,0,0,5,0,0.00,0.04,0.04,0.00,0.04,Matches,08ec5e71
2249,Jesus Rodríguez,es ESP,MF,Como,it Serie A,19,2005,31,18,1731,19.2,2,9,11,2,0,0,3,1,0.10,0.47,0.57,0.10,0.57,Matches,f9f74e43
2250,Juan Rodríguez,uy URU,DF,Cagliari,it Serie A,20,2005,17,16,1310,14.6,1,0,1,1,0,0,3,0,0.07,0.00,0.07,0.07,0.07,Matches,8f72c9d2
2251,Ricardo Rodríguez,ch SUI,DF,Real Betis,es La Liga,32,1992,23,18,1547,17.2,0,1,1,0,0,0,0,0,0.00,0.06,0.06,0.00,0.06,Matches,7f78ad23
2252,Rodrygo,br BRA,MFFW,Real Madrid,es La Liga,24,2001,19,6,684,7.6,1,3,4,1,0,0,3,0,0.13,0.39,0.53,0.13,0.53,Matches,8f5e92a6
2253,Robin Roefs,nl NED,GK,Sunderland,eng Premier League,22,2003,35,35,3150,35.0,0,0,0,0,0,0,4,0,0.00,0.00,0.00,0.00,0.00,Matches,349fa918
2254,Morgan Rogers,eng ENG,MF,Aston Villa,eng Premier League,23,2002,37,37,3280,36.4,10,6,16,10,0,0,7,0,0.27,0.16,0.44,0.27,0.44,Matches,2e5915f1
2255,Merlin Röhl,de GER,MF,Freiburg,de Bundesliga,23,2002,2,0,66,0.7,0,0,0,0,0,0,0,0,0.00,0.00,0.00,0.00,0.00,Matches,1f2c7b55
2256,Merlin Röhl,de GER,MF,Everton,eng Premier League,23,2002,16,6,682,7.6,1,0,1,1,0,0,0,0,0.13,0.00,0.13,0.13,0.13,Matches,1f2c7b55
2257,Filippo Romagna,it ITA,DF,Sassuolo,it Serie A,28,1997,5,4,313,3.5,0,0,0,0,0,0,0,0,0.00,0.00,0.00,0.00,0.00,Matches,84594618
2258,Alessio Romagnoli,it ITA,DF,Lazio,it Serie A,30,1995,32,31,2666,29.6,0,0,0,0,0,0,6,1,0.00,0.00,0.00,0.00,0.00,Matches,3ead85f9
2259,Leo Román,es ESP,GK,Mallorca,es La Liga,25,2000,33,33,2970,33.0,0,0,0,0,0,0,4,0,0.00,0.00,0.00,0.00,0.00,Matches,924ff27e
2260,Miguel Román,es ESP,MF,Celta Vigo,es La Liga,22,2002,19,14,1311,14.6,1,0,1,1,0,0,3,0,0.07,0.00,0.07,0.07,0.07,Matches,ca316820
2261,Alessandro Romano,ch SUI,MF,Roma,it Serie A,19,2006,2,0,8,0.1,0,0,0,0,0,0,0,0,0.00,0.00,0.00,0.00,0.00,Matches,e7b212fa
2262,Carlos Romero,es ESP,DF,Espanyol,es La Liga,23,2001,36,36,3191,35.5,6,3,9,6,0,0,4,0,0.17,0.08,0.25,0.17,0.25,Matches,23cbf863
2263,Cristian Romero,ar ARG,DF,Tottenham,eng Premier League,27,1998,23,22,1868,20.8,4,1,5,4,0,0,11,2,0.19,0.05,0.24,0.19,0.24,Matches,a3d94a58
2264,Isaac Romero,es ESP,FWMF,Sevilla,es La Liga,25,2000,29,18,1484,16.5,4,0,4,4,0,1,6,1,0.24,0.00,0.24,0.24,0.24,Matches,be719093
2265,Iván Romero,es ESP,FWMF,Levante,es La Liga,24,2001,32,28,2259,25.1,7,1,8,7,0,1,5,0,0.28,0.04,0.32,0.28,0.32,Matches,2fbe6af0
2266,Zaid Romero,ar ARG,DF,Getafe,es La Liga,25,1999,15,15,1349,15.0,1,0,1,1,0,0,5,1,0.07,0.00,0.07,0.07,0.07,Matches,71c980b7
2267,Rômulo,br BRA,FW,RB Leipzig,de Bundesliga,23,2002,30,27,2188,24.3,9,4,13,9,0,1,3,0,0.37,0.16,0.53,0.37,0.53,Matches,03dd053e
2268,Salomón Rondón,ve VEN,FW,Oviedo,es La Liga,35,1989,16,13,1032,11.5,2,0,2,2,0,1,2,0,0.17,0.00,0.17,0.17,0.17,Matches,b318a643
2269,Valentin Rongier,fr FRA,MF,Rennes,fr Ligue 1,30,1994,31,31,2745,30.5,2,5,7,2,0,0,6,0,0.07,0.16,0.23,0.07,0.23,Matches,ed45c4a5
2270,Marten de Roon,nl NED,MF,Atalanta,it Serie A,34,1991,34,32,2691,29.9,1,2,3,1,0,0,8,1,0.03,0.07,0.10,0.03,0.10,Matches,2a1beb34
2271,Pablo Rosario,do DOM,DFMF,Nice,fr Ligue 1,28,1997,1,0,28,0.3,0,0,0,0,0,0,0,0,0.00,0.00,0.00,0.00,0.00,Matches,1a6b7ea4
2272,Max Rosenfelder,de GER,DF,Freiburg,de Bundesliga,22,2003,12,5,492,5.5,0,0,0,0,0,0,0,0,0.00,0.00,0.00,0.00,0.00,Matches,b6ceba6b
2273,Lucas Rosier,fr FRA,FW,Rennes,fr Ligue 1,18,2007,2,0,2,0.0,0,0,0,0,0,0,0,0,0.00,0.00,0.00,0.00,0.00,Matches,39c5a0a8
2274,Valentin Rosier,fr FRA,DFMF,Osasuna,es La Liga,28,1996,31,30,2547,28.3,1,1,2,1,0,0,6,1,0.04,0.04,0.07,0.04,0.07,Matches,9b6d9b53
2275,Tom Rothe,de GER,MFDF,Union Berlin,de Bundesliga,20,2004,21,10,1029,11.4,2,0,2,2,0,0,1,1,0.17,0.00,0.17,0.17,0.17,Matches,90c1f9a4
2276,Anthony Rouault,fr FRA,DF,Rennes,fr Ligue 1,24,2001,21,19,1724,19.2,1,0,1,1,0,0,4,0,0.05,0.00,0.05,0.05,0.05,Matches,9b545925
2277,Nicolò Rovella,it ITA,MF,Lazio,it Serie A,23,2001,11,6,512,5.7,0,1,1,0,0,0,2,1,0.00,0.18,0.18,0.00,0.18,Matches,e58cbfd5
2278,Jonathan Rowe,eng ENG,MFFW,Bologna,it Serie A,22,2003,28,17,1605,17.8,3,2,5,3,0,0,2,0,0.17,0.11,0.28,0.17,0.28,Matches,8c12f884
2279,Jonathan Rowe,eng ENG,FW,Marseille,fr Ligue 1,22,2003,1,1,62,0.7,0,0,0,0,0,0,0,0,0.00,0.00,0.00,0.00,0.00,Matches,8c12f884
2280,James Rowswell,eng ENG,DF,Tottenham,eng Premier League,19,2006,1,0,1,0.0,0,0,0,0,0,0,0,0,0.00,0.00,0.00,0.00,0.00,Matches,419147f7
2281,Amir Rrahmani,xk KVX,DF,Napoli,it Serie A,31,1994,21,21,1795,19.9,2,1,3,2,0,0,2,0,0.10,0.05,0.15,0.10,0.15,Matches,4b3e1a38
2282,Rubén,es ESP,DFMF,Espanyol,es La Liga,24,2001,21,8,812,9.0,0,1,1,0,0,0,2,0,0.00,0.11,0.11,0.00,0.11,Matches,35d4f151
2283,Antonio Rüdiger,de GER,DF,Real Madrid,es La Liga,32,1993,18,16,1490,16.6,1,0,1,1,0,0,0,0,0.06,0.00,0.06,0.06,0.06,Matches,18b896d6
2284,Javi Rueda,es ESP,MF,Celta Vigo,es La Liga,23,2002,26,16,1404,15.6,2,6,8,2,0,0,6,0,0.13,0.38,0.51,0.13,0.51,Matches,9ace87ba
2285,Daniele Rugani,it ITA,DF,Fiorentina,it Serie A,31,1994,6,4,327,3.6,0,0,0,0,0,0,2,0,0.00,0.00,0.00,0.00,0.00,Matches,14b8fcdf
2286,Daniele Rugani,it ITA,DF,Juventus,it Serie A,31,1994,6,3,250,2.8,0,0,0,0,0,0,0,0,0.00,0.00,0.00,0.00,0.00,Matches,14b8fcdf
2287,Matteo Ruggeri,it ITA,DF,Atlético Madrid,es La Liga,23,2002,26,20,1774,19.7,0,3,3,0,0,0,4,0,0.00,0.15,0.15,0.00,0.15,Matches,ae9898c5
2288,Aitor Ruibal,es ESP,DFMF,Real Betis,es La Liga,29,1996,27,20,1808,20.1,4,2,6,4,0,0,6,1,0.20,0.10,0.30,0.20,0.30,Matches,a55d8df5
2289,Abel Ruiz,es ESP,FW,Girona,es La Liga,25,2000,9,0,187,2.1,0,0,0,0,0,0,0,0,0.00,0.00,0.00,0.00,0.00,Matches,6cbf8d0d
2290,Fabián Ruiz Peña,es ESP,MF,PSG,fr Ligue 1,29,1996,20,13,1131,12.6,1,4,5,1,0,0,2,0,0.08,0.32,0.40,0.08,0.40,Matches,c0c7ff58
2291,Gerónimo Rulli,ar ARG,GK,Marseille,fr Ligue 1,33,1992,29,29,2610,29.0,0,0,0,0,0,0,3,0,0.00,0.00,0.00,0.00,0.00,Matches,625c144a
2292,Iñaki Rupérez,es ESP,DF,Real Sociedad,es La Liga,22,2003,1,0,1,0.0,0,0,0,0,0,0,0,0,0.00,0.00,0.00,0.00,0.00,Matches,0607a092
2293,Jacen Russell-Rowe,ca CAN,FW,Toulouse,fr Ligue 1,22,2002,13,5,472,5.2,1,0,1,1,0,0,0,0,0.19,0.00,0.19,0.19,0.19,Matches,b33c6ed5
2294,Georginio Rutter,fr FRA,MFFW,Brighton,eng Premier League,23,2002,32,20,1786,19.8,3,3,6,3,0,0,2,0,0.15,0.15,0.30,0.15,0.30,Matches,c64c01fc
2295,Mathew Ryan,au AUS,GK,Levante,es La Liga,33,1992,36,36,3240,36.0,0,0,0,0,0,0,4,0,0.00,0.00,0.00,0.00,0.00,Matches,4535e4bb
2296,Julian Ryerson,no NOR,MF,Dortmund,de Bundesliga,27,1997,31,26,2266,25.2,0,15,15,0,0,0,8,0,0.00,0.60,0.60,0.00,0.60,Matches,009a4f60
2297,Frederik Rønnow,dk DEN,GK,Union Berlin,de Bundesliga,32,1992,30,30,2640,29.3,0,0,0,0,0,0,2,0,0.00,0.00,0.00,0.00,0.00,Matches,a70b8345
2298,Alexander Røssing-Lelesiit,no NOR,FWMF,Hamburger SV,de Bundesliga,18,2007,11,5,321,3.6,0,1,1,0,0,0,3,1,0.00,0.28,0.28,0.00,0.28,Matches,6067c6dd
2299,José Sá,pt POR,GK,Wolves,eng Premier League,32,1993,23,23,2070,23.0,0,0,0,0,0,0,2,0,0.00,0.00,0.00,0.00,0.00,Matches,903b6e8b
2300,Elias Saad,tn TUN,MFFW,Augsburg,de Bundesliga,25,1999,10,7,497,5.5,0,0,0,0,0,0,1,0,0.00,0.00,0.00,0.00,0.00,Matches,78a2284f
2301,Idrissa Sabaly,fr FRA,MF,Strasbourg,fr Ligue 1,17,2007,1,1,56,0.6,0,0,0,0,0,0,0,0,0.00,0.00,0.00,0.00,0.00,Matches,497e98a8
2302,Stefano Sabelli,it ITA,MFDF,Genoa,it Serie A,32,1993,16,12,913,10.1,0,0,0,0,0,0,0,0,0.00,0.00,0.00,0.00,0.00,Matches,0ccac09c
2303,Abdelhamid Sabiri,ma MAR,MF,Fiorentina,it Serie A,28,1996,1,0,27,0.3,0,0,0,0,0,0,0,0,0.00,0.00,0.00,0.00,0.00,Matches,4830e0af
2304,Marcel Sabitzer,at AUT,MF,Dortmund,de Bundesliga,31,1994,26,21,1817,20.2,1,2,3,1,0,0,3,0,0.05,0.10,0.15,0.05,0.15,Matches,e280527c
2305,Noah Sadiki,cd COD,MF,Sunderland,eng Premier League,20,2004,33,33,2889,32.1,0,1,1,0,0,0,9,0,0.00,0.03,0.03,0.00,0.03,Matches,645481cc
2306,Umar Sadiq,ng NGA,FW,Valencia,es La Liga,28,1997,20,8,911,10.1,4,2,6,4,0,0,3,0,0.40,0.20,0.59,0.40,0.59,Matches,686cbe7d
2307,Umar Sadiq,ng NGA,FW,Real Sociedad,es La Liga,28,1997,5,2,153,1.7,0,0,0,0,0,0,1,0,0.00,0.00,0.00,0.00,0.00,Matches,686cbe7d
2308,Alexis Saelemaekers,be BEL,MF,Milan,it Serie A,26,1999,35,33,2788,31.0,3,3,6,3,0,0,5,0,0.10,0.10,0.19,0.10,0.19,Matches,ee251371
2309,Matvei Safonov,ru RUS,GK,PSG,fr Ligue 1,26,1999,15,15,1350,15.0,0,0,0,0,0,0,0,0,0.00,0.00,0.00,0.00,0.00,Matches,d97b252e
2310,Emir Sahiti,xk KVX,FW,Hamburger SV,de Bundesliga,26,1998,2,2,120,1.3,0,0,0,0,0,0,0,0,0.00,0.00,0.00,0.00,0.00,Matches,866408c6
2311,Osame Sahraoui,ma MAR,MF,Lille,fr Ligue 1,24,2001,18,4,505,5.6,1,2,3,1,0,0,0,0,0.18,0.36,0.53,0.18,0.53,Matches,6f9fa232
2312,Wesley Saïd,fr FRA,MF,Lens,fr Ligue 1,30,1995,29,26,1991,22.1,12,2,14,11,1,1,2,0,0.54,0.09,0.63,0.50,0.59,Matches,90fcf472
2313,Allan Saint-Maximin,fr FRA,MF,Lens,fr Ligue 1,28,1997,10,2,410,4.6,3,3,6,3,0,0,0,0,0.66,0.66,1.32,0.66,1.32,Matches,2b16cb1a
2314,Bukayo Saka,eng ENG,FWMF,Arsenal,eng Premier League,23,2001,31,25,2222,24.7,7,5,12,6,1,1,2,0,0.28,0.20,0.49,0.24,0.45,Matches,bc7dc64d
2315,Mathis Saka,fr FRA,FW,Toulouse,fr Ligue 1,18,2006,1,0,8,0.1,0,0,0,0,0,0,0,0,0.00,0.00,0.00,0.00,0.00,Matches,94c800c4
2316,Álex Sala,es ESP,MF,Lecce,it Serie A,24,2001,9,2,167,1.9,0,1,1,0,0,0,0,0,0.00,0.54,0.54,0.00,0.54,Matches,93551864
2317,Ibrahim Salah,ma MAR,MF,Rennes,fr Ligue 1,23,2001,2,0,35,0.4,0,0,0,0,0,0,0,0,0.00,0.00,0.00,0.00,0.00,Matches,cad3fd4d
2318,Mohamed Salah,eg EGY,MF,Liverpool,eng Premier League,33,1992,27,23,2146,23.8,7,7,14,6,1,1,1,0,0.29,0.29,0.59,0.25,0.55,Matches,e342ad68
2319,Jan Salas,es ESP,MF,Mallorca,es La Liga,19,2005,2,0,17,0.2,0,0,0,0,0,0,0,0,0.00,0.00,0.00,0.00,0.00,Matches,59bb99d1
2320,Kike Salas,es ESP,DF,Sevilla,es La Liga,23,2002,26,24,2203,24.5,2,0,2,2,0,0,1,0,0.08,0.00,0.08,0.08,0.08,Matches,0a69de7b
2321,Manolis Saliakas,gr GRE,MF,St Pauli,de Bundesliga,28,1996,17,12,1106,12.3,1,3,4,1,0,0,3,0,0.08,0.24,0.33,0.08,0.33,Matches,18fe6d90
2322,William Saliba,fr FRA,DF,Arsenal,eng Premier League,24,2001,31,30,2614,29.0,1,0,1,1,0,0,2,0,0.03,0.00,0.03,0.03,0.03,Matches,972aeb2a
2323,José Salinas,es ESP,DF,Espanyol,es La Liga,24,2000,11,2,257,2.9,0,0,0,0,0,0,2,0,0.00,0.00,0.00,0.00,0.00,Matches,2c82c766
2324,Mohammed Salisu,gh GHA,DF,Monaco,fr Ligue 1,26,1999,12,12,1080,12.0,1,0,1,1,0,0,3,0,0.08,0.00,0.08,0.08,0.08,Matches,0b33f6ad
2325,Lazar Samardzic,rs SRB,MF,Atalanta,it Serie A,23,2002,26,11,1030,11.4,2,1,3,2,0,0,1,0,0.17,0.09,0.26,0.17,0.26,Matches,217c93a1
2326,Mbwana Samatta,tz TAN,FW,Le Havre,fr Ligue 1,32,1992,27,17,1542,17.1,2,1,3,2,0,0,4,0,0.12,0.06,0.18,0.12,0.18,Matches,dae8623e
2327,Mama Samba Baldé,gw GNB,FWMF,Brest,fr Ligue 1,29,1995,18,8,716,8.0,2,2,4,2,0,0,0,0,0.25,0.25,0.50,0.25,0.50,Matches,fb14aa28
2328,Brice Samba,fr FRA,GK,Rennes,fr Ligue 1,31,1994,32,32,2880,32.0,0,0,0,0,0,0,5,0,0.00,0.00,0.00,0.00,0.00,Matches,60d90c55
2329,Albert Sambi Lokonga,be BEL,MF,Hamburger SV,de Bundesliga,25,1999,26,20,1710,19.0,5,0,5,5,0,0,3,0,0.26,0.00,0.26,0.26,0.26,Matches,1b4f1169
2330,Antonio Sanabria,py PAR,FW,Cremonese,it Serie A,29,1996,25,10,945,10.5,1,1,2,1,0,0,2,0,0.10,0.10,0.19,0.10,0.19,Matches,0a447501
2331,Oihan Sancet,es ESP,MF,Athletic Club,es La Liga,25,2000,28,22,1788,19.9,4,0,4,2,2,2,4,1,0.20,0.00,0.20,0.10,0.10,Matches,bdb624a3
2332,Álex Sánchez,es ESP,FW,Elche,es La Liga,19,2006,1,0,6,0.1,0,1,1,0,0,0,0,0,0.00,15.00,15.00,0.00,15.00,Matches,8840b4e2
2333,Alexis Sánchez,cl CHI,FWMF,Sevilla,es La Liga,36,1988,28,11,1308,14.5,4,2,6,3,1,1,3,0,0.28,0.14,0.41,0.21,0.34,Matches,2c0f8e9e
2334,Antonio Sánchez,es ESP,MFDF,Mallorca,es La Liga,28,1997,30,9,1073,11.9,0,0,0,0,0,0,5,1,0.00,0.00,0.00,0.00,0.00,Matches,a254bbe0
2335,Juanlu Sánchez,es ESP,MFDF,Sevilla,es La Liga,21,2003,32,23,1990,22.1,0,3,3,0,0,0,6,1,0.00,0.14,0.14,0.00,0.14,Matches,cc6de655
2336,Borja Sánchez Laborde,es ESP,MF,Oviedo,es La Liga,29,1996,1,0,14,0.2,0,0,0,0,0,0,0,0,0.00,0.00,0.00,0.00,0.00,Matches,01cab116
2337,Manu Sánchez,es ESP,DF,Levante,es La Liga,24,2000,33,31,2814,31.3,1,2,3,1,0,0,8,0,0.03,0.06,0.10,0.03,0.10,Matches,ffacd3d5
2338,Robert Sánchez,es ESP,GK,Chelsea,eng Premier League,27,1997,35,35,3039,33.8,0,1,1,0,0,0,3,1,0.00,0.03,0.03,0.00,0.03,Matches,6a713852
2339,Selton Sánchez,es ESP,MF,Athletic Club,es La Liga,18,2007,7,2,196,2.2,0,1,1,0,0,0,0,0,0.00,0.46,0.46,0.00,0.46,Matches,4a5ca034
2340,Jadon Sancho,eng ENG,MF,Aston Villa,eng Premier League,25,2000,23,9,876,9.7,0,2,2,0,0,0,0,0,0.00,0.21,0.21,0.00,0.21,Matches,dbf053da
2341,Álex Sancris,es ESP,MFFW,Getafe,es La Liga,28,1997,18,5,708,7.9,0,1,1,0,0,0,4,1,0.00,0.13,0.13,0.00,0.13,Matches,640b4170
2342,Philipp Sander,de GER,DFMF,Gladbach,de Bundesliga,27,1998,30,29,2445,27.2,2,0,2,2,0,0,4,0,0.07,0.00,0.07,0.07,0.07,Matches,5c90bad8
2343,James Sands,us USA,MF,St Pauli,de Bundesliga,25,2000,24,23,1934,21.5,1,0,1,1,0,0,4,0,0.05,0.00,0.05,0.05,0.05,Matches,dccd127f
2344,Ibou Sané,sn SEN,FWMF,Metz,fr Ligue 1,20,2005,16,5,541,6.0,1,1,2,1,0,0,2,0,0.17,0.17,0.33,0.17,0.33,Matches,22d90df9
2345,Sadibou Sané,sn SEN,DF,Metz,fr Ligue 1,21,2004,23,22,1940,21.6,2,1,3,2,0,0,5,2,0.09,0.05,0.14,0.09,0.14,Matches,b2009f99
2346,Arouna Sangante,sn SEN,DF,Le Havre,fr Ligue 1,23,2002,28,28,2324,25.8,1,1,2,1,0,0,4,2,0.04,0.04,0.08,0.04,0.08,Matches,17bb562c
2347,Buba Sangaré,es ESP,DFMF,Elche,es La Liga,17,2007,12,8,538,6.0,0,0,0,0,0,0,3,0,0.00,0.00,0.00,0.00,0.00,Matches,42a91c6d
2348,Ibrahim Sangaré,ci CIV,MF,Nottingham,eng Premier League,27,1997,28,25,2075,23.1,2,2,4,2,0,0,5,0,0.09,0.09,0.17,0.09,0.17,Matches,bced0375
2349,Mamadou Sangare,ml MLI,MF,Lens,fr Ligue 1,23,2002,29,27,2323,25.8,3,4,7,3,0,0,5,0,0.12,0.15,0.27,0.12,0.27,Matches,e50d714b
2350,Nhoa Sangui,fr FRA,DF,Paris FC,fr Ligue 1,19,2006,26,18,1737,19.3,0,0,0,0,0,0,0,0,0.00,0.00,0.00,0.00,0.00,Matches,3f465a66
2351,Maroan Sannadi,ma MAR,FW,Athletic Club,es La Liga,24,2001,10,2,288,3.2,1,0,1,1,0,0,2,0,0.31,0.00,0.31,0.31,0.31,Matches,bea2537a
2352,Kaishū Sano,jp JPN,MF,Mainz 05,de Bundesliga,24,2000,34,34,3059,34.0,1,2,3,1,0,0,1,0,0.03,0.06,0.09,0.03,0.09,Matches,7a7a6361
2353,Morgan Sanson,fr FRA,MF,Nice,fr Ligue 1,30,1994,31,20,1772,19.7,0,2,2,0,0,0,4,0,0.00,0.10,0.10,0.00,0.10,Matches,6e7f1353
2354,Baptiste Santamaria,fr FRA,MF,Valencia,es La Liga,30,1995,19,7,754,8.4,1,1,2,1,0,0,2,0,0.12,0.12,0.24,0.12,0.24,Matches,5e22e2a4
2355,Yago Santiago,es ESP,MF,Elche,es La Liga,22,2003,9,3,281,3.1,0,0,0,0,0,0,1,0,0.00,0.00,0.00,0.00,0.00,Matches,88b3215c
2356,Yellu Santiago,es ESP,MF,Hellas Verona,it Serie A,21,2004,2,0,6,0.1,0,0,0,0,0,0,0,0,0.00,0.00,0.00,0.00,0.00,Matches,bc49fd34
2357,Alisson Santos,br BRA,MFFW,Napoli,it Serie A,22,2002,14,9,834,9.3,4,0,4,4,0,0,1,0,0.43,0.00,0.43,0.43,0.43,Matches,c67e9194
2358,Andrey Santos,br BRA,MF,Chelsea,eng Premier League,21,2004,27,13,1260,14.0,1,0,1,1,0,0,4,0,0.07,0.00,0.07,0.07,0.07,Matches,dd745366
2359,Kauã Santos,br BRA,GK,Frankfurt,de Bundesliga,22,2003,13,13,1084,12.0,0,0,0,0,0,0,0,0,0.00,0.00,0.00,0.00,0.00,Matches,c7c50cb5
2360,Tiago Santos,pt POR,DF,Lille,fr Ligue 1,23,2002,15,8,709,7.9,0,0,0,0,0,0,0,0,0.00,0.00,0.00,0.00,0.00,Matches,3eeebc87
2361,Bara Sapoko Ndiaye,sn SEN,MF,Bayern Munich,de Bundesliga,17,2007,4,2,143,1.6,0,0,0,0,0,0,0,0,0.00,0.00,0.00,0.00,0.00,Matches,fa080d50
2362,Renzo Saravia,ar ARG,DF,Valencia,es La Liga,32,1993,5,4,351,3.9,0,0,0,0,0,0,2,0,0.00,0.00,0.00,0.00,0.00,Matches,cf316639
2363,Alejo Sarco,ar ARG,FW,Gladbach,de Bundesliga,19,2006,3,0,53,0.6,0,0,0,0,0,0,0,0,0.00,0.00,0.00,0.00,0.00,Matches,ec756d03
2364,Alejo Sarco,ar ARG,FW,Leverkusen,de Bundesliga,19,2006,3,0,74,0.8,0,0,0,0,0,0,0,0,0.00,0.00,0.00,0.00,0.00,Matches,ec756d03
2365,Jeremy Sarmiento,ec ECU,MF,Cremonese,it Serie A,23,2002,7,0,142,1.6,0,0,0,0,0,0,0,0,0.00,0.00,0.00,0.00,0.00,Matches,ac0d576d
2366,Amin Sarr,se SWE,FWMF,Hellas Verona,it Serie A,24,2001,34,9,1102,12.2,0,1,1,0,0,0,2,1,0.00,0.08,0.08,0.00,0.08,Matches,d5326924
2367,Bouna Sarr,sn SEN,MFDF,Metz,fr Ligue 1,33,1992,12,10,895,9.9,0,0,0,0,0,0,1,0,0.00,0.00,0.00,0.00,0.00,Matches,1a4b9094
2368,Ismaila Sarr,sn SEN,MF,Crystal Palace,eng Premier League,27,1998,28,24,2174,24.2,9,1,10,6,3,3,2,0,0.37,0.04,0.41,0.25,0.29,Matches,bfdb33aa
2369,Malang Sarr,fr FRA,DF,Lens,fr Ligue 1,26,1999,33,33,2925,32.5,0,1,1,0,0,0,4,0,0.00,0.03,0.03,0.00,0.03,Matches,4315f30d
2370,Mamadou Sarr,sn SEN,DF,Strasbourg,fr Ligue 1,19,2005,15,15,1305,14.5,0,0,0,0,0,0,3,0,0.00,0.00,0.00,0.00,0.00,Matches,61f80c89
2371,Mamadou Sarr,sn SEN,DF,Chelsea,eng Premier League,19,2005,3,1,102,1.1,0,0,0,0,0,0,0,0,0.00,0.00,0.00,0.00,0.00,Matches,61f80c89
2372,Martin Satriano,uy URU,FWMF,Getafe,es La Liga,24,2001,18,18,1603,17.8,6,1,7,6,0,0,5,0,0.34,0.06,0.39,0.34,0.39,Matches,86383d0e
2373,Martin Satriano,uy URU,FW,Lyon,fr Ligue 1,24,2001,11,8,692,7.7,2,1,3,2,0,0,1,0,0.26,0.13,0.39,0.26,0.39,Matches,86383d0e
2374,Mario Sauer,sk SVK,MF,Toulouse,fr Ligue 1,21,2004,25,6,651,7.2,1,0,1,1,0,0,4,0,0.14,0.00,0.14,0.14,0.14,Matches,5af313d7
2375,Razvan Sava,ro ROU,GK,Udinese,it Serie A,23,2002,7,6,620,6.9,0,0,0,0,0,0,1,0,0.00,0.00,0.00,0.00,0.00,Matches,41efbd34
2376,Sávio,br BRA,MF,Manchester City,eng Premier League,21,2004,24,7,833,9.3,1,1,2,1,0,0,2,0,0.11,0.11,0.22,0.11,0.22,Matches,fe6e7156
2377,Nicolò Savona,it ITA,DF,Nottingham,eng Premier League,22,2003,14,11,1028,11.4,2,0,2,2,0,0,2,0,0.18,0.00,0.18,0.18,0.18,Matches,e041497d
2378,Amine Sbai,ma MAR,MFFW,Angers,fr Ligue 1,24,2000,25,23,1818,20.2,3,1,4,3,0,1,3,1,0.15,0.05,0.20,0.15,0.20,Matches,bafbe06a
2379,Joe Scally,us USA,DFMF,Gladbach,de Bundesliga,22,2002,32,29,2608,29.0,2,3,5,2,0,0,8,0,0.07,0.10,0.17,0.07,0.17,Matches,236f02cd
2380,Giorgio Scalvini,it ITA,DF,Atalanta,it Serie A,21,2003,24,23,1808,20.1,3,1,4,3,0,0,2,0,0.15,0.05,0.20,0.15,0.20,Matches,1e9aa637
2381,Gianluca Scamacca,it ITA,FW,Atalanta,it Serie A,26,1999,24,16,1315,14.6,10,1,11,8,2,2,2,0,0.68,0.07,0.75,0.55,0.62,Matches,8790f988
2382,Oliver Scarles,eng ENG,DFMF,West Ham,eng Premier League,19,2005,13,9,659,7.3,0,0,0,0,0,0,2,0,0.00,0.00,0.00,0.00,0.00,Matches,242e5e6d
2383,Dane Scarlett,eng ENG,FW,Tottenham,eng Premier League,21,2004,2,0,9,0.1,0,0,0,0,0,0,0,0,0.00,0.00,0.00,0.00,0.00,Matches,21945a9e
2384,Kevin Schade,de GER,MFFW,Brentford,eng Premier League,23,2001,35,32,2745,30.5,8,3,11,8,0,1,6,1,0.26,0.10,0.36,0.26,0.36,Matches,52afb588
2385,András Schäfer,hu HUN,MF,Union Berlin,de Bundesliga,26,1999,28,16,1421,15.8,2,1,3,2,0,0,2,1,0.13,0.06,0.19,0.13,0.19,Matches,049751d7
2386,Fabian Schär,ch SUI,DF,Newcastle,eng Premier League,33,1991,16,11,1091,12.1,0,0,0,0,0,0,1,0,0.00,0.00,0.00,0.00,0.00,Matches,c8aa95da
2387,Fynn Schenten,de GER,FW,Köln,de Bundesliga,17,2007,7,1,100,1.1,0,0,0,0,0,0,0,0,0.00,0.00,0.00,0.00,0.00,Matches,04c6ff01
2388,Derry Scherhant,de GER,MF,Freiburg,de Bundesliga,22,2002,31,12,1301,14.5,5,1,6,5,0,0,2,0,0.35,0.07,0.42,0.35,0.42,Matches,93cba339
2389,Patrik Schick,cz CZE,FW,Leverkusen,de Bundesliga,29,1996,28,23,1988,22.1,16,3,19,12,4,5,2,0,0.72,0.14,0.86,0.54,0.68,Matches,5d4f7d61
2390,Stefan Schimmer,de GER,FW,Heidenheim,de Bundesliga,31,1994,27,3,820,9.1,5,1,6,5,0,0,1,0,0.55,0.11,0.66,0.55,0.66,Matches,395bbb60
2391,Xaver Schlager,at AUT,MF,RB Leipzig,de Bundesliga,27,1997,26,21,1837,20.4,3,1,4,3,0,0,6,0,0.15,0.05,0.20,0.15,0.20,Matches,8f056768
2392,Keven Schlotterbeck,de GER,DF,Augsburg,de Bundesliga,28,1997,24,22,2031,22.6,0,1,1,0,0,1,7,1,0.00,0.04,0.04,0.00,0.04,Matches,f6bdc830
2393,Nico Schlotterbeck,de GER,DF,Dortmund,de Bundesliga,25,1999,28,28,2520,28.0,5,1,6,5,0,0,8,0,0.18,0.04,0.21,0.18,0.21,Matches,34e12499
2394,Mick Schmetgens,de GER,MF,Werder Bremen,de Bundesliga,17,2007,2,0,37,0.4,0,0,0,0,0,0,0,0,0.00,0.00,0.00,0.00,0.00,Matches,ef6a6dfc
2395,Romano Schmid,at AUT,MFFW,Werder Bremen,de Bundesliga,25,2000,34,34,2982,33.1,4,8,12,1,3,4,4,0,0.12,0.24,0.36,0.03,0.27,Matches,220ace7e
2396,Isaac Schmidt,ch SUI,MFDF,Werder Bremen,de Bundesliga,25,1999,19,6,682,7.6,1,0,1,1,0,0,2,0,0.13,0.00,0.13,0.13,0.13,Matches,f8b9b94d
2397,Joël Schmied,ch SUI,DF,Köln,de Bundesliga,26,1998,16,13,1078,12.0,0,0,0,0,0,0,5,0,0.00,0.00,0.00,0.00,0.00,Matches,f6ad6b97
2398,Tim Schnitzer,de GER,MF,Augsburg,de Bundesliga,17,2008,1,0,6,0.1,0,0,0,0,0,0,0,0,0.00,0.00,0.00,0.00,0.00,Matches,8f493b5a
2399,Jan Schöppner,de GER,MF,Heidenheim,de Bundesliga,26,1999,31,29,2252,25.0,3,3,6,3,0,0,5,0,0.12,0.12,0.24,0.12,0.24,Matches,932bfcac
2400,Marvin Schwäbe,de GER,GK,Köln,de Bundesliga,30,1995,34,34,3060,34.0,0,0,0,0,0,0,2,0,0.00,0.00,0.00,0.00,0.00,Matches,87436846
2401,Léo Scienza,br BRA,MF,Heidenheim,de Bundesliga,26,1998,2,2,180,2.0,1,0,1,1,0,0,0,0,0.50,0.00,0.50,0.50,0.50,Matches,79064bc9
2402,Alex Scott,eng ENG,MF,Bournemouth,eng Premier League,21,2003,37,34,2849,31.7,3,1,4,3,0,0,5,0,0.09,0.03,0.13,0.09,0.13,Matches,104d0bb8
2403,Simone Scuffet,it ITA,GK,Pisa,it Serie A,29,1996,7,7,630,7.0,0,0,0,0,0,0,0,0,0.00,0.00,0.00,0.00,0.00,Matches,41bd99ea
2404,Sebastian Sebulonsen,no NOR,DFMF,Köln,de Bundesliga,25,2000,31,28,2498,27.8,0,0,0,0,0,0,5,0,0.00,0.00,0.00,0.00,0.00,Matches,d62063b7
2405,Jenson Seelt,nl NED,DF,Wolfsburg,de Bundesliga,22,2003,9,8,681,7.6,0,0,0,0,0,0,0,0,0.00,0.00,0.00,0.00,0.00,Matches,ec75ee25
2406,Jenson Seelt,nl NED,DF,Sunderland,eng Premier League,22,2003,2,1,134,1.5,0,0,0,0,0,0,0,0,0.00,0.00,0.00,0.00,0.00,Matches,ec75ee25
2407,Alidu Seidu,gh GHA,DF,Rennes,fr Ligue 1,25,2000,21,13,1186,13.2,0,1,1,0,0,0,1,0,0.00,0.08,0.08,0.00,0.08,Matches,cea59f02
2408,Taufik Seidu,es ESP,MF,Atlético Madrid,es La Liga,17,2008,1,0,23,0.3,0,0,0,0,0,0,1,0,0.00,0.00,0.00,0.00,0.00,Matches,db61413a
2409,Nicolas Seiwald,at AUT,MF,RB Leipzig,de Bundesliga,24,2001,33,31,2694,29.9,0,2,2,0,0,0,2,0,0.00,0.07,0.07,0.00,0.07,Matches,28c6e925
2410,Ayumu Seko,jp JPN,MFDF,Le Havre,fr Ligue 1,25,2000,30,29,2625,29.2,0,0,0,0,0,0,6,0,0.00,0.00,0.00,0.00,0.00,Matches,5c6a4059
2411,Matz Sels,be BEL,GK,Nottingham,eng Premier League,33,1992,31,30,2668,29.6,0,0,0,0,0,0,2,0,0.00,0.00,0.00,0.00,0.00,Matches,834b5c4c
2412,Antoine Semenyo,gh GHA,MF,Bournemouth,eng Premier League,25,2000,20,20,1798,20.0,10,3,13,9,1,2,6,0,0.50,0.15,0.65,0.45,0.60,Matches,efd2ec23
2413,Antoine Semenyo,gh GHA,MFFW,Manchester City,eng Premier League,25,2000,17,17,1397,15.5,7,1,8,7,0,0,1,0,0.45,0.06,0.52,0.45,0.52,Matches,efd2ec23
2414,Adrian Šemper,hr CRO,GK,Pisa,it Serie A,27,1998,25,25,2250,25.0,0,0,0,0,0,0,0,0,0.00,0.00,0.00,0.00,0.00,Matches,f02dde20
2415,Marvin Senaya,gh GHA,DFMF,Auxerre,fr Ligue 1,24,2001,25,20,1780,19.8,1,0,1,1,0,0,5,0,0.05,0.00,0.05,0.05,0.05,Matches,1d383c10
2416,Marcos Senesi,ar ARG,DF,Bournemouth,eng Premier League,28,1997,37,37,3288,36.5,0,5,5,0,0,0,8,0,0.00,0.14,0.14,0.00,0.14,Matches,35141f4c
2417,Suat Serdar,de GER,MF,Hellas Verona,it Serie A,28,1997,20,12,1108,12.3,2,0,2,2,0,0,3,0,0.16,0.00,0.16,0.16,0.16,Matches,b3325a30
2418,Manuel Serrano,es ESP,DF,Real Madrid,es La Liga,21,2004,1,0,7,0.1,0,0,0,0,0,0,0,0,0.00,0.00,0.00,0.00,0.00,Matches,804cc16c
2419,Nicolás Serrano,es ESP,MF,Athletic Club,es La Liga,22,2003,16,4,366,4.1,1,0,1,1,0,0,0,0,0.25,0.00,0.25,0.25,0.25,Matches,2ad0e5e5
2420,Benjamin Šeško,si SVN,FW,Manchester Utd,eng Premier League,22,2003,30,17,1643,18.3,11,1,12,11,0,0,2,0,0.60,0.05,0.66,0.60,0.66,Matches,3260690c
2421,Ryan Sessegnon,eng ENG,DFMF,Fulham,eng Premier League,25,2000,27,20,1823,20.3,3,1,4,3,0,0,0,0,0.15,0.05,0.20,0.15,0.20,Matches,6aa3e78b
2422,Stephan El Shaarawy,it ITA,MFFW,Roma,it Serie A,32,1992,20,5,666,7.4,1,2,3,1,0,0,4,0,0.14,0.27,0.41,0.14,0.41,Matches,d3aaad90
2423,Luke Shaw,eng ENG,DF,Manchester Utd,eng Premier League,30,1995,38,38,3219,35.8,1,1,2,1,0,0,9,0,0.03,0.03,0.06,0.03,0.06,Matches,9c94165b
2424,Kento Shiogai,jp JPN,MF,Wolfsburg,de Bundesliga,20,2005,12,2,318,3.5,1,0,1,1,0,0,3,0,0.28,0.00,0.28,0.28,0.28,Matches,6bc2fef7
2425,Kwasi Sibo,gh GHA,MF,Oviedo,es La Liga,27,1998,26,21,1681,18.7,0,0,0,0,0,0,3,1,0.00,0.00,0.00,0.00,0.00,Matches,be834ad7
2426,Djibril Sidibé,fr FRA,MFDF,Toulouse,fr Ligue 1,33,1992,32,25,2141,23.8,3,4,7,2,1,2,1,0,0.13,0.17,0.29,0.08,0.25,Matches,4c5b714f
2427,Armindo Sieb,de GER,FW,Mainz 05,de Bundesliga,22,2003,22,3,548,6.1,2,0,2,2,0,0,1,0,0.33,0.00,0.33,0.33,0.33,Matches,228c1d94
2428,Jamil Siebert,de GER,DF,Lecce,it Serie A,23,2002,21,18,1701,18.9,1,0,1,1,0,0,3,0,0.05,0.00,0.05,0.05,0.05,Matches,5967328c
2429,Francisco Sierralta,cl CHI,DF,Auxerre,fr Ligue 1,28,1997,10,9,861,9.6,1,0,1,1,0,0,2,0,0.10,0.00,0.10,0.10,0.10,Matches,0f933743
2430,Tim Siersleben,de GER,DF,Heidenheim,de Bundesliga,25,2000,15,12,1081,12.0,0,0,0,0,0,0,2,0,0.00,0.00,0.00,0.00,0.00,Matches,f761c901
2431,Mathys Silestrie,fr FRA,GK,Rennes,fr Ligue 1,19,2005,2,2,180,2.0,0,0,0,0,0,0,0,0,0.00,0.00,0.00,0.00,0.00,Matches,615a1da8
2432,André Silva,pt POR,FW,Elche,es La Liga,29,1995,31,22,1849,20.5,10,0,10,7,3,3,3,0,0.49,0.00,0.49,0.34,0.34,Matches,3effaa34
2433,Bernardo Silva,pt POR,MF,Manchester City,eng Premier League,30,1994,38,34,2872,31.9,2,4,6,2,0,0,10,0,0.06,0.13,0.19,0.06,0.19,Matches,3eb22ec9
2434,Éderson Silva,br BRA,MF,Atalanta,it Serie A,26,1999,30,26,2230,24.8,2,1,3,1,1,1,3,0,0.08,0.04,0.12,0.04,0.08,Matches,a9202def
2435,Fábio Silva,pt POR,FWMF,Dortmund,de Bundesliga,23,2002,28,7,817,9.1,2,6,8,2,0,0,3,0,0.22,0.66,0.88,0.22,0.88,Matches,e7aa9d7c
2436,Jota Silva,pt POR,FW,Nottingham,eng Premier League,25,1999,1,0,12,0.1,0,0,0,0,0,0,0,0,0.00,0.00,0.00,0.00,0.00,Matches,4d77e622
2437,Marco Silvestri,it ITA,GK,Cremonese,it Serie A,34,1991,4,4,360,4.0,0,0,0,0,0,0,0,0,0.00,0.00,0.00,0.00,0.00,Matches,0d422df7
2438,Abdallah Sima,sn SEN,MFFW,Lens,fr Ligue 1,24,2001,21,6,718,8.0,2,2,4,2,0,0,3,0,0.25,0.25,0.50,0.25,0.50,Matches,fdbde523
2439,Giovanni Simeone,ar ARG,FW,Torino,it Serie A,30,1995,32,27,2230,24.8,11,0,11,11,0,0,1,0,0.44,0.00,0.44,0.44,0.44,Matches,343c0d52
2440,Giuliano Simeone,ar ARG,MFFW,Atlético Madrid,es La Liga,22,2002,31,25,2099,23.3,4,6,10,4,0,0,2,0,0.17,0.26,0.43,0.17,0.43,Matches,a6536561
2441,Moses Simon,ng NGA,MFFW,Paris FC,fr Ligue 1,30,1995,29,25,2001,22.2,3,3,6,3,0,0,1,0,0.13,0.13,0.27,0.13,0.27,Matches,5f3eaaf5
2442,Unai Simón,es ESP,GK,Athletic Club,es La Liga,28,1997,37,37,3330,37.0,0,0,0,0,0,0,1,0,0.00,0.00,0.00,0.00,0.00,Matches,5dcf3e90
2443,Xavi Simons,nl NED,MFFW,Tottenham,eng Premier League,22,2003,28,19,1755,19.5,2,5,7,2,0,0,5,1,0.10,0.26,0.36,0.10,0.36,Matches,da4d670f
2444,Xavi Simons,nl NED,MF,RB Leipzig,de Bundesliga,22,2003,1,1,90,1.0,0,0,0,0,0,0,0,0,0.00,0.00,0.00,0.00,0.00,Matches,da4d670f
2445,Jahmai Simpson-Pusey,eng ENG,DF,Köln,de Bundesliga,19,2005,11,10,863,9.6,0,0,0,0,0,0,2,1,0.00,0.00,0.00,0.00,0.00,Matches,383b10fd
2446,Danel Sinani,lu LUX,MFFW,St Pauli,de Bundesliga,28,1997,30,23,2069,23.0,5,3,8,2,3,3,4,0,0.22,0.13,0.35,0.09,0.22,Matches,96ddfa79
2447,Dan Sinaté,fr FRA,DF,Angers,fr Ligue 1,19,2006,3,0,33,0.4,0,0,0,0,0,0,0,0,0.00,0.00,0.00,0.00,0.00,Matches,1f648b1e
2448,Lassine Sinayoko,ml MLI,FWMF,Auxerre,fr Ligue 1,25,1999,32,32,2770,30.8,12,4,16,9,3,4,8,0,0.39,0.13,0.52,0.29,0.42,Matches,5e5249c8
2449,Ibrahima Sissoko,ml MLI,MFDF,Nantes,fr Ligue 1,27,1997,13,9,803,8.9,0,0,0,0,0,0,4,0,0.00,0.00,0.00,0.00,0.00,Matches,0f8418aa
2450,Antonio Sivera,es ESP,GK,Alavés,es La Liga,28,1996,38,38,3420,38.0,0,0,0,0,0,0,3,0,0.00,0.00,0.00,0.00,0.00,Matches,9970da54
2451,Telli Siwe,fr FRA,DF,Auxerre,fr Ligue 1,20,2004,4,4,315,3.5,0,0,0,0,0,0,0,0,0.00,0.00,0.00,0.00,0.00,Matches,6669a59e
2452,Tim Skarke,de GER,MFFW,Union Berlin,de Bundesliga,28,1996,22,4,623,6.9,1,1,2,1,0,0,0,0,0.14,0.14,0.29,0.14,0.29,Matches,65857fdf
2453,Ellyes Skhiri,tn TUN,MFDF,Frankfurt,de Bundesliga,30,1995,25,16,1444,16.0,0,0,0,0,0,0,3,1,0.00,0.00,0.00,0.00,0.00,Matches,c2211709
2454,Laurs Skjellerup,dk DEN,FW,Sassuolo,it Serie A,22,2002,1,0,10,0.1,0,0,0,0,0,0,0,0,0.00,0.00,0.00,0.00,0.00,Matches,5f2d3485
2455,Łukasz Skorupski,pl POL,GK,Bologna,it Serie A,34,1991,19,19,1592,17.7,0,0,0,0,0,0,1,1,0.00,0.00,0.00,0.00,0.00,Matches,ab4449d6
2456,Andreas Skov Olsen,dk DEN,MF,Wolfsburg,de Bundesliga,25,1999,8,4,362,4.0,1,0,1,1,0,0,1,0,0.25,0.00,0.25,0.25,0.25,Matches,c50cee19
2457,Robert Skov,dk DEN,DFMF,Union Berlin,de Bundesliga,29,1996,3,3,220,2.4,0,0,0,0,0,0,0,0,0.00,0.00,0.00,0.00,0.00,Matches,ff98492b
2458,Tobias Slotsager,dk DEN,DF,Hellas Verona,it Serie A,19,2006,8,4,446,5.0,0,0,0,0,0,0,0,0,0.00,0.00,0.00,0.00,0.00,Matches,a20b6f5e
2459,Adam Smith,eng ENG,DF,Bournemouth,eng Premier League,34,1991,22,14,1077,12.0,0,2,2,0,0,0,3,0,0.00,0.17,0.17,0.00,0.17,Matches,20b104bc
2460,Eric Smith,se SWE,DFMF,St Pauli,de Bundesliga,28,1997,27,26,2311,25.7,2,2,4,2,0,0,4,1,0.08,0.08,0.16,0.08,0.16,Matches,8817312f
2461,Emile Smith Rowe,eng ENG,MF,Fulham,eng Premier League,25,2000,37,22,1923,21.4,3,0,3,3,0,0,1,0,0.14,0.00,0.14,0.14,0.14,Matches,17695062
2462,Ivan Smolčić,hr CRO,DF,Como,it Serie A,24,2000,28,19,1662,18.5,0,1,1,0,0,0,8,0,0.00,0.05,0.05,0.00,0.05,Matches,08e57960
2463,Mezian Soares,pt POR,MF,Lens,fr Ligue 1,15,2009,1,0,12,0.1,1,0,1,1,0,0,0,0,7.50,0.00,7.50,7.50,7.50,Matches,5d265f3e
2464,Simon Sohm,ch SUI,MF,Bologna,it Serie A,24,2001,12,9,717,8.0,0,0,0,0,0,0,1,0,0.00,0.00,0.00,0.00,0.00,Matches,a5f458d9
2465,Simon Sohm,ch SUI,MF,Fiorentina,it Serie A,24,2001,16,9,708,7.9,0,1,1,0,0,0,2,0,0.00,0.13,0.13,0.00,0.13,Matches,a5f458d9
2466,Alex Sola,es ESP,DFFW,Getafe,es La Liga,26,1999,1,0,13,0.1,0,0,0,0,0,0,0,0,0.00,0.00,0.00,0.00,0.00,Matches,5fa714d5
2467,Dominic Solanke,eng ENG,FW,Tottenham,eng Premier League,27,1997,15,11,1001,11.1,3,0,3,3,0,0,1,0,0.27,0.00,0.27,0.27,0.27,Matches,e77dc3b2
2468,Carlos Soler,es ESP,MF,Real Sociedad,es La Liga,28,1997,33,26,2317,25.7,4,3,7,4,0,0,3,1,0.16,0.12,0.27,0.16,0.27,Matches,fed17f5a
2469,Julio Soler,ar ARG,DF,Bournemouth,eng Premier League,20,2005,3,0,35,0.4,0,0,0,0,0,0,0,0,0.00,0.00,0.00,0.00,0.00,Matches,98c8559a
2470,Oumar Solet,fr FRA,DF,Udinese,it Serie A,25,2000,35,34,2959,32.9,3,1,4,2,1,1,1,0,0.09,0.03,0.12,0.06,0.09,Matches,0670ee51
2471,Jhon Solis,co COL,MF,Girona,es La Liga,20,2004,12,3,380,4.2,0,0,0,0,0,0,0,0,0.00,0.00,0.00,0.00,0.00,Matches,1282939a
2472,Manor Solomon,il ISR,MF,Villarreal,es La Liga,26,1999,6,1,150,1.7,1,1,2,1,0,0,0,0,0.60,0.60,1.20,0.60,1.20,Matches,886f9aac
2473,Manor Solomon,il ISR,FWMF,Fiorentina,it Serie A,26,1999,16,9,890,9.9,2,1,3,2,0,0,1,0,0.20,0.10,0.30,0.20,0.30,Matches,886f9aac
2474,Hugo Solozabal,es ESP,MF,Getafe,es La Liga,22,2003,1,0,11,0.1,0,0,0,0,0,0,0,0,0.00,0.00,0.00,0.00,0.00,Matches,4d8fe805
2475,Daniele Sommariva,it ITA,GK,Genoa,it Serie A,28,1997,2,1,176,2.0,0,0,0,0,0,0,0,0,0.00,0.00,0.00,0.00,0.00,Matches,a8e7f7e9
2476,Yann Sommer,ch SUI,GK,Inter,it Serie A,36,1988,33,33,2960,32.9,0,0,0,0,0,0,0,0,0.00,0.00,0.00,0.00,0.00,Matches,420c18a1
2477,Oliver Sonne,pe PER,DF,Burnley,eng Premier League,24,2000,7,1,169,1.9,1,0,1,1,0,0,0,0,0.53,0.00,0.53,0.53,0.53,Matches,b66b8d5e
2478,David Soria,es ESP,GK,Getafe,es La Liga,32,1993,38,38,3420,38.0,0,0,0,0,0,0,2,0,0.00,0.00,0.00,0.00,0.00,Matches,8f8c6934
2479,Borna Sosa,hr CRO,DFMF,Crystal Palace,eng Premier League,27,1998,7,0,101,1.1,0,0,0,0,0,0,1,0,0.00,0.00,0.00,0.00,0.00,Matches,af0d79a9
2480,Hugo Sotelo,es ESP,MF,Celta Vigo,es La Liga,21,2003,20,16,1338,14.9,0,2,2,0,0,0,3,0,0.00,0.13,0.13,0.00,0.13,Matches,3aa74860
2481,Florian Sotoca,fr FRA,MFFW,Lens,fr Ligue 1,34,1990,26,4,507,5.6,1,0,1,1,0,0,1,0,0.18,0.00,0.18,0.18,0.18,Matches,7a42d0df
2482,Riccardo Sottil,it ITA,FWMF,Lecce,it Serie A,26,1999,21,13,1066,11.8,1,2,3,1,0,0,1,0,0.08,0.17,0.25,0.08,0.25,Matches,94816803
2483,Tomáš Souček,cz CZE,MF,West Ham,eng Premier League,30,1995,35,24,2200,24.4,5,0,5,5,0,0,3,1,0.20,0.00,0.20,0.20,0.20,Matches,6613c819
2484,Matìas Soulé,ar ARG,MFFW,Roma,it Serie A,22,2003,33,28,2139,23.8,6,5,11,6,0,0,1,0,0.25,0.21,0.46,0.25,0.46,Matches,c13ddd3e
2485,Aboubaka Soumahoro,fr FRA,MFDF,Hamburger SV,de Bundesliga,20,2005,4,2,136,1.5,0,0,0,0,0,0,1,0,0.00,0.00,0.00,0.00,0.00,Matches,abb2efc5
2486,Sambou Soumano,sn SEN,FW,Lorient,fr Ligue 1,24,2001,31,8,941,10.5,4,2,6,4,0,1,2,0,0.38,0.19,0.57,0.38,0.57,Matches,7cc00776
2487,Issa Soumaré,sn SEN,FWMF,Le Havre,fr Ligue 1,24,2000,34,33,2948,32.8,8,5,13,7,1,3,3,0,0.24,0.15,0.40,0.21,0.37,Matches,1d8aa290
2488,Souza,br BRA,MF,Tottenham,eng Premier League,19,2006,4,2,144,1.6,0,0,0,0,0,0,1,0,0.00,0.00,0.00,0.00,0.00,Matches,10b0c6f4
2489,Vinicius Souza,br BRA,MF,Wolfsburg,de Bundesliga,26,1999,24,22,1764,19.6,0,0,0,0,0,0,5,0,0.00,0.00,0.00,0.00,0.00,Matches,6a8a7af8
2490,Djibril Sow,ch SUI,MF,Sevilla,es La Liga,28,1997,33,27,2187,24.3,5,4,9,5,0,0,6,0,0.21,0.16,0.37,0.21,0.37,Matches,4c6facae
2491,Djed Spence,eng ENG,DFMF,Tottenham,eng Premier League,24,2000,30,23,2056,22.8,0,0,0,0,0,0,4,0,0.00,0.00,0.00,0.00,0.00,Matches,9bc9a519
2492,Leonardo Spinazzola,it ITA,MFDF,Napoli,it Serie A,32,1993,32,22,1901,21.1,3,3,6,3,0,0,2,0,0.14,0.14,0.28,0.14,0.28,Matches,3626daea
2493,Marco Sportiello,it ITA,GK,Atalanta,it Serie A,33,1992,1,1,90,1.0,0,0,0,0,0,0,0,0,0.00,0.00,0.00,0.00,0.00,Matches,ac4003af
2494,Anton Stach,de GER,MF,Leeds United,eng Premier League,26,1998,29,28,2370,26.3,5,3,8,5,0,0,3,0,0.19,0.11,0.30,0.19,0.30,Matches,0f59a7bf
2495,Jens Stage,dk DEN,MF,Werder Bremen,de Bundesliga,28,1996,29,29,2460,27.3,10,2,12,10,0,0,5,0,0.37,0.07,0.44,0.37,0.44,Matches,1fffae99
2496,Benjamin Stambouli,fr FRA,MF,Metz,fr Ligue 1,34,1990,19,10,960,10.7,0,0,0,0,0,0,0,0,0.00,0.00,0.00,0.00,0.00,Matches,5939baa2
2497,Nicolae Stanciu,ro ROU,MF,Genoa,it Serie A,32,1993,4,2,180,2.0,0,0,0,0,0,1,0,0,0.00,0.00,0.00,0.00,0.00,Matches,e07c2923
2498,Otto Stange,de GER,FW,Hamburger SV,de Bundesliga,18,2007,10,2,293,3.3,0,0,0,0,0,0,0,0,0.00,0.00,0.00,0.00,0.00,Matches,b71595d4
2499,Josip Stanišić,hr CRO,DF,Bayern Munich,de Bundesliga,25,2000,26,19,1857,20.6,2,3,5,2,0,0,1,0,0.10,0.15,0.24,0.10,0.24,Matches,7ed08d5c
2500,Carl Starfelt,se SWE,DF,Celta Vigo,es La Liga,30,1995,19,17,1491,16.6,0,0,0,0,0,0,3,1,0.00,0.00,0.00,0.00,0.00,Matches,5cfec13d
2501,Niklas Stark,de GER,DF,Werder Bremen,de Bundesliga,30,1995,14,9,697,7.7,0,0,0,0,0,0,8,2,0.00,0.00,0.00,0.00,0.00,Matches,aad48be9
2502,Orri Steinn Óskarsson,is ISL,FW,Real Sociedad,es La Liga,20,2004,20,8,835,9.3,9,0,9,9,0,0,5,0,0.97,0.00,0.97,0.97,0.97,Matches,d0b8e745
2503,Calvin Stengs,nl NED,FWMF,Pisa,it Serie A,26,1998,4,0,46,0.5,0,0,0,0,0,0,0,0,0.00,0.00,0.00,0.00,0.00,Matches,8f7e6783
2504,Pascal Stenzel,de GER,MF,Stuttgart,de Bundesliga,29,1996,2,2,106,1.2,0,0,0,0,0,0,2,0,0.00,0.00,0.00,0.00,0.00,Matches,99f7e9aa
2505,Leonidas Stergiou,ch SUI,DF,Heidenheim,de Bundesliga,23,2002,5,1,206,2.3,0,0,0,0,0,0,0,0,0.00,0.00,0.00,0.00,0.00,Matches,08391d76
2506,Leonidas Stergiou,ch SUI,DF,Stuttgart,de Bundesliga,23,2002,1,0,1,0.0,0,0,0,0,0,0,0,0,0.00,0.00,0.00,0.00,0.00,Matches,08391d76
2507,Finley Stevens,wls WAL,DF,St Pauli,de Bundesliga,22,2003,1,0,27,0.3,0,0,0,0,0,0,0,0,0.00,0.00,0.00,0.00,0.00,Matches,7e003182
2508,Angelo Stiller,de GER,MF,Stuttgart,de Bundesliga,24,2001,34,30,2743,30.5,2,5,7,2,0,1,1,0,0.07,0.16,0.23,0.07,0.23,Matches,3b1ed320
2509,Kevin Stöger,at AUT,MF,Gladbach,de Bundesliga,31,1993,29,15,1324,14.7,1,1,2,1,0,1,3,0,0.07,0.07,0.14,0.07,0.14,Matches,e5649a78
2510,Filip Stojilković,ch SUI,FWMF,Pisa,it Serie A,25,2000,13,8,658,7.3,0,0,0,0,0,0,0,0,0.00,0.00,0.00,0.00,0.00,Matches,0cbe584d
2511,John Stones,eng ENG,DF,Manchester City,eng Premier League,31,1994,9,5,439,4.9,0,0,0,0,0,0,0,0,0.00,0.00,0.00,0.00,0.00,Matches,5eecec3d
2512,Jørgen Strand Larsen,no NOR,FW,Crystal Palace,eng Premier League,25,2000,14,12,903,10.0,3,0,3,3,0,0,2,0,0.30,0.00,0.30,0.30,0.30,Matches,f553b2b3
2513,Jørgen Strand Larsen,no NOR,FW,Wolves,eng Premier League,25,2000,22,14,1404,15.6,1,1,2,0,1,2,2,0,0.06,0.06,0.13,0.00,0.06,Matches,f553b2b3
2514,Gabriel Strefezza,br BRA,FW,Parma,it Serie A,28,1997,14,13,1007,11.2,2,2,4,2,0,0,3,0,0.18,0.18,0.36,0.18,0.36,Matches,ac4a4508
2515,Pascal Struijk,nl NED,DF,Leeds United,eng Premier League,25,1999,34,33,2936,32.6,0,1,1,0,0,0,5,0,0.00,0.03,0.03,0.00,0.03,Matches,f4d296e4
2516,Cristhian Stuani,uy URU,FW,Girona,es La Liga,38,1986,21,1,412,4.6,5,0,5,2,3,4,4,0,1.09,0.00,1.09,0.44,0.44,Matches,220c11f1
2517,Nikola Štulić,rs SRB,FW,Lecce,it Serie A,23,2001,34,20,1709,19.0,4,0,4,3,1,1,1,0,0.21,0.00,0.21,0.16,0.16,Matches,557ada13
2518,Denis Suárez,es ESP,MF,Alavés,es La Liga,31,1994,30,15,1406,15.6,1,2,3,1,0,0,6,0,0.06,0.13,0.19,0.06,0.19,Matches,12c50af5
2519,Gabriel Suazo,cl CHI,DFMF,Sevilla,es La Liga,27,1997,29,25,2096,23.3,0,2,2,0,0,0,7,0,0.00,0.09,0.09,0.00,0.09,Matches,39b326ed
2520,Luka Sučić,hr CRO,MFFW,Real Sociedad,es La Liga,22,2002,22,10,1022,11.4,3,1,4,3,0,0,1,0,0.26,0.09,0.35,0.26,0.35,Matches,1e1378e1
2521,Petar Sučić,hr CRO,MF,Inter,it Serie A,21,2003,34,21,1765,19.6,2,2,4,2,0,0,5,0,0.10,0.10,0.20,0.10,0.20,Matches,23fb46ea
2522,Yukinari Sugawara,jp JPN,DFMF,Werder Bremen,de Bundesliga,25,2000,31,29,2428,27.0,0,6,6,0,0,0,2,1,0.00,0.22,0.22,0.00,0.22,Matches,580bcd18
2523,Pavel Šulc,cz CZE,FWMF,Lyon,fr Ligue 1,24,2000,27,17,1566,17.4,11,3,14,11,0,0,3,0,0.63,0.17,0.80,0.63,0.80,Matches,e9b893af
2524,Niklas Süle,de GER,DF,Dortmund,de Bundesliga,29,1995,11,7,486,5.4,0,1,1,0,0,0,3,0,0.00,0.19,0.19,0.00,0.19,Matches,e33c06cf
2525,Ibrahim Sulemana,gh GHA,MF,Bologna,it Serie A,22,2003,3,0,45,0.5,0,0,0,0,0,0,1,0,0.00,0.00,0.00,0.00,0.00,Matches,230c3f3a
2526,Ibrahim Sulemana,gh GHA,MF,Cagliari,it Serie A,22,2003,16,7,860,9.6,1,0,1,1,0,0,2,0,0.10,0.00,0.10,0.10,0.10,Matches,230c3f3a
2527,Kamaldeen Sulemana,gh GHA,MF,Atalanta,it Serie A,23,2002,25,9,1011,11.2,2,1,3,2,0,0,4,0,0.18,0.09,0.27,0.18,0.27,Matches,a62f8bf1
2528,Crysencio Summerville,nl NED,MFFW,West Ham,eng Premier League,23,2001,31,29,2470,27.4,5,2,7,5,0,0,6,0,0.18,0.07,0.26,0.18,0.26,Matches,df04eb4b
2529,Tomáš Suslov,sk SVK,FW,Hellas Verona,it Serie A,23,2002,11,5,446,5.0,0,0,0,0,0,0,1,1,0.00,0.00,0.00,0.00,0.00,Matches,83fe71b8
2530,Yuito Suzuki,jp JPN,MF,Freiburg,de Bundesliga,23,2001,25,18,1632,18.1,4,2,6,4,0,0,3,0,0.22,0.11,0.33,0.22,0.33,Matches,c25a7a2a
2531,Zion Suzuki,jp JPN,GK,Parma,it Serie A,22,2002,20,20,1800,20.0,0,0,0,0,0,0,1,0,0.00,0.00,0.00,0.00,0.00,Matches,51e1f4f5
2532,Mattias Svanberg,se SWE,MF,Wolfsburg,de Bundesliga,26,1999,24,8,861,9.6,3,1,4,3,0,0,6,1,0.31,0.10,0.42,0.31,0.42,Matches,92d83c27
2533,Daniel Svensson,se SWE,MF,Dortmund,de Bundesliga,23,2002,33,27,2454,27.3,2,2,4,2,0,0,0,0,0.07,0.07,0.15,0.07,0.15,Matches,124c9382
2534,Mile Svilar,rs SRB,GK,Roma,it Serie A,25,1999,38,38,3420,38.0,0,0,0,0,0,0,0,0,0.00,0.00,0.00,0.00,0.00,Matches,bcf5058a
2535,Williot Swedberg,se SWE,FWMF,Celta Vigo,es La Liga,21,2004,29,13,1270,14.1,5,5,10,5,0,0,2,0,0.35,0.35,0.71,0.35,0.71,Matches,184fe4b2
2536,Lamine Sy,mr MTN,DF,Auxerre,fr Ligue 1,22,2002,24,17,1536,17.1,0,0,0,0,0,0,1,0,0.00,0.00,0.00,0.00,0.00,Matches,83383fd4
2537,Abakar Sylla,ci CIV,DF,Strasbourg,fr Ligue 1,22,2002,1,0,2,0.0,0,0,0,0,0,0,0,0,0.00,0.00,0.00,0.00,0.00,Matches,29c91632
2538,Abakar Sylla,ci CIV,DF,Nantes,fr Ligue 1,22,2002,2,1,65,0.7,0,0,0,0,0,0,0,0,0.00,0.00,0.00,0.00,0.00,Matches,29c91632
2539,Fodé Sylla,fr FRA,MF,Lens,fr Ligue 1,19,2006,4,1,99,1.1,0,0,0,0,0,0,0,0,0.00,0.00,0.00,0.00,0.00,Matches,9cc02687
2540,Wojciech Szczęsny,pl POL,GK,Barcelona,es La Liga,35,1990,8,8,720,8.0,0,0,0,0,0,0,0,0,0.00,0.00,0.00,0.00,0.00,Matches,01b8a2b2
2541,Dominik Szoboszlai,hu HUN,MFDF,Liverpool,eng Premier League,24,2000,36,36,3231,35.9,6,7,13,6,0,1,8,1,0.17,0.19,0.36,0.17,0.36,Matches,934e1968
2542,Sebastian Szymański,pl POL,MF,Rennes,fr Ligue 1,26,1999,16,10,776,8.6,1,3,4,1,0,0,2,0,0.12,0.35,0.46,0.12,0.46,Matches,bb718263
2543,Alexander Sørloth,no NOR,FW,Atlético Madrid,es La Liga,29,1995,35,20,1980,22.0,13,0,13,13,0,0,4,1,0.59,0.00,0.59,0.59,0.59,Matches,e92cd3f7
2544,Jocelin Ta Bi,ci CIV,MF,Sunderland,eng Premier League,20,2005,1,1,38,0.4,0,0,0,0,0,0,0,0,0.00,0.00,0.00,0.00,0.00,Matches,1f019509
2545,Musa Al-Taamari,jo JOR,MFFW,Rennes,fr Ligue 1,28,1997,33,25,2212,24.6,6,6,12,6,0,0,4,0,0.24,0.24,0.49,0.24,0.49,Matches,f15f8b2b
2546,Haris Tabaković,ba BIH,FW,Gladbach,de Bundesliga,31,1994,32,28,2382,26.5,13,3,16,13,0,2,5,0,0.49,0.11,0.60,0.49,0.60,Matches,723b19c7
2547,Nicolás Tagliafico,ar ARG,DF,Lyon,fr Ligue 1,32,1992,20,14,1310,14.6,0,3,3,0,0,0,5,2,0.00,0.21,0.21,0.00,0.21,Matches,f0661424
2548,Jonathan Tah,de GER,DF,Bayern Munich,de Bundesliga,29,1996,28,23,2018,22.4,2,1,3,2,0,0,7,0,0.09,0.04,0.13,0.09,0.13,Matches,bd142efb
2549,Kōta Takai,jp JPN,DF,Gladbach,de Bundesliga,20,2004,8,3,342,3.8,0,0,0,0,0,0,1,0,0.00,0.00,0.00,0.00,0.00,Matches,9f59ff55
2550,Chemsdine Talbi,ma MAR,MFFW,Sunderland,eng Premier League,20,2005,28,16,1561,17.3,4,1,5,4,0,0,0,0,0.23,0.06,0.29,0.23,0.29,Matches,47ce793b
2551,Montassar Talbi,tn TUN,DF,Lorient,fr Ligue 1,27,1998,29,29,2610,29.0,0,1,1,0,0,0,3,0,0.00,0.03,0.03,0.00,0.03,Matches,a4a44eb0
2552,Adrien Tameze,cm CMR,DF,Torino,it Serie A,31,1994,24,12,1120,12.4,0,0,0,0,0,0,3,0,0.00,0.00,0.00,0.00,0.00,Matches,8da74c05
2553,Ao Tanaka,jp JPN,MF,Leeds United,eng Premier League,26,1998,28,14,1315,14.6,2,0,2,2,0,0,1,0,0.14,0.00,0.14,0.14,0.14,Matches,1d36d6b6
2554,Sander Tangvik,no NOR,GK,Hamburger SV,de Bundesliga,22,2002,1,1,90,1.0,0,0,0,0,0,0,0,0,0.00,0.00,0.00,0.00,0.00,Matches,93525deb
2555,Axel Tapé,fr FRA,MFDF,Leverkusen,de Bundesliga,17,2007,6,2,222,2.5,0,0,0,0,0,0,1,0,0.00,0.00,0.00,0.00,0.00,Matches,75cde619
2556,Edmond Tapsoba,bf BFA,DF,Leverkusen,de Bundesliga,26,1999,29,29,2575,28.6,5,3,8,5,0,0,7,0,0.17,0.10,0.28,0.17,0.28,Matches,a73c8f95
2557,James Tarkowski,eng ENG,DF,Everton,eng Premier League,32,1992,37,37,3330,37.0,2,3,5,2,0,0,8,0,0.05,0.08,0.14,0.05,0.14,Matches,15ea812b
2558,Rouven Tarnutzer,ch SUI,FW,Freiburg,de Bundesliga,18,2007,1,0,7,0.1,0,0,0,0,0,0,0,0,0.00,0.00,0.00,0.00,0.00,Matches,20122d3e
2559,César Tárrega,es ESP,DF,Valencia,es La Liga,23,2002,32,29,2598,28.9,0,0,0,0,0,0,7,0,0.00,0.00,0.00,0.00,0.00,Matches,59c29820
2560,Tylel Tati,fr FRA,DF,Nantes,fr Ligue 1,17,2008,20,20,1721,19.1,0,0,0,0,0,0,5,1,0.00,0.00,0.00,0.00,0.00,Matches,e6ff21be
2561,Nuno Tavares,pt POR,DF,Lazio,it Serie A,25,2000,23,17,1473,16.4,0,0,0,0,0,0,5,0,0.00,0.00,0.00,0.00,0.00,Matches,a65c844b
2562,Marcus Tavernier,eng ENG,MF,Bournemouth,eng Premier League,26,1999,34,31,2731,30.3,7,4,11,5,2,2,6,0,0.23,0.13,0.36,0.16,0.30,Matches,5c0da4a4
2563,Kenneth Taylor,nl NED,MF,Lazio,it Serie A,23,2002,17,17,1394,15.5,3,2,5,3,0,0,5,0,0.19,0.13,0.32,0.19,0.32,Matches,ad9b2747
2564,Loum Tchaouna,fr FRA,MFFW,Burnley,eng Premier League,21,2003,29,14,1272,14.1,2,1,3,2,0,0,2,0,0.14,0.07,0.21,0.14,0.21,Matches,a3c8b4d3
2565,Jackson Tchatchoua,cm CMR,MFDF,Wolves,eng Premier League,23,2001,31,19,1845,20.5,0,1,1,0,0,0,3,0,0.00,0.05,0.05,0.00,0.05,Matches,aeca7743
2566,Aurélien Tchouaméni,fr FRA,MF,Real Madrid,es La Liga,25,2000,33,31,2615,29.1,1,0,1,1,0,0,8,0,0.03,0.00,0.03,0.03,0.03,Matches,4f255115
2567,Mathys Tel,fr FRA,MFFW,Tottenham,eng Premier League,20,2005,31,13,1349,15.0,4,1,5,4,0,0,1,0,0.27,0.07,0.33,0.27,0.33,Matches,829aa60c
2568,Nathan Tella,ng NGA,MF,Leverkusen,de Bundesliga,26,1999,17,10,868,9.6,1,4,5,1,0,0,2,0,0.10,0.41,0.52,0.10,0.52,Matches,f1e94cd6
2569,Nahuel Tenaglia,ar ARG,DF,Alavés,es La Liga,29,1996,36,36,3239,36.0,2,0,2,2,0,0,3,0,0.06,0.00,0.06,0.06,0.06,Matches,66654daa
2570,Arnau Tenas,es ESP,GK,Villarreal,es La Liga,24,2001,10,10,900,10.0,0,0,0,0,0,0,0,0,0.00,0.00,0.00,0.00,0.00,Matches,30670b0e
2571,Marc-André ter Stegen,de GER,GK,Girona,es La Liga,33,1992,2,2,180,2.0,0,0,0,0,0,0,0,0,0.00,0.00,0.00,0.00,0.00,Matches,6f51e382
2572,Filippo Terracciano,it ITA,DF,Cremonese,it Serie A,22,2003,36,33,3011,33.5,2,0,2,2,0,0,6,0,0.06,0.00,0.06,0.06,0.06,Matches,5cbb5ad6
2573,Pietro Terracciano,it ITA,GK,Milan,it Serie A,35,1990,2,1,125,1.4,0,0,0,0,0,0,0,0,0.00,0.00,0.00,0.00,0.00,Matches,e1b0a70d
2574,Ramón Terrats,es ESP,MF,Espanyol,es La Liga,24,2000,29,12,1030,11.4,1,2,3,1,0,0,0,0,0.09,0.17,0.26,0.09,0.26,Matches,f36016a5
2575,Martin Terrier,fr FRA,MFFW,Leverkusen,de Bundesliga,28,1997,18,7,675,7.5,4,1,5,4,0,0,1,0,0.53,0.13,0.67,0.53,0.67,Matches,5148dcc5
2576,Tanner Tessmann,us USA,MF,Lyon,fr Ligue 1,23,2001,29,22,1953,21.7,1,0,1,1,0,0,2,0,0.05,0.00,0.05,0.05,0.05,Matches,ac277993
2577,Kenny Tete,nl NED,DF,Fulham,eng Premier League,29,1995,22,21,1791,19.9,1,0,1,1,0,0,2,0,0.05,0.00,0.05,0.05,0.05,Matches,77d7c96f
2578,Jordan Teze,nl NED,MFDF,Monaco,fr Ligue 1,25,1999,33,28,2489,27.7,1,2,3,1,0,0,8,0,0.04,0.07,0.11,0.04,0.11,Matches,82e9b1bb
2579,Florian Thauvin,fr FRA,MF,Lens,fr Ligue 1,32,1993,33,29,2443,27.1,11,6,17,9,2,3,6,0,0.41,0.22,0.63,0.33,0.55,Matches,2b9fdeea
2580,Arthur Theate,be BEL,DF,Frankfurt,de Bundesliga,25,2000,24,24,2141,23.8,1,0,1,1,0,0,8,0,0.04,0.00,0.04,0.04,0.04,Matches,df8d6029
2581,Igor Thiago,br BRA,FW,Brentford,eng Premier League,24,2001,38,37,3282,36.5,22,1,23,14,8,9,7,0,0.60,0.03,0.63,0.38,0.41,Matches,dc45ac24
2582,Malick Thiaw,de GER,DF,Newcastle,eng Premier League,23,2001,35,33,2965,32.9,4,0,4,4,0,0,4,0,0.12,0.00,0.12,0.12,0.12,Matches,ff5ea0bf
2583,Jan Thielmann,de GER,MFFW,Köln,de Bundesliga,23,2002,26,20,1540,17.1,3,1,4,3,0,0,4,0,0.18,0.06,0.23,0.18,0.23,Matches,fd53759d
2584,Adrien Thomasson,fr FRA,MF,Lens,fr Ligue 1,31,1993,32,31,2683,29.8,3,9,12,3,0,0,11,0,0.10,0.30,0.40,0.10,0.40,Matches,c76b7567
2585,Morten Thorsby,no NOR,MF,Genoa,it Serie A,29,1996,13,8,731,8.1,2,1,3,2,0,0,2,0,0.25,0.12,0.37,0.25,0.37,Matches,d1b49282
2586,Morten Thorsby,no NOR,MF,Cremonese,it Serie A,29,1996,11,8,643,7.1,1,0,1,1,0,0,2,0,0.14,0.00,0.14,0.14,0.14,Matches,d1b49282
2587,Kristian Thorstvedt,no NOR,MF,Sassuolo,it Serie A,26,1999,32,27,2460,27.3,4,4,8,4,0,0,9,0,0.15,0.15,0.29,0.15,0.29,Matches,76ff8d0d
2588,Khéphren Thuram,fr FRA,MF,Juventus,it Serie A,24,2001,35,30,2442,27.1,3,3,6,3,0,0,2,0,0.11,0.11,0.22,0.11,0.22,Matches,7d9397f8
2589,Marcus Thuram,fr FRA,FW,Inter,it Serie A,27,1997,29,24,1900,21.1,13,6,19,13,0,0,2,0,0.62,0.28,0.90,0.62,0.90,Matches,6f8cd6d0
2590,Cheikh Tidiane Sabaly,sn SEN,MFFW,Metz,fr Ligue 1,26,1999,14,12,967,10.7,0,2,2,0,0,0,2,0,0.00,0.19,0.19,0.00,0.19,Matches,9ddf7fae
2591,Youri Tielemans,be BEL,MF,Aston Villa,eng Premier League,28,1997,25,21,1862,20.7,0,4,4,0,0,0,0,0,0.00,0.19,0.19,0.00,0.19,Matches,56f7a928
2592,Phillip Tietz,de GER,FW,Augsburg,de Bundesliga,28,1997,10,0,198,2.2,1,0,1,1,0,0,2,0,0.45,0.00,0.45,0.45,0.45,Matches,3397e7b5
2593,Phillip Tietz,de GER,FW,Mainz 05,de Bundesliga,28,1997,19,19,1610,17.9,5,2,7,5,0,1,2,0,0.28,0.11,0.39,0.28,0.39,Matches,3397e7b5
2594,Malik Tillman,us USA,MF,Leverkusen,de Bundesliga,23,2002,29,18,1674,18.6,6,1,7,6,0,0,2,0,0.32,0.05,0.38,0.32,0.38,Matches,a5420709
2595,Jurriën Timber,nl NED,DF,Arsenal,eng Premier League,24,2001,30,28,2454,27.3,3,5,8,3,0,0,5,0,0.11,0.18,0.29,0.11,0.29,Matches,41034650
2596,Quinten Timber,nl NED,MF,Marseille,fr Ligue 1,24,2001,15,14,1105,12.3,0,0,0,0,0,0,4,0,0.00,0.00,0.00,0.00,0.00,Matches,803e7aca
2597,Jean-Clair Todibo,fr FRA,DF,West Ham,eng Premier League,25,1999,23,22,1814,20.2,0,1,1,0,0,0,5,1,0.00,0.05,0.05,0.00,0.05,Matches,88f130ed
2598,Umut Tohumcu,de GER,MF,Hoffenheim,de Bundesliga,20,2004,5,1,136,1.5,0,0,0,0,0,0,2,0,0.00,0.00,0.00,0.00,0.00,Matches,e547d3cf
2599,Corentin Tolisso,fr FRA,MF,Lyon,fr Ligue 1,30,1994,30,26,2302,25.6,11,4,15,9,2,3,4,0,0.43,0.16,0.59,0.35,0.51,Matches,652d4c37
2600,Jeremy Toljan,de GER,DF,Levante,es La Liga,30,1994,37,37,3164,35.2,1,4,5,1,0,0,8,0,0.03,0.11,0.14,0.03,0.14,Matches,a96e5dc0
2601,Tiago Tomás,pt POR,MFFW,Stuttgart,de Bundesliga,23,2002,27,10,1020,11.3,5,3,8,5,0,0,4,0,0.44,0.26,0.71,0.44,0.71,Matches,b492126a
2602,Fikayo Tomori,eng ENG,DF,Milan,it Serie A,27,1997,33,31,2554,28.4,0,2,2,0,0,0,8,1,0.00,0.07,0.07,0.00,0.07,Matches,7edfbb8a
2603,Sandro Tonali,it ITA,MF,Newcastle,eng Premier League,25,2000,35,31,2534,28.2,0,2,2,0,0,0,4,0,0.00,0.07,0.07,0.00,0.07,Matches,0db169ae
2604,Luka Topalović,si SVN,MF,Inter,it Serie A,19,2006,1,0,10,0.1,0,1,1,0,0,0,0,0,0.00,9.00,9.00,0.00,9.00,Matches,9a33c016
2605,Keke Topp,de GER,FW,Werder Bremen,de Bundesliga,21,2004,20,7,638,7.1,1,1,2,1,0,0,4,0,0.14,0.14,0.28,0.14,0.28,Matches,ebb32f3a
2606,Pablo Torre,es ESP,MFFW,Mallorca,es La Liga,22,2003,35,19,1599,17.8,4,4,8,4,0,0,4,0,0.23,0.23,0.45,0.23,0.45,Matches,04e531b6
2607,Jofre Torrents,es ESP,DF,Barcelona,es La Liga,18,2007,3,0,50,0.6,0,0,0,0,0,0,0,0,0.00,0.00,0.00,0.00,0.00,Matches,5ec25d0e
2608,Ferran Torres,es ESP,FW,Barcelona,es La Liga,25,2000,33,23,1965,21.8,16,2,18,16,0,0,2,0,0.73,0.09,0.82,0.73,0.82,Matches,9e1035f8
2609,Pau Torres,es ESP,DF,Aston Villa,eng Premier League,28,1997,21,18,1676,18.6,0,0,0,0,0,0,1,0,0.00,0.00,0.00,0.00,0.00,Matches,532e1e4f
2610,Lucas Torró,es ESP,MF,Osasuna,es La Liga,31,1994,34,31,2293,25.5,0,1,1,0,0,0,6,0,0.00,0.04,0.04,0.00,0.04,Matches,0e4fef6e
2611,Jordan Torunarigha,de GER,DF,Hamburger SV,de Bundesliga,27,1997,24,21,1962,21.8,0,0,0,0,0,0,3,0,0.00,0.00,0.00,0.00,0.00,Matches,f86cabbd
2612,Alex Tóth,hu HUN,MF,Bournemouth,eng Premier League,19,2005,9,2,140,1.6,0,0,0,0,0,0,1,0,0.00,0.00,0.00,0.00,0.00,Matches,5e18c6f4
2613,Abdoulaye Touré,gn GUI,MF,Le Havre,fr Ligue 1,31,1994,11,8,740,8.2,2,0,2,2,0,1,2,0,0.24,0.00,0.24,0.24,0.24,Matches,ef7cd87a
2614,Alpha Touré,sn SEN,MF,Metz,fr Ligue 1,19,2006,30,16,1606,17.8,0,1,1,0,0,0,5,0,0.00,0.06,0.06,0.00,0.06,Matches,3437d224
2615,Bazoumana Touré,ci CIV,MFFW,Hoffenheim,de Bundesliga,19,2006,30,29,2308,25.6,5,9,14,5,0,0,2,0,0.19,0.35,0.55,0.19,0.55,Matches,93945a50
2616,Idrissa Touré,de GER,MF,Pisa,it Serie A,27,1998,32,26,2279,25.3,1,0,1,1,0,0,4,1,0.04,0.00,0.04,0.04,0.04,Matches,6cfd5783
2617,Ilane Touré,fr FRA,MF,Monaco,fr Ligue 1,18,2006,2,0,35,0.4,0,0,0,0,0,0,0,0,0.00,0.00,0.00,0.00,0.00,Matches,fa5d07eb
2618,Ousmane Toure,fr FRA,DF,Lille,fr Ligue 1,20,2005,1,1,51,0.6,0,0,0,0,0,0,0,0,0.00,0.00,0.00,0.00,0.00,Matches,2a0f917e
2619,Souleymane Touré,fr FRA,DF,Lorient,fr Ligue 1,22,2003,1,0,29,0.3,0,0,0,0,0,0,0,0,0.00,0.00,0.00,0.00,0.00,Matches,01fd01e8
2620,Lucas Tousart,fr FRA,MFDF,Brest,fr Ligue 1,28,1997,24,9,834,9.3,1,0,1,1,0,0,0,0,0.11,0.00,0.11,0.11,0.11,Matches,71ec39ef
2621,James Trafford,eng ENG,GK,Manchester City,eng Premier League,22,2002,4,4,360,4.0,0,0,0,0,0,0,0,0,0.00,0.00,0.00,0.00,0.00,Matches,259fea27
2622,Mattéo Tramoni,fr FRA,MFFW,Pisa,it Serie A,25,2000,27,21,1600,17.8,2,2,4,1,1,1,3,0,0.11,0.11,0.23,0.06,0.17,Matches,2e0ae188
2623,Adama Traoré,es ESP,FWMF,West Ham,eng Premier League,29,1996,9,0,121,1.3,0,0,0,0,0,0,1,0,0.00,0.00,0.00,0.00,0.00,Matches,9a28eba4
2624,Adama Traoré,es ESP,MF,Fulham,eng Premier League,29,1996,15,1,274,3.0,0,0,0,0,0,0,0,0,0.00,0.00,0.00,0.00,0.00,Matches,9a28eba4
2625,Bertrand Traoré,bf BFA,MFFW,Sunderland,eng Premier League,29,1995,12,9,632,7.0,1,0,1,1,0,0,1,0,0.14,0.00,0.14,0.14,0.14,Matches,c47541e0
2626,Boubacar Traoré,ml MLI,MF,Metz,fr Ligue 1,23,2001,20,16,1387,15.4,1,0,1,1,0,0,4,0,0.06,0.00,0.06,0.06,0.06,Matches,999ceb5f
2627,Hamari Traoré,ml MLI,DF,Paris FC,fr Ligue 1,33,1992,18,14,1150,12.8,0,1,1,0,0,0,4,0,0.00,0.08,0.08,0.00,0.08,Matches,a4b1028a
2628,Omar Traoré,de GER,DFMF,Heidenheim,de Bundesliga,27,1998,26,16,1501,16.7,0,2,2,0,0,0,2,0,0.00,0.12,0.12,0.00,0.12,Matches,f44e8a73
2629,Kevin Trapp,de GER,GK,Paris FC,fr Ligue 1,35,1990,22,22,1980,22.0,0,0,0,0,0,0,2,0,0.00,0.00,0.00,0.00,0.00,Matches,ce17b5eb
2630,Óscar Trejo,ar ARG,MF,Rayo Vallecano,es La Liga,37,1988,7,1,144,1.6,0,1,1,0,0,0,2,0,0.00,0.62,0.62,0.00,0.62,Matches,fc647b34
2631,Yael Trepy,,FW,Cagliari,it Serie A,,,8,0,91,1.0,1,0,1,1,0,0,0,0,0.99,0.00,0.99,0.99,0.99,Matches,20c36c00
2632,Mike Trésor,be BEL,FWMF,Burnley,eng Premier League,26,1999,6,0,43,0.5,0,0,0,0,0,0,0,0,0.00,0.00,0.00,0.00,0.00,Matches,b2a81fc6
2633,Philipp Treu,de GER,DFMF,Freiburg,de Bundesliga,24,2000,28,24,2186,24.3,1,2,3,1,0,0,2,0,0.04,0.08,0.12,0.04,0.12,Matches,047822ad
2634,Christopher Trimmel,at AUT,MFDF,Union Berlin,de Bundesliga,38,1987,29,22,1861,20.7,0,3,3,0,0,0,8,0,0.00,0.15,0.15,0.00,0.15,Matches,056d2d95
2635,Kieran Trippier,eng ENG,DF,Newcastle,eng Premier League,34,1990,21,18,1586,17.6,0,1,1,0,0,0,3,0,0.00,0.06,0.06,0.00,0.06,Matches,21512407
2636,Mariano Troilo,ar ARG,DF,Parma,it Serie A,22,2003,21,18,1625,18.1,1,0,1,1,0,0,8,2,0.06,0.00,0.06,0.06,0.06,Matches,fa2c1419
2637,Leandro Trossard,be BEL,FWMF,Arsenal,eng Premier League,30,1994,31,21,2000,22.2,6,6,12,6,0,0,2,0,0.27,0.27,0.54,0.27,0.54,Matches,38ceb24a
2638,Adrien Truffert,fr FRA,DF,Bournemouth,eng Premier League,23,2001,38,38,3379,37.5,1,5,6,1,0,0,5,0,0.03,0.13,0.16,0.03,0.16,Matches,5d0e0a1f
2639,Kostas Tsimikas,gr GRE,MF,Roma,it Serie A,29,1996,18,6,644,7.2,0,0,0,0,0,0,1,0,0.00,0.00,0.00,0.00,0.00,Matches,f315ca93
2640,Heorhii Tsitaishvili,ge GEO,MFDF,Metz,fr Ligue 1,24,2000,33,28,2449,27.2,3,2,5,3,0,0,3,0,0.11,0.07,0.18,0.11,0.18,Matches,69986380
2641,Viktor Tsyhankov,ua UKR,MFFW,Girona,es La Liga,27,1997,32,31,2630,29.2,6,5,11,6,0,0,3,0,0.21,0.17,0.38,0.21,0.38,Matches,f7e87032
2642,Axel Tuanzebe,cd COD,DF,Burnley,eng Premier League,27,1997,14,14,1201,13.3,1,0,1,1,0,0,1,0,0.07,0.00,0.07,0.07,0.07,Matches,2baec6ce
2643,Kareem Tunde,es ESP,MF,Levante,es La Liga,19,2005,21,17,1133,12.6,0,1,1,0,0,0,3,0,0.00,0.08,0.08,0.00,0.08,Matches,04a6cccb
2644,Stefano Turati,it ITA,GK,Sassuolo,it Serie A,23,2001,6,6,532,5.9,0,0,0,0,0,0,0,0,0.00,0.00,0.00,0.00,0.00,Matches,bf168004
2645,Beñat Turrientes,es ESP,MF,Real Sociedad,es La Liga,23,2002,27,16,1348,15.0,0,3,3,0,0,0,7,0,0.00,0.20,0.20,0.00,0.20,Matches,068f4dec
2646,Stefanos Tzimas,gr GRE,FW,Brighton,eng Premier League,19,2006,9,1,139,1.5,1,1,2,1,0,0,0,0,0.65,0.65,1.29,0.65,1.29,Matches,a497130f
2647,Christantus Uche,ng NGA,FW,Crystal Palace,eng Premier League,22,2003,14,0,173,1.9,0,0,0,0,0,0,0,0,0.00,0.00,0.00,0.00,0.00,Matches,87941696
2648,Christantus Uche,ng NGA,FW,Getafe,es La Liga,22,2003,3,3,270,3.0,1,1,2,1,0,0,1,0,0.33,0.33,0.67,0.33,0.67,Matches,87941696
2649,Destiny Udogie,it ITA,DFMF,Tottenham,eng Premier League,22,2002,20,14,1338,14.9,0,1,1,0,0,0,4,0,0.00,0.07,0.07,0.00,0.07,Matches,7cd520e8
2650,Matthieu Udol,fr FRA,MFDF,Lens,fr Ligue 1,29,1996,34,33,3002,33.4,1,7,8,1,0,0,2,0,0.03,0.21,0.24,0.03,0.24,Matches,cc41f558
2651,Manuel Ugarte,uy URU,MF,Manchester Utd,eng Premier League,24,2001,22,8,887,9.9,0,0,0,0,0,0,1,0,0.00,0.00,0.00,0.00,0.00,Matches,c9817014
2652,Lesley Ugochukwu,fr FRA,MF,Burnley,eng Premier League,21,2004,35,27,2336,26.0,3,1,4,3,0,0,3,1,0.12,0.04,0.15,0.12,0.15,Matches,1df4a109
2653,Filip Ugrinic,ch SUI,MF,Valencia,es La Liga,26,1999,27,17,1504,16.7,0,3,3,0,0,0,3,0,0.00,0.18,0.18,0.00,0.18,Matches,8d4baac4
2654,Lukas Ullrich,de GER,DFMF,Gladbach,de Bundesliga,21,2004,23,14,1305,14.5,0,0,0,0,0,0,2,0,0.00,0.00,0.00,0.00,0.00,Matches,d646c218
2655,Sven Ulreich,de GER,GK,Bayern Munich,de Bundesliga,36,1988,1,1,90,1.0,0,0,0,0,0,0,1,0,0.00,0.00,0.00,0.00,0.00,Matches,7d3e7da6
2656,Enes Ünal,tr TUR,FW,Bournemouth,eng Premier League,28,1997,23,0,232,2.6,1,0,1,1,0,0,1,0,0.39,0.00,0.39,0.39,0.39,Matches,f8eca1b6
2657,Deniz Undav,de GER,FWMF,Stuttgart,de Bundesliga,29,1996,29,25,2241,24.9,19,7,26,19,0,1,5,0,0.76,0.28,1.04,0.76,1.04,Matches,dd549382
2658,Dayot Upamecano,fr FRA,DF,Bayern Munich,de Bundesliga,26,1998,24,21,1794,19.9,1,1,2,1,0,0,4,0,0.05,0.05,0.10,0.05,0.10,Matches,d248cd8f
2659,Jan Urbich,de GER,DF,Gladbach,de Bundesliga,21,2004,3,0,39,0.4,0,0,0,0,0,0,0,0,0.00,0.00,0.00,0.00,0.00,Matches,c00d2d07
2660,Jonas Urbig,de GER,GK,Bayern Munich,de Bundesliga,21,2003,14,11,1111,12.3,0,0,0,0,0,0,0,0,0.00,0.00,0.00,0.00,0.00,Matches,925bbcdc
2661,Can Uzun,tr TUR,MF,Frankfurt,de Bundesliga,19,2005,21,15,1156,12.8,8,4,12,7,1,1,3,0,0.62,0.31,0.93,0.54,0.86,Matches,1d0b134a
2662,Josha Vagnoman,de GER,DFMF,Stuttgart,de Bundesliga,24,2000,27,18,1587,17.6,1,3,4,1,0,0,3,0,0.06,0.17,0.23,0.06,0.23,Matches,fb377d11
2663,Victor Valdepeñas,es ESP,DF,Real Madrid,es La Liga,18,2006,1,1,77,0.9,0,0,0,0,0,0,0,0,0.00,0.00,0.00,0.00,0.00,Matches,ad15a64d
2664,Hákon Valdimarsson,is ISL,GK,Brentford,eng Premier League,23,2001,1,1,90,1.0,0,0,0,0,0,0,0,0,0.00,0.00,0.00,0.00,0.00,Matches,57a34cf4
2665,Lautaro Valenti,ar ARG,DF,Parma,it Serie A,26,1999,27,25,2252,25.0,0,0,0,0,0,0,7,0,0.00,0.00,0.00,0.00,0.00,Matches,55db5c36
2666,Óscar Valentín,es ESP,MF,Rayo Vallecano,es La Liga,30,1994,33,26,2108,23.4,1,0,1,1,0,0,3,1,0.04,0.00,0.04,0.04,0.04,Matches,592f3158
2667,Nicolás Valentini,ar ARG,DF,Hellas Verona,it Serie A,24,2001,21,15,1409,15.7,0,0,0,0,0,0,8,1,0.00,0.00,0.00,0.00,0.00,Matches,a43e4f9c
2668,Germán Valera,es ESP,MFDF,Elche,es La Liga,23,2002,36,33,2857,31.7,4,5,9,4,0,0,5,1,0.13,0.16,0.28,0.13,0.28,Matches,84f55b4a
2669,Emanuele Valeri,it ITA,MFDF,Parma,it Serie A,26,1998,34,29,2643,29.4,0,2,2,0,0,0,2,0,0.00,0.07,0.07,0.00,0.07,Matches,ec52b661
2670,Martin Valjent,sk SVK,DF,Mallorca,es La Liga,29,1995,37,37,3308,36.8,0,0,0,0,0,0,6,0,0.00,0.00,0.00,0.00,0.00,Matches,f2c6ac01
2671,Álex Valle,es ESP,DF,Como,it Serie A,21,2004,28,23,2026,22.5,1,4,5,1,0,0,3,0,0.04,0.18,0.22,0.04,0.22,Matches,97022551
2672,Álvaro Vallés,es ESP,GK,Real Betis,es La Liga,28,1997,28,28,2520,28.0,0,0,0,0,0,0,1,0,0.00,0.00,0.00,0.00,0.00,Matches,0166a73e
2673,Federico Valverde,uy URU,MFDF,Real Madrid,es La Liga,27,1998,33,31,2740,30.4,5,8,13,5,0,0,3,1,0.16,0.26,0.43,0.16,0.43,Matches,0959c2a2
2674,Ignace Van Der Brempt,be BEL,DF,Como,it Serie A,23,2002,20,11,931,10.3,0,1,1,0,0,0,2,0,0.00,0.10,0.10,0.00,0.10,Matches,2bf50b37
2675,Virgil van Dijk,nl NED,DF,Liverpool,eng Premier League,34,1991,38,38,3420,38.0,6,0,6,6,0,0,4,0,0.16,0.00,0.16,0.16,0.16,Matches,e06683ca
2676,Vladyslav Vanat,ua UKR,FW,Girona,es La Liga,23,2002,27,27,1942,21.6,9,1,10,6,3,3,4,0,0.42,0.05,0.46,0.28,0.32,Matches,7287ea6b
2677,Jari Vandeputte,be BEL,MF,Cremonese,it Serie A,29,1996,32,23,1944,21.6,1,5,6,1,0,0,3,0,0.05,0.23,0.28,0.05,0.28,Matches,68e75bf4
2678,Vanderson,br BRA,DFMF,Monaco,fr Ligue 1,24,2001,14,7,616,6.8,0,2,2,0,0,0,4,0,0.00,0.29,0.29,0.00,0.29,Matches,ee45fd85
2679,Maarten Vandevoordt,be BEL,GK,RB Leipzig,de Bundesliga,23,2002,12,11,1052,11.7,0,0,0,0,0,0,0,0,0.00,0.00,0.00,0.00,0.00,Matches,f9e0c603
2680,Charles Vanhoutte,be BEL,MF,Nice,fr Ligue 1,26,1998,26,21,1772,19.7,0,2,2,0,0,0,7,0,0.00,0.10,0.10,0.00,0.10,Matches,a1507cc7
2681,Jamie Vardy,eng ENG,FW,Cremonese,it Serie A,38,1987,29,24,2105,23.4,7,2,9,7,0,0,5,0,0.30,0.09,0.38,0.30,0.38,Matches,45963054
2682,Obed Vargas,mx MEX,MF,Atlético Madrid,es La Liga,19,2005,12,8,740,8.2,0,1,1,0,0,0,2,0,0.00,0.12,0.12,0.00,0.12,Matches,9cc1fde4
2683,Ruben Vargas,ch SUI,MFFW,Sevilla,es La Liga,26,1998,24,20,1594,17.7,3,6,9,2,1,1,2,0,0.17,0.34,0.51,0.11,0.45,Matches,6ecbddf6
2684,Nikola Vasilj,ba BIH,GK,St Pauli,de Bundesliga,29,1995,34,34,3060,34.0,0,0,0,0,0,0,0,0,0.00,0.00,0.00,0.00,0.00,Matches,f038585f
2685,Johan Vásquez,mx MEX,DF,Genoa,it Serie A,26,1998,36,36,3215,35.7,1,0,1,1,0,0,2,0,0.03,0.00,0.03,0.03,0.03,Matches,5eaed77a
2686,Dominic Vavassori,it ITA,FW,Atalanta,it Serie A,19,2005,1,0,10,0.1,0,0,0,0,0,0,0,0,0.00,0.00,0.00,0.00,0.00,Matches,0f0a74d0
2687,Denis Vavro,sk SVK,DF,Wolfsburg,de Bundesliga,29,1996,17,13,1176,13.1,1,0,1,1,0,0,2,0,0.08,0.00,0.08,0.08,0.08,Matches,08990838
2688,José Luis García Vayá,es ESP,MFDF,Valencia,es La Liga,26,1998,31,26,2225,24.7,2,0,2,1,1,3,4,0,0.08,0.00,0.08,0.04,0.04,Matches,27dc1378
2689,Robinio Vaz,fr FRA,FW,Marseille,fr Ligue 1,18,2007,14,3,379,4.2,4,2,6,4,0,0,2,0,0.95,0.47,1.42,0.95,1.42,Matches,74fb9321
2690,Robinio Vaz,fr FRA,FW,Roma,it Serie A,18,2007,12,0,216,2.4,1,0,1,1,0,0,0,0,0.42,0.00,0.42,0.42,0.42,Matches,74fb9321
2691,Franco Vázquez,ar ARG,FWMF,Cremonese,it Serie A,36,1989,15,4,524,5.8,1,1,2,1,0,0,1,0,0.17,0.17,0.34,0.17,0.34,Matches,467bae22
2692,Jesus Vazquez,es ESP,DFMF,Valencia,es La Liga,22,2003,24,7,974,10.8,0,0,0,0,0,0,2,0,0.00,0.00,0.00,0.00,0.00,Matches,106c142c
2693,Lucas Vázquez,es ESP,MF,Leverkusen,de Bundesliga,34,1991,12,6,481,5.3,1,2,3,1,0,0,2,0,0.19,0.37,0.56,0.19,0.56,Matches,fd51b456
2694,Luis Vázquez,ar ARG,FW,Getafe,es La Liga,24,2001,17,14,1194,13.3,3,1,4,3,0,0,2,0,0.23,0.08,0.30,0.23,0.30,Matches,22810a82
2695,Matías Vecino,uy URU,MF,Lazio,it Serie A,33,1991,13,5,603,6.7,0,1,1,0,0,0,1,0,0.00,0.15,0.15,0.00,0.15,Matches,44ac04e9
2696,Matías Vecino,uy URU,MF,Celta Vigo,es La Liga,33,1991,6,2,135,1.5,0,0,0,0,0,0,0,0,0.00,0.00,0.00,0.00,0.00,Matches,44ac04e9
2697,Danilo Veiga,pt POR,DF,Lecce,it Serie A,22,2002,36,33,3020,33.6,0,1,1,0,0,0,9,0,0.00,0.03,0.03,0.00,0.03,Matches,cc094532
2698,Renato Veiga,pt POR,DF,Villarreal,es La Liga,22,2003,32,27,2481,27.6,0,0,0,0,0,0,5,1,0.00,0.00,0.00,0.00,0.00,Matches,fc8fcbd1
2699,Joël Veltman,nl NED,DF,Brighton,eng Premier League,33,1992,24,9,1058,11.8,1,0,1,1,0,0,5,0,0.09,0.00,0.09,0.09,0.09,Matches,dad4b285
2700,Micky van de Ven,nl NED,DF,Tottenham,eng Premier League,24,2001,35,35,3041,33.8,4,1,5,4,0,0,9,1,0.12,0.03,0.15,0.12,0.15,Matches,8fe2a392
2701,Unai Vencedor Paris,es ESP,MF,Levante,es La Liga,24,2000,16,11,812,9.0,0,0,0,0,0,0,3,1,0.00,0.00,0.00,0.00,0.00,Matches,4112ace5
2702,Lorenzo Venturino,it ITA,FW,Genoa,it Serie A,19,2006,2,0,40,0.4,0,0,0,0,0,0,0,0,0.00,0.00,0.00,0.00,0.00,Matches,a5049464
2703,Lorenzo Venturino,it ITA,MF,Roma,it Serie A,19,2006,10,1,207,2.3,0,0,0,0,0,0,0,0,0.00,0.00,0.00,0.00,0.00,Matches,a5049464
2704,Nikolas Veratschnig,at AUT,MFDF,Mainz 05,de Bundesliga,22,2003,21,6,660,7.3,0,1,1,0,0,0,3,0,0.00,0.14,0.14,0.00,0.14,Matches,13496b77
2705,Bart Verbruggen,nl NED,GK,Brighton,eng Premier League,22,2002,38,38,3420,38.0,0,0,0,0,0,0,3,0,0.00,0.00,0.00,0.00,0.00,Matches,cf134113
2706,Calvin Verdonk,id IDN,DF,Lille,fr Ligue 1,28,1997,18,7,790,8.8,0,0,0,0,0,0,3,1,0.00,0.00,0.00,0.00,0.00,Matches,bf2b4026
2707,Antonio Vergara,it ITA,MF,Napoli,it Serie A,22,2003,12,8,612,6.8,1,2,3,1,0,0,2,0,0.15,0.29,0.44,0.15,0.44,Matches,848c17ed
2708,Arthur Vermeeren,be BEL,MF,Marseille,fr Ligue 1,20,2005,20,10,828,9.2,0,1,1,0,0,0,1,1,0.00,0.11,0.11,0.00,0.11,Matches,722494dc
2709,Ioan Vermeșan,ro ROU,FW,Hellas Verona,it Serie A,18,2006,6,0,80,0.9,0,0,0,0,0,0,0,0,0.00,0.00,0.00,0.00,0.00,Matches,29757eac
2710,Jozhua Vertrouwd,nl NED,DF,Rayo Vallecano,es La Liga,20,2004,9,3,446,5.0,0,0,0,0,0,0,0,0,0.00,0.00,0.00,0.00,0.00,Matches,885b845e
2711,Mikel Vesga,es ESP,MF,Athletic Club,es La Liga,32,1993,23,1,465,5.2,0,0,0,0,0,0,0,0,0.00,0.00,0.00,0.00,0.00,Matches,b0fce72c
2712,Guglielmo Vicario,it ITA,GK,Tottenham,eng Premier League,28,1996,31,31,2790,31.0,0,0,0,0,0,0,1,0,0.00,0.00,0.00,0.00,0.00,Matches,77d6fd4d
2713,Carlos Vicente,es ESP,MF,Alavés,es La Liga,26,1999,21,11,1258,14.0,5,0,5,2,3,3,1,0,0.36,0.00,0.36,0.14,0.14,Matches,90df343e
2714,Nacho Vidal,es ESP,DF,Oviedo,es La Liga,30,1995,29,27,2263,25.1,0,0,0,0,0,0,4,0,0.00,0.00,0.00,0.00,0.00,Matches,3a9c4b7b
2715,Fabio Vieira,pt POR,MFFW,Hamburger SV,de Bundesliga,25,2000,29,25,2206,24.5,7,5,12,6,1,1,4,2,0.29,0.20,0.49,0.24,0.45,Matches,6412cc03
2716,Julián Vignolo,ar ARG,MF,Toulouse,fr Ligue 1,18,2006,13,1,195,2.2,2,0,2,2,0,0,0,0,0.92,0.00,0.92,0.92,0.92,Matches,93226c86
2717,Gonzalo Villar,es ESP,MF,Elche,es La Liga,27,1998,12,8,718,8.0,1,0,1,1,0,0,3,0,0.13,0.00,0.13,0.13,0.13,Matches,bdc74a8f
2718,Federico Viñas,uy URU,FWMF,Oviedo,es La Liga,27,1998,33,28,2439,27.1,9,1,10,7,2,2,7,3,0.33,0.04,0.37,0.26,0.30,Matches,d30c7094
2719,Jan Virgili,es ESP,MFFW,Mallorca,es La Liga,19,2006,31,19,1792,19.9,2,4,6,2,0,0,0,1,0.10,0.20,0.30,0.10,0.30,Matches,fbde78a4
2720,Mattia Viti,it ITA,MFDF,Fiorentina,it Serie A,23,2002,10,2,265,2.9,0,0,0,0,0,0,3,1,0.00,0.00,0.00,0.00,0.00,Matches,75438a9a
2721,Martin Vitík,cz CZE,DF,Bologna,it Serie A,22,2003,19,14,1325,14.7,0,0,0,0,0,0,3,0,0.00,0.00,0.00,0.00,0.00,Matches,b6b6bfc4
2722,Vitinha,pt POR,MF,PSG,fr Ligue 1,25,2000,29,24,2119,23.5,1,7,8,1,0,0,2,0,0.04,0.30,0.34,0.04,0.34,Matches,3b029691
2723,Vitinha,pt POR,FWMF,Genoa,it Serie A,25,2000,35,28,2226,24.7,5,1,6,5,0,0,5,0,0.20,0.04,0.24,0.20,0.24,Matches,74d4cec6
2724,Daniel Vivian,es ESP,DF,Athletic Club,es La Liga,26,1999,31,28,2564,28.5,1,0,1,1,0,0,8,1,0.04,0.00,0.04,0.04,0.04,Matches,ab7bf91d
2725,Odysseas Vlachodimos,gr GRE,GK,Sevilla,es La Liga,31,1994,33,33,2970,33.0,0,0,0,0,0,0,1,0,0.00,0.00,0.00,0.00,0.00,Matches,03df04ff
2726,Dušan Vlahović,rs SRB,FW,Juventus,it Serie A,25,2000,19,11,968,10.8,7,1,8,6,1,1,0,0,0.65,0.09,0.74,0.56,0.65,Matches,79443529
2727,Nikola Vlašić,hr CRO,MFFW,Torino,it Serie A,27,1997,37,36,3043,33.8,8,3,11,3,5,5,7,0,0.24,0.09,0.33,0.09,0.18,Matches,aa8e289e
2728,Mërgim Vojvoda,xk KVX,MFDF,Como,it Serie A,30,1995,30,19,1591,17.7,2,2,4,2,0,0,2,0,0.11,0.11,0.23,0.11,0.23,Matches,be2706c0
2729,Cristian Volpato,au AUS,FW,Sassuolo,it Serie A,21,2003,24,11,1064,11.8,2,4,6,2,0,0,4,0,0.17,0.34,0.51,0.17,0.51,Matches,72f87f25
2730,Alexis Vossah,fr FRA,MF,Toulouse,fr Ligue 1,17,2008,23,12,1092,12.1,1,1,2,1,0,0,5,1,0.08,0.08,0.16,0.08,0.16,Matches,70c9a61a
2731,Aster Vranckx,be BEL,MF,Sassuolo,it Serie A,22,2002,16,9,690,7.7,0,0,0,0,0,0,2,0,0.00,0.00,0.00,0.00,0.00,Matches,f86cd5df
2732,Stefan de Vrij,nl NED,DF,Inter,it Serie A,33,1992,11,8,670,7.4,0,0,0,0,0,0,1,0,0.00,0.00,0.00,0.00,0.00,Matches,d0d8dd44
2733,İsak Vural,tr TUR,MF,Pisa,it Serie A,19,2006,15,9,752,8.4,0,0,0,0,0,0,4,0,0.00,0.00,0.00,0.00,0.00,Matches,c7d1b2ff
2734,Luka Vušković,hr CRO,DF,Hamburger SV,de Bundesliga,18,2007,28,27,2442,27.1,6,0,6,5,1,1,6,0,0.22,0.00,0.22,0.18,0.18,Matches,fd6bdbce
2735,Yannik Wagner,de GER,FW,Heidenheim,de Bundesliga,18,2007,4,0,49,0.5,0,0,0,0,0,0,0,0,0.00,0.00,0.00,0.00,0.00,Matches,4439fe7d
2736,Elye Wahi,ci CIV,FW,Nice,fr Ligue 1,22,2003,14,11,922,10.2,5,1,6,4,1,1,5,0,0.49,0.10,0.59,0.39,0.49,Matches,0d7b6576
2737,Elye Wahi,ci CIV,FW,Frankfurt,de Bundesliga,22,2003,10,3,324,3.6,0,1,1,0,0,0,1,0,0.00,0.28,0.28,0.00,0.28,Matches,0d7b6576
2738,Hauke Wahl,de GER,DF,St Pauli,de Bundesliga,31,1994,30,29,2592,28.8,2,1,3,2,0,0,1,0,0.07,0.03,0.10,0.07,0.10,Matches,f3db5b34
2739,Luca Waldschmidt,de GER,FWMF,Köln,de Bundesliga,29,1996,24,7,677,7.5,5,4,9,3,2,2,1,0,0.66,0.53,1.20,0.40,0.93,Matches,e5a35ae9
2740,Kyle Walker,eng ENG,DFMF,Burnley,eng Premier League,35,1990,36,35,3096,34.4,0,2,2,0,0,0,9,0,0.00,0.06,0.06,0.00,0.06,Matches,86dd77d1
2741,Kyle Walker-Peters,eng ENG,DF,West Ham,eng Premier League,28,1997,23,15,1383,15.4,1,0,1,1,0,0,2,0,0.07,0.00,0.07,0.07,0.07,Matches,984a5a64
2742,Sebastian Walukiewicz,pl POL,DF,Sassuolo,it Serie A,25,2000,34,33,2852,31.7,0,1,1,0,0,0,7,0,0.00,0.03,0.03,0.00,0.03,Matches,217875a4
2743,Aaron Wan-Bissaka,cd COD,DFMF,West Ham,eng Premier League,27,1997,25,23,2081,23.1,0,2,2,0,0,0,4,0,0.00,0.09,0.09,0.00,0.09,Matches,9e525177
2744,James Ward-Prowse,eng ENG,MF,West Ham,eng Premier League,30,1994,5,5,413,4.6,0,0,0,0,0,0,0,0,0.00,0.00,0.00,0.00,0.00,Matches,3515d404
2745,James Ward-Prowse,eng ENG,MF,Burnley,eng Premier League,30,1994,13,7,684,7.6,0,1,1,0,0,0,1,0,0.00,0.13,0.13,0.00,0.13,Matches,3515d404
2746,Ollie Watkins,eng ENG,FW,Aston Villa,eng Premier League,29,1995,37,33,2839,31.5,16,3,19,16,0,0,4,0,0.51,0.10,0.60,0.51,0.60,Matches,aed3a70f
2747,Tom Watson,eng ENG,MF,Brighton,eng Premier League,19,2006,6,0,62,0.7,0,0,0,0,0,0,1,0,0.00,0.00,0.00,0.00,0.00,Matches,9886c32e
2748,Timothy Weah,us USA,MFDF,Marseille,fr Ligue 1,25,2000,29,26,2253,25.0,2,2,4,2,0,0,5,0,0.08,0.08,0.16,0.08,0.16,Matches,8eec784d
2749,Tobias Weigel,de GER,FW,Heidenheim,de Bundesliga,18,2007,1,0,2,0.0,0,0,0,0,0,0,0,0,0.00,0.00,0.00,0.00,0.00,Matches,a2be5df4
2750,Nelson Weiper,de GER,FW,Mainz 05,de Bundesliga,20,2005,24,3,558,6.2,0,0,0,0,0,0,1,0,0.00,0.00,0.00,0.00,0.00,Matches,231c67ff
2751,Max Weiß,de GER,GK,Burnley,eng Premier League,21,2004,3,3,270,3.0,0,0,0,0,0,0,0,0,0.00,0.00,0.00,0.00,0.00,Matches,882228c2
2752,Danny Welbeck,eng ENG,FW,Brighton,eng Premier League,34,1990,37,26,2258,25.1,13,1,14,12,1,3,5,0,0.52,0.04,0.56,0.48,0.52,Matches,ce5143da
2753,Timo Werner,de GER,FWMF,RB Leipzig,de Bundesliga,29,1996,3,0,14,0.2,0,0,0,0,0,0,0,0,0.00,0.00,0.00,0.00,0.00,Matches,49fe9070
2754,Wesley,br BRA,MF,Real Sociedad,es La Liga,20,2005,5,1,88,1.0,0,0,0,0,0,0,0,0,0.00,0.00,0.00,0.00,0.00,Matches,acf5672b
2755,Wesley,br BRA,MF,Roma,it Serie A,21,2003,30,28,2448,27.2,5,0,5,5,0,0,7,2,0.18,0.00,0.18,0.18,0.18,Matches,f2c49c79
2756,Adam Wharton,eng ENG,MF,Crystal Palace,eng Premier League,21,2004,34,29,2552,28.4,1,5,6,1,0,0,6,1,0.04,0.18,0.21,0.04,0.21,Matches,4b542852
2757,Ben White,eng ENG,DF,Arsenal,eng Premier League,27,1997,12,9,702,7.8,0,1,1,0,0,0,0,0,0.00,0.13,0.13,0.00,0.13,Matches,35e413f1
2758,Silvan Widmer,ch SUI,MF,Mainz 05,de Bundesliga,32,1993,27,22,1810,20.1,2,1,3,2,0,0,5,0,0.10,0.05,0.15,0.10,0.15,Matches,f68b64fc
2759,Mats Wieffer,nl NED,DF,Brighton,eng Premier League,25,1999,26,23,1903,21.1,2,3,5,2,0,0,8,0,0.09,0.14,0.24,0.09,0.24,Matches,4876c9ab
2760,Iñaki Williams,gh GHA,MFFW,Athletic Club,es La Liga,31,1994,30,25,2157,24.0,3,6,9,2,1,1,2,0,0.13,0.25,0.38,0.08,0.33,Matches,6a99e0b1
2761,Neco Williams,wls WAL,DF,Nottingham,eng Premier League,24,2001,37,36,3204,35.6,2,3,5,2,0,0,6,1,0.06,0.08,0.14,0.06,0.14,Matches,dd323728
2762,Nico Williams,es ESP,MF,Athletic Club,es La Liga,23,2002,25,20,1674,18.6,6,3,9,5,1,2,2,0,0.32,0.16,0.48,0.27,0.43,Matches,afdc14d7
2763,Estêvão Willian,br BRA,MF,Chelsea,eng Premier League,18,2007,22,12,848,9.4,2,2,4,2,0,0,4,0,0.21,0.21,0.42,0.21,0.42,Matches,2eda11b1
2764,Joe Willock,eng ENG,MF,Newcastle,eng Premier League,25,1999,24,10,983,10.9,0,2,2,0,0,0,3,0,0.00,0.18,0.18,0.00,0.18,Matches,a3b03921
2765,Callum Wilson,eng ENG,FW,West Ham,eng Premier League,33,1992,32,11,1251,13.9,7,1,8,7,0,0,1,0,0.50,0.07,0.58,0.50,0.58,Matches,c596fcb0
2766,Harry Wilson,wls WAL,MF,Fulham,eng Premier League,28,1997,36,32,2673,29.7,10,7,17,10,0,0,7,0,0.34,0.24,0.57,0.34,0.57,Matches,c6dc9ecd
2767,Patrick Wimmer,at AUT,MF,Wolfsburg,de Bundesliga,24,2001,25,21,1621,18.0,4,3,7,4,0,0,4,0,0.22,0.17,0.39,0.22,0.39,Matches,cb11b429
2768,Jonas Wind,dk DEN,FW,Wolfsburg,de Bundesliga,26,1999,11,5,481,5.3,1,0,1,1,0,0,1,0,0.19,0.00,0.19,0.19,0.19,Matches,2077ae86
2769,Ben Winterburn,eng ENG,MF,Bournemouth,eng Premier League,20,2004,1,0,7,0.1,0,0,0,0,0,0,0,0,0.00,0.00,0.00,0.00,0.00,Matches,ba31eee2
2770,Florian Wirtz,de GER,MF,Liverpool,eng Premier League,22,2003,33,27,2378,26.4,5,3,8,5,0,0,1,0,0.19,0.11,0.30,0.19,0.30,Matches,e7fcf289
2771,Yoane Wissa,cd COD,FW,Newcastle,eng Premier League,28,1996,19,4,531,5.9,1,1,2,1,0,0,3,0,0.17,0.17,0.34,0.17,0.34,Matches,2500cef9
2772,Axel Witsel,be BEL,MF,Girona,es La Liga,36,1989,32,30,2526,28.1,1,2,3,1,0,0,2,1,0.04,0.07,0.11,0.04,0.11,Matches,5dfc6ad5
2773,Maximilian Wöber,at AUT,DF,Werder Bremen,de Bundesliga,27,1998,2,0,37,0.4,0,0,0,0,0,0,0,0,0.00,0.00,0.00,0.00,0.00,Matches,4b803b3c
2774,Marius Wolf,de GER,MF,Augsburg,de Bundesliga,30,1995,29,12,1019,11.3,1,1,2,1,0,0,4,0,0.09,0.09,0.18,0.09,0.18,Matches,fa661778
2775,Nick Woltemade,de GER,MF,Stuttgart,de Bundesliga,23,2002,1,1,90,1.0,0,0,0,0,0,0,0,0,0.00,0.00,0.00,0.00,0.00,Matches,7ca196eb
2776,Nick Woltemade,de GER,FWMF,Newcastle,eng Premier League,23,2002,33,24,1902,21.1,8,3,11,7,1,1,0,0,0.38,0.14,0.52,0.33,0.47,Matches,7ca196eb
2777,Jeong Woo-yeong,kr KOR,MFFW,Union Berlin,de Bundesliga,25,1999,28,13,1197,13.3,4,1,5,4,0,0,0,0,0.30,0.08,0.38,0.30,0.38,Matches,6190474d
2778,Chris Wood,nz NZL,FW,Nottingham,eng Premier League,33,1991,15,11,901,10.0,3,0,3,3,0,0,0,0,0.30,0.00,0.30,0.30,0.30,Matches,4e9a0555
2779,Freddie Woodman,eng ENG,GK,Liverpool,eng Premier League,28,1997,3,2,213,2.4,0,0,0,0,0,0,0,0,0.00,0.00,0.00,0.00,0.00,Matches,19e50035
2780,Christopher Wooh,cm CMR,DF,Rennes,fr Ligue 1,23,2001,2,1,64,0.7,0,0,0,0,0,0,0,1,0.00,0.00,0.00,0.00,0.00,Matches,b003239d
2781,Joe Worrall,eng ENG,DF,Burnley,eng Premier League,28,1997,11,5,500,5.6,0,0,0,0,0,0,0,0,0.00,0.00,0.00,0.00,0.00,Matches,a5212312
2782,Daniel Xavier Semedo,fr FRA,MF,Lorient,fr Ligue 1,21,2003,1,0,11,0.1,0,0,0,0,0,0,0,0,0.00,0.00,0.00,0.00,0.00,Matches,d1c92f94
2783,Granit Xhaka,ch SUI,MF,Sunderland,eng Premier League,32,1992,34,32,2904,32.3,1,6,7,1,0,0,8,0,0.03,0.19,0.22,0.03,0.22,Matches,e61b8aee
2784,Lamine Yamal,es ESP,MFFW,Barcelona,es La Liga,18,2007,28,26,2262,25.1,16,11,27,13,3,4,1,0,0.64,0.44,1.07,0.52,0.95,Matches,82ec26c1
2785,Daniel Yáñez,es ESP,MF,Real Madrid,es La Liga,18,2007,2,0,47,0.5,0,1,1,0,0,0,0,0,0.00,1.91,1.91,0.00,1.91,Matches,79310b33
2786,Roman Yaremchuk,ua UKR,FW,Lyon,fr Ligue 1,29,1995,11,5,561,6.2,4,1,5,4,0,0,1,0,0.64,0.16,0.80,0.64,0.80,Matches,cb641b9d
2787,Yehor Yarmoliuk,ua UKR,MF,Brentford,eng Premier League,21,2004,37,30,2659,29.5,1,2,3,1,0,0,7,0,0.03,0.07,0.10,0.03,0.10,Matches,907a5d7c
2788,Gessime Yassine,ma MAR,MF,Strasbourg,fr Ligue 1,19,2005,12,6,510,5.7,0,1,1,0,0,0,0,0,0.00,0.18,0.18,0.00,0.18,Matches,f5ccae19
2789,Ryan Yates,eng ENG,MF,Nottingham,eng Premier League,27,1997,22,2,617,6.9,0,2,2,0,0,0,3,0,0.00,0.29,0.29,0.00,0.29,Matches,c1fe2a48
2790,Terry Yegbe,gh GHA,DF,Metz,fr Ligue 1,24,2001,24,22,1963,21.8,0,1,1,0,0,0,3,0,0.00,0.05,0.05,0.00,0.05,Matches,c9829c9b
2791,Bertuğ Yıldırım,tr TUR,FW,Rennes,fr Ligue 1,23,2002,1,0,3,0.0,0,0,0,0,0,0,0,0,0.00,0.00,0.00,0.00,0.00,Matches,7410d325
2792,Kenan Yıldız,tr TUR,MFFW,Juventus,it Serie A,20,2005,36,33,2825,31.4,10,6,16,9,1,2,2,0,0.32,0.19,0.51,0.29,0.48,Matches,d8cda243
2793,Darlin Yongwa,cm CMR,DFMF,Lorient,fr Ligue 1,24,2000,23,14,1312,14.6,0,1,1,0,0,0,4,1,0.00,0.07,0.07,0.00,0.07,Matches,061266cd
2794,Leny Yoro,fr FRA,DF,Manchester Utd,eng Premier League,19,2005,32,18,1740,19.3,0,0,0,0,0,0,1,0,0.00,0.00,0.00,0.00,0.00,Matches,6763f716
2795,Ali Yousuf,ly LBY,DF,Nantes,fr Ligue 1,24,2001,13,10,969,10.8,0,0,0,0,0,0,4,0,0.00,0.00,0.00,0.00,0.00,Matches,ed66cfb0
2796,Etienne Youte Kinkoue,fr FRA,DFMF,Le Havre,fr Ligue 1,23,2002,9,4,419,4.7,0,0,0,0,0,0,2,0,0.00,0.00,0.00,0.00,0.00,Matches,12a4e38c
2797,Illia Zabarnyi,ua UKR,DF,PSG,fr Ligue 1,22,2002,28,26,2387,26.5,1,0,1,1,0,0,6,0,0.04,0.00,0.04,0.04,0.04,Matches,88968486
2798,Yassir Zabiri,ma MAR,MF,Rennes,fr Ligue 1,20,2005,6,0,48,0.5,0,0,0,0,0,0,0,0,0.00,0.00,0.00,0.00,0.00,Matches,5b17d985
2799,Mattia Zaccagni,it ITA,FW,Lazio,it Serie A,30,1995,26,26,2104,23.4,3,0,3,3,0,1,6,1,0.13,0.00,0.13,0.13,0.13,Matches,d85c238b
2800,Gioele Zacchi,it ITA,GK,Sassuolo,it Serie A,22,2003,1,0,8,0.1,0,0,0,0,0,0,0,0,0.00,0.00,0.00,0.00,0.00,Matches,8aa135ca
2801,Yvan Zaddy,ci CIV,MF,Auxerre,fr Ligue 1,19,2006,1,0,1,0.0,0,0,0,0,0,0,0,0,0.00,0.00,0.00,0.00,0.00,Matches,b02f53fb
2802,Dan-Axel Zagadou,fr FRA,DF,Stuttgart,de Bundesliga,26,1999,3,3,209,2.3,0,0,0,0,0,0,0,0,0.00,0.00,0.00,0.00,0.00,Matches,a4effc55
2803,Stephan Zagadou,fr FRA,DF,Le Havre,fr Ligue 1,16,2008,8,6,495,5.5,1,0,1,1,0,0,0,1,0.18,0.00,0.18,0.18,0.18,Matches,a888dc72
2804,Warren Zaïre-Emery,fr FRA,DFMF,PSG,fr Ligue 1,19,2006,32,27,2447,27.2,3,4,7,3,0,0,3,0,0.11,0.15,0.26,0.11,0.26,Matches,6b9960cf
2805,Denis Zakaria,ch SUI,DFMF,Monaco,fr Ligue 1,28,1996,24,23,2031,22.6,2,1,3,2,0,0,4,1,0.09,0.04,0.13,0.09,0.13,Matches,384d58d9
2806,Arsen Zakharyan,ru RUS,MF,Real Sociedad,es La Liga,22,2003,17,3,458,5.1,0,0,0,0,0,0,2,0,0.00,0.00,0.00,0.00,0.00,Matches,7f14ec2a
2807,Nicola Zalewski,pl POL,MF,Atalanta,it Serie A,23,2002,33,24,1897,21.1,2,4,6,2,0,0,3,0,0.09,0.19,0.28,0.09,0.28,Matches,45191c29
2808,Nicolò Zaniolo,it ITA,FWMF,Udinese,it Serie A,26,1999,32,28,2257,25.1,5,6,11,5,0,0,8,0,0.20,0.24,0.44,0.20,0.44,Matches,9907b1c8
2809,Alessandro Zanoli,it ITA,MF,Udinese,it Serie A,24,2000,19,16,1280,14.2,1,2,3,1,0,0,1,0,0.07,0.14,0.21,0.07,0.21,Matches,3b12b11f
2810,Duván Zapata,co COL,FW,Torino,it Serie A,34,1991,28,11,1103,12.3,3,1,4,3,0,1,0,0,0.24,0.08,0.33,0.24,0.33,Matches,d3de9af0
2811,Gabriele Zappa,it ITA,DFMF,Cagliari,it Serie A,25,1999,31,18,1597,17.7,0,3,3,0,0,0,2,0,0.00,0.17,0.17,0.00,0.17,Matches,ca3db240
2812,Davide Zappacosta,it ITA,MF,Atalanta,it Serie A,33,1992,35,30,2569,28.5,3,3,6,3,0,0,3,0,0.11,0.11,0.21,0.11,0.21,Matches,7fe90ccd
2813,Bryan Zaragoza,es ESP,MF,Roma,it Serie A,23,2001,4,2,135,1.5,0,1,1,0,0,0,1,0,0.00,0.67,0.67,0.00,0.67,Matches,a96103b2
2814,Bryan Zaragoza,es ESP,FWMF,Celta Vigo,es La Liga,23,2001,19,13,1131,12.6,1,1,2,0,1,1,1,0,0.08,0.08,0.16,0.00,0.08,Matches,a96103b2
2815,Oier Zarraga,es ESP,MF,Udinese,it Serie A,26,1999,24,2,475,5.3,0,0,0,0,0,0,2,0,0.00,0.00,0.00,0.00,0.00,Matches,968a1c2f
2816,Nils Zätterström,se SWE,DF,Genoa,it Serie A,20,2005,3,2,181,2.0,0,0,0,0,0,0,0,0,0.00,0.00,0.00,0.00,0.00,Matches,10a69a43
2817,Aaron Zehnter,de GER,DFMF,Wolfsburg,de Bundesliga,20,2004,20,17,1456,16.2,2,0,2,2,0,0,0,0,0.12,0.00,0.12,0.12,0.12,Matches,65bf7e2b
2818,Jordan Zemura,zw ZIM,MFDF,Udinese,it Serie A,25,1999,17,13,1127,12.5,0,1,1,0,0,0,3,0,0.00,0.08,0.08,0.00,0.08,Matches,e8271ad9
2819,Robin Zentner,de GER,GK,Mainz 05,de Bundesliga,30,1994,10,10,876,9.7,0,0,0,0,0,0,2,1,0.00,0.00,0.00,0.00,0.00,Matches,5c4bf6ba
2820,Alessio Zerbin,it ITA,MF,Cremonese,it Serie A,26,1999,32,17,1646,18.3,0,3,3,0,0,0,1,0,0.00,0.16,0.16,0.00,0.16,Matches,d19ef4ef
2821,Cedric Zesiger,ch SUI,DF,Augsburg,de Bundesliga,27,1998,27,20,1816,20.2,0,0,0,0,0,0,7,0,0.00,0.00,0.00,0.00,0.00,Matches,2bab583c
2822,Michael Zetterer,de GER,GK,Frankfurt,de Bundesliga,30,1995,22,21,1976,22.0,0,0,0,0,0,0,1,0,0.00,0.00,0.00,0.00,0.00,Matches,9b688ae1
2823,Edon Zhegrova,xk KVX,MF,Juventus,it Serie A,26,1999,19,0,382,4.2,0,0,0,0,0,0,1,0,0.00,0.00,0.00,0.00,0.00,Matches,34a88e3e
2824,Piotr Zieliński,pl POL,MF,Inter,it Serie A,31,1994,34,22,2045,22.7,6,3,9,5,1,1,3,0,0.26,0.13,0.40,0.22,0.35,Matches,a5296e55
2825,Oleksandr Zinchenko,ua UKR,DF,Nottingham,eng Premier League,28,1996,5,4,353,3.9,0,0,0,0,0,0,0,0,0.00,0.00,0.00,0.00,0.00,Matches,51cf8561
2826,Melvin Zinga,fr FRA,GK,Angers,fr Ligue 1,23,2002,3,2,222,2.5,0,0,0,0,0,0,0,0,0.00,0.00,0.00,0.00,0.00,Matches,1d59fe9c
2827,Jan Ziółkowski,pl POL,DF,Roma,it Serie A,20,2005,18,5,517,5.7,0,0,0,0,0,0,3,0,0.00,0.00,0.00,0.00,0.00,Matches,986dc2e3
2828,Joshua Zirkzee,nl NED,FWMF,Manchester Utd,eng Premier League,24,2001,24,5,626,7.0,2,1,3,2,0,0,3,0,0.29,0.14,0.43,0.29,0.43,Matches,028e70b9
2829,Budu Zivzivadze,ge GEO,FW,Heidenheim,de Bundesliga,31,1994,20,14,1142,12.7,6,0,6,6,0,0,2,1,0.47,0.00,0.47,0.47,0.47,Matches,e3a72b89
2830,Luck Zogbé,ci CIV,DF,Brest,fr Ligue 1,20,2005,9,3,288,3.2,0,0,0,0,0,0,0,0,0.00,0.00,0.00,0.00,0.00,Matches,3725b44f
2831,Nadir Zortea,it ITA,DF,Bologna,it Serie A,26,1999,32,16,1819,20.2,0,2,2,0,0,0,2,0,0.00,0.10,0.10,0.00,0.10,Matches,82598b71
2832,Yanis Zouaoui,dz ALG,DFMF,Le Havre,fr Ligue 1,27,1998,30,28,2338,26.0,1,1,2,0,1,1,7,0,0.04,0.04,0.08,0.00,0.04,Matches,ec724366
2833,Igor Zubeldia,es ESP,DF,Real Sociedad,es La Liga,28,1997,25,23,2082,23.1,0,1,1,0,0,0,9,0,0.00,0.04,0.04,0.00,0.04,Matches,5c7845f6
2834,Martín Zubimendi,es ESP,MF,Arsenal,eng Premier League,26,1999,38,34,2992,33.2,5,1,6,5,0,0,4,0,0.15,0.03,0.18,0.15,0.18,Matches,3ee0dd59
2835,Martin Ødegaard,no NOR,MF,Arsenal,eng Premier League,26,1998,24,16,1369,15.2,1,6,7,1,0,0,0,0,0.07,0.39,0.46,0.07,0.46,Matches,79300479
2836,Leo Østigård,no NOR,DF,Genoa,it Serie A,25,1999,30,30,2622,29.1,5,1,6,5,0,0,7,0,0.17,0.03,0.21,0.17,0.21,Matches,b35a7399
2837,Luka Đurić,rs SRB,MF,Hoffenheim,de Bundesliga,22,2003,1,0,10,0.1,0,0,0,0,0,0,0,0,0.00,0.00,0.00,0.00,0.00,Matches,cfba3330
2838,Milan Đurić,ba BIH,FW,Cremonese,it Serie A,35,1990,11,3,386,4.3,0,1,1,0,0,0,1,1,0.00,0.23,0.23,0.00,0.23,Matches,405f6586
2839,Milan Đurić,ba BIH,FW,Parma,it Serie A,35,1990,12,0,74,0.8,0,0,0,0,0,0,0,0,0.00,0.00,0.00,0.00,0.00,Matches,405f6586